dataset,station,sim,template,peak_index,peak_time_dt,peak_corr,snr_db,snr_linear,cumulative_snr_linear,cumulative_snr_db,peak_type,duration,duration_s,event_dt,matched_arrival_dt,match_delta_s
ingv,EC1,sim2,template2,1974,2022-11-15 02:33:43,0.2931928964858102,0.6057101643234024,1.0722239610867543,1.0722239610867543,0.6057101643234024,clean,,,2022-11-15 02:33:43,2022-11-15 02:43:04.593417,-561.593417
ingv,EC1,sim1,template1,1989,2022-11-15 02:33:58,0.2683788871359793,0.6032002583563355,1.0719141721485097,1.0719141721485097,0.6032002583563355,clean,,,2022-11-15 02:33:58,2022-11-15 02:43:04.593417,-546.593417
ingv,ECPN,sim2,template1,2085,2022-11-15 02:35:34,0.3304881088260181,0.5312379540451934,1.0630700862522804,1.0630700862522804,0.5312379540451934,clean,,,2022-11-15 02:35:34,2022-11-15 02:43:04.593417,-450.593417
ingv,ECPN,sim1,template1,2678,2022-11-15 03:28:27,0.2590300810857724,1.2645260784516634,1.1567148308143869,1.1567148308143869,1.2645260784516634,clean,,,2022-11-15 03:28:27,2022-11-15 03:21:26.621132,420.378868
ingv,EC1,sim4,template1,2694,2022-11-15 03:28:43,0.3505372472215939,1.1722790880680105,1.144495144171731,1.144495144171731,1.1722790880680105,clean,,,2022-11-15 03:28:43,2022-11-15 03:21:26.621132,436.378868
ingv,ECPN,sim4,template3,2900,2022-11-15 04:39:29,0.2825180936786086,1.118247255013863,1.1373977446441093,1.1373977446441093,1.118247255013863,clean,,,2022-11-15 04:39:29,2022-11-15 04:30:06.979579,562.020421
ingv,ECPN,sim1,template4,2909,2022-11-15 04:39:38,0.2032954387366203,-2.375447544535068,0.7607248842101936,0.7607248842101936,-2.375447544535068,clean,,,2022-11-15 04:39:38,2022-11-15 04:30:06.979579,571.020421
ingv,ECPN,sim1,template3,2913,2022-11-15 04:39:42,0.2376913811566072,1.1107544110086234,1.1364169966259705,1.1364169966259705,1.1107544110086234,clean,,,2022-11-15 04:39:42,2022-11-15 04:30:06.979579,575.020421
ingv,EC1,sim1,template2,4048,2022-11-15 05:33:03,0.213793022502373,0.9918172764968092,1.1209619311520829,1.1209619311520829,0.9918172764968092,clean,,,2022-11-15 05:33:03,2022-11-15 05:23:19.490474,583.509526
ingv,ECPN,sim2,template1,8900,2022-11-15 08:13:24,0.3268883741380832,-3.656258034961125,0.6564280009107334,0.6564280009107334,-3.656258034961125,clean,,,2022-11-15 08:13:24,2022-11-15 08:22:32.656174,-548.656174
ingv,EC1,sim4,template1,8976,2022-11-15 09:30:12,0.2075085037484358,-2.0639366129108505,0.7885026719868972,0.7885026719868972,-2.0639366129108505,clean,,,2022-11-15 09:30:12,2022-11-15 09:22:25.948528,466.051472
ingv,EC1,sim2,template4,9009,2022-11-15 09:30:45,0.2980844188031552,-5.032769223964948,0.560223779077149,0.560223779077149,-5.032769223964948,clean,,,2022-11-15 09:30:45,2022-11-15 09:22:25.948528,499.051472
ingv,ECPN,sim2,template3,14985,2022-11-15 13:43:57,0.3078764018871818,-2.7473582021280256,0.7288398161382629,0.7288398161382629,-2.7473582021280256,clean,,,2022-11-15 13:43:57,2022-11-15 13:53:50.711576,-593.711576
ingv,EC1,sim3,template2,15257,2022-11-15 14:02:29,0.3285321127818599,-3.5060893103787234,0.6678755340764825,0.6678755340764825,-3.5060893103787234,clean,,,2022-11-15 14:02:29,2022-11-15 13:53:50.711576,518.288424
ingv,EC1,sim1,template3,15326,2022-11-15 14:03:38,0.2885945257653545,-3.496621800275601,0.6686039068675415,0.6686039068675415,-3.496621800275601,clean,,,2022-11-15 14:03:38,2022-11-15 13:53:50.711576,587.288424
ingv,ECPN,sim2,template1,16810,2022-11-15 14:49:00,0.417332003634682,-2.3878129712746143,0.7596426697673379,0.7596426697673379,-2.3878129712746143,clean,,,2022-11-15 14:49:00,2022-11-15 14:40:07.516888,532.483112
ingv,EC1,sim2,template1,18590,2022-11-15 15:45:08,0.338808240618014,-3.987742140257837,0.6318484042233616,0.6318484042233616,-3.987742140257837,clean,,,2022-11-15 15:45:08,2022-11-15 15:55:06.828335,-598.828335
ingv,ECPN,sim3,template3,18597,2022-11-15 15:45:15,0.370465028419045,0.6104927986269137,1.072814512818122,1.072814512818122,0.6104927986269137,clean,,,2022-11-15 15:45:15,2022-11-15 15:55:06.828335,-591.828335
ingv,ECPN,sim1,template1,18666,2022-11-15 15:46:24,0.2270862459362138,0.6156185976184211,1.0734477990635671,1.0734477990635671,0.6156185976184211,clean,,,2022-11-15 15:46:24,2022-11-15 15:55:06.828335,-522.828335
ingv,ECPN,sim1,template2,18690,2022-11-15 15:46:48,0.2682908816819849,0.650056525891483,1.0777122671898856,1.0777122671898856,0.650056525891483,clean,,,2022-11-15 15:46:48,2022-11-15 15:55:06.828335,-498.828335
ingv,EC1,sim2,template1,21388,2022-11-15 18:12:30,0.3580289493517462,1.656857619079568,1.2101602426050402,1.2101602426050402,1.656857619079568,clean,,,2022-11-15 18:12:30,2022-11-15 18:21:20.278890,-530.27889
ingv,EC1,sim1,template2,21565,2022-11-15 18:29:27,0.2066043841863884,1.697128782162386,1.2157840432189846,1.2157840432189846,1.697128782162386,clean,,,2022-11-15 18:29:27,2022-11-15 18:21:20.278890,486.72111
ingv,EC1,sim3,template1,21638,2022-11-15 18:30:40,0.2402214843553807,1.6870262310933248,1.214370787839178,1.214370787839178,1.6870262310933248,clean,,,2022-11-15 18:30:40,2022-11-15 18:21:20.278890,559.72111
ingv,EC1,sim1,template4,24286,2022-11-15 19:14:48,0.2799600397127466,2.5620711245265344,1.343085177621288,1.343085177621288,2.5620711245265344,clean,,,2022-11-15 19:14:48,2022-11-15 19:24:19.109210,-571.10921
ingv,EC1,sim1,template1,24312,2022-11-15 19:15:14,0.3442125091618062,4.464184630828642,1.6718958953308631,1.6718958953308631,4.464184630828641,clean,,,2022-11-15 19:15:14,2022-11-15 19:24:19.109210,-545.10921
ingv,ECPN,sim4,template1,24663,2022-11-15 20:21:54,0.2905340772604896,0.5316144237161057,1.06311616354954,1.06311616354954,0.5316144237161057,clean,,,2022-11-15 20:21:54,2022-11-15 20:13:15.663035,518.336965
ingv,ECPN,sim4,template3,24684,2022-11-15 20:22:15,0.2488338445126174,0.5813656968587301,1.069222981712641,1.069222981712641,0.5813656968587301,clean,,,2022-11-15 20:22:15,2022-11-15 20:13:15.663035,539.336965
ingv,EC1,sim3,template3,25869,2022-11-15 20:42:00,0.2898138249721637,5.442486156426408,1.8712176611105111,1.8712176611105111,5.442486156426408,clean,,,2022-11-15 20:42:00,2022-11-15 20:51:51.616629,-591.616629
ingv,EC1,sim1,template4,25922,2022-11-15 20:42:53,0.2820759385049293,1.6912295298284488,1.214958591583754,1.214958591583754,1.6912295298284488,clean,,,2022-11-15 20:42:53,2022-11-15 20:51:51.616629,-538.616629
ingv,ECPN,sim2,template1,25929,2022-11-15 20:43:00,0.3534330896609402,0.5742973408596117,1.0683532291927669,1.0683532291927669,0.5742973408596117,clean,,,2022-11-15 20:43:00,2022-11-15 20:51:51.616629,-531.616629
ingv,EC1,sim1,template1,25938,2022-11-15 20:43:09,0.4477314835629143,5.159243154892518,1.811182268352996,1.811182268352996,5.159243154892518,clean,,,2022-11-15 20:43:09,2022-11-15 20:51:51.616629,-522.616629
ingv,EC1,sim4,template3,26012,2022-11-15 20:44:23,0.2133471124528705,4.7453685989397885,1.7269049324229508,1.7269049324229508,4.7453685989397885,clean,,,2022-11-15 20:44:23,2022-11-15 20:51:51.616629,-448.616629
ingv,ECPN,sim1,template2,26032,2022-11-15 20:44:43,0.2606565737870068,0.4351575041070918,1.0513755549186157,1.0513755549186157,0.4351575041070918,clean,,,2022-11-15 20:44:43,2022-11-15 20:51:51.616629,-428.616629
ingv,EC1,sim2,template4,26038,2022-11-15 20:44:49,0.2602287025957883,1.3682172815852354,1.1706063188605629,1.1706063188605629,1.3682172815852354,clean,,,2022-11-15 20:44:49,2022-11-15 20:51:51.616629,-422.616629
ingv,ECPN,sim2,template4,26112,2022-11-15 21:00:03,0.219184155510727,-0.3978492028867376,0.9552290902493976,0.9552290902493976,-0.3978492028867376,clean,,,2022-11-15 21:00:03,2022-11-15 20:51:51.616629,491.383371
ingv,EC1,sim3,template3,27004,2022-11-15 22:10:54,0.2351894353398708,4.280100925036541,1.6368355404038564,1.6368355404038564,4.280100925036541,clean,,,2022-11-15 22:10:54,2022-11-15 22:02:45.048402,488.951598
ingv,ECPN,sim3,template1,27011,2022-11-15 22:11:01,0.2662065612003381,-0.103821505135297,0.9881182595436812,0.9881182595436812,-0.103821505135297,clean,,,2022-11-15 22:11:01,2022-11-15 22:02:45.048402,495.951598
ingv,EC1,sim4,template1,27084,2022-11-15 22:12:14,0.3231669094942973,3.898533731140488,1.5664866084917743,1.5664866084917743,3.898533731140488,clean,,,2022-11-15 22:12:14,2022-11-15 22:02:45.048402,568.951598
ingv,ECPN,sim4,template1,27260,2022-11-15 22:15:10,0.2698663546773926,-0.1905764922627281,0.978298021889957,0.978298021889957,-0.1905764922627281,clean,,,2022-11-15 22:15:10,2022-11-15 22:24:38.790325,-568.790325
ingv,EC1,sim3,template2,27304,2022-11-15 22:15:54,0.3038095054295966,3.940497870947108,1.5740730869801458,1.5740730869801458,3.940497870947108,clean,,,2022-11-15 22:15:54,2022-11-15 22:24:38.790325,-524.790325
ingv,ECPN,sim1,template2,27560,2022-11-15 22:35:58,0.3451118484256295,0.0479759062701839,1.0055387125952222,1.0055387125952222,0.0479759062701839,clean,,,2022-11-15 22:35:58,2022-11-15 22:26:26.874535,571.125465
ingv,EC1,sim1,template4,27566,2022-11-15 22:36:04,0.2669234242130235,0.2328395062390975,1.0271691689034494,1.0271691689034494,0.2328395062390975,clean,,,2022-11-15 22:36:04,2022-11-15 22:26:26.874535,577.125465
ingv,ECPN,sim2,template1,31707,2022-11-15 23:45:05,0.2374752983245944,-2.072681092183105,0.7877092500180003,0.7877092500180003,-2.072681092183105,clean,,,2022-11-15 23:45:05,2022-11-15 23:52:33.308120,-448.30812
ingv,EC1,sim3,template4,31741,2022-11-15 23:59:39,0.206048280695256,-2.4232395186540323,0.7565506767072047,0.7565506767072047,-2.4232395186540323,clean,,,2022-11-15 23:59:39,2022-11-15 23:52:33.308120,425.69188
ingv,ECPN,sim4,template1,39856,2022-11-16 04:29:35,0.4410461786504795,-0.5253282818422974,0.9413119799016026,0.9413119799016026,-0.5253282818422974,clean,,,2022-11-16 04:29:35,2022-11-16 04:38:45.817180,-550.81718
ingv,ECPN,sim1,template1,39875,2022-11-16 04:29:54,0.2654641689792013,-0.5776406657622962,0.9356597913980956,0.9356597913980956,-0.5776406657622962,clean,,,2022-11-16 04:29:54,2022-11-16 04:38:45.817180,-531.81718
ingv,ECPN,sim2,template2,39892,2022-11-16 04:30:11,0.4022051879696027,-0.5994169750993737,0.9333169459352888,0.9333169459352888,-0.5994169750993737,clean,,,2022-11-16 04:30:11,2022-11-16 04:38:45.817180,-514.81718
ingv,EC1,sim1,template1,40020,2022-11-16 04:46:19,0.3203281593264219,0.2530815335452649,1.02956572623964,1.02956572623964,0.2530815335452649,clean,,,2022-11-16 04:46:19,2022-11-16 04:38:45.817180,453.18282
ingv,ECPN,sim4,template3,40157,2022-11-16 04:48:36,0.408623972295865,-0.2040778278731765,0.976778537958904,0.976778537958904,-0.2040778278731765,clean,,,2022-11-16 04:48:36,2022-11-16 04:38:45.817180,590.18282
ingv,ECPN,sim3,template3,48254,2022-11-16 08:27:15,0.2578717864901598,2.560037474369548,1.3427707543704532,1.3427707543704532,2.560037474369548,clean,,,2022-11-16 08:27:15,2022-11-16 08:36:40.103054,-565.103054
ingv,ECPN,sim1,template3,48326,2022-11-16 08:28:27,0.4849110712652456,2.549519219393802,1.341145698371005,1.341145698371005,2.549519219393802,clean,,,2022-11-16 08:28:27,2022-11-16 08:36:40.103054,-493.103054
ingv,ECPN,sim1,template4,48782,2022-11-16 09:07:27,0.2383711123318199,-0.5323637445659548,0.9405498375940272,0.9405498375940272,-0.5323637445659548,clean,,,2022-11-16 09:07:27,2022-11-16 08:59:05.308762,501.691238
ingv,EC1,sim2,template1,50975,2022-11-16 10:34:00,0.3259190025148746,-0.3807898592614314,0.9571070319403556,0.9571070319403556,-0.3807898592614314,clean,,,2022-11-16 10:34:00,2022-11-16 10:25:31.565911,508.434089
ingv,EC1,sim3,template3,50988,2022-11-16 10:34:13,0.2063271230799453,-0.3869569034612384,0.9564277202411192,0.9564277202411192,-0.3869569034612384,clean,,,2022-11-16 10:34:13,2022-11-16 10:25:31.565911,521.434089
ingv,ECPN,sim1,template3,50994,2022-11-16 10:34:19,0.2351723896147715,0.4770172529218794,1.05645465885605,1.05645465885605,0.4770172529218794,clean,,,2022-11-16 10:34:19,2022-11-16 10:25:31.565911,527.434089
ingv,ECPN,sim3,template4,51644,2022-11-16 10:45:09,0.2138275316388778,-1.5553109024330725,0.8360542422352962,0.8360542422352962,-1.5553109024330725,clean,,,2022-11-16 10:45:09,2022-11-16 10:54:22.335902,-553.335902
ingv,EC1,sim3,template1,51667,2022-11-16 10:45:32,0.3175007117441646,-0.6164686790962268,0.9314865021050692,0.9314865021050692,-0.6164686790962268,clean,,,2022-11-16 10:45:32,2022-11-16 10:54:22.335902,-530.335902
ingv,EC1,sim1,template3,51806,2022-11-16 11:03:57,0.3868031393244158,-0.4966631452970498,0.9444236254443936,0.9444236254443936,-0.4966631452970498,clean,,,2022-11-16 11:03:57,2022-11-16 10:56:28.366931,448.633069
ingv,ECPN,sim2,template1,51810,2022-11-16 11:04:01,0.2243392130708569,-0.2500605765670507,0.971621175336218,0.971621175336218,-0.2500605765670507,clean,,,2022-11-16 11:04:01,2022-11-16 10:56:28.366931,452.633069
ingv,ECPN,sim3,template2,51844,2022-11-16 11:04:35,0.3020551767775793,-0.3180073470953595,0.9640501635535202,0.9640501635535202,-0.3180073470953595,clean,,,2022-11-16 11:04:35,2022-11-16 10:56:28.366931,486.633069
ingv,ECPN,sim3,template3,51913,2022-11-16 11:05:44,0.3107676827594854,-0.4407267480477301,0.950525259917558,0.950525259917558,-0.4407267480477301,clean,,,2022-11-16 11:05:44,2022-11-16 10:56:28.366931,555.633069
ingv,ECPN,sim2,template2,53245,2022-11-16 11:47:56,0.2259606936538107,-2.434231099120235,0.7555939032906551,0.7555939032906551,-2.434231099120235,clean,,,2022-11-16 11:47:56,2022-11-16 11:56:01.649633,-485.649633
ingv,EC1,sim2,template2,53286,2022-11-16 11:48:37,0.3190650440518385,-2.4922134904242856,0.750566757188128,0.750566757188128,-2.4922134904242856,clean,,,2022-11-16 11:48:37,2022-11-16 11:56:01.649633,-444.649633
ingv,EC1,sim1,template3,61849,2022-11-16 16:39:34,0.3007587457950004,-1.4448717126961172,0.8467523573020319,0.8467523573020319,-1.4448717126961172,clean,,,2022-11-16 16:39:34,2022-11-16 16:30:20.777046,553.222954
ingv,ECPN,sim4,template3,66461,2022-11-16 19:00:27,0.2686526320046638,1.30922348276997,1.162682602706761,1.162682602706761,1.30922348276997,clean,,,2022-11-16 19:00:27,2022-11-16 18:52:11.958534,495.041466
ingv,EC1,sim3,template1,72523,2022-11-16 21:28:19,0.3860238655240753,-0.3306758584045352,0.9626451056091488,0.9626451056091488,-0.3306758584045352,clean,,,2022-11-16 21:28:19,2022-11-16 21:20:51.580272,447.419728
ingv,ECPN,sim4,template3,73575,2022-11-16 22:15:51,0.249358915895057,-0.0309385920986579,0.9964443991242896,0.9964443991242896,-0.0309385920986579,clean,,,2022-11-16 22:15:51,2022-11-16 22:08:23.148833,447.851167
ingv,ECPN,sim2,template1,75945,2022-11-16 22:55:21,0.4736551626092138,0.6628695162847171,1.0793032276414436,1.0793032276414436,0.6628695162847171,clean,,,2022-11-16 22:55:21,2022-11-16 23:02:51.286930,-450.28693
ingv,EC1,sim1,template2,75983,2022-11-16 23:32:00,0.2778757327521972,-0.0527249756377155,0.9939481992177012,0.9939481992177012,-0.0527249756377155,clean,,,2022-11-16 23:32:00,2022-11-16 23:24:52.582976,427.417024
ingv,EC1,sim2,template2,76020,2022-11-16 23:32:37,0.2940073582592575,-0.1038442203612347,0.9881156754330024,0.9881156754330024,-0.1038442203612347,clean,,,2022-11-16 23:32:37,2022-11-16 23:24:52.582976,464.417024
ingv,EC1,sim1,template3,76065,2022-11-16 23:33:22,0.2295738838204934,-0.1067605412169499,0.9877839674834764,0.9877839674834764,-0.1067605412169499,clean,,,2022-11-16 23:33:22,2022-11-16 23:24:52.582976,509.417024
ingv,ECPN,sim1,template1,76239,2022-11-16 23:51:55,0.3180575608435108,0.8716138946724593,1.105555869756349,1.105555869756349,0.8716138946724593,clean,,,2022-11-16 23:51:55,2022-11-16 23:44:36.742320,438.25768
ingv,EC1,sim2,template4,76253,2022-11-16 23:52:09,0.2668048064938292,-0.7471577336364292,0.9175761428823322,0.9175761428823322,-0.7471577336364292,clean,,,2022-11-16 23:52:09,2022-11-16 23:44:36.742320,452.25768
ingv,ECPN,sim3,template3,76347,2022-11-16 23:53:43,0.255240546491553,0.9918199779229624,1.1209622797860714,1.1209622797860714,0.9918199779229624,clean,,,2022-11-16 23:53:43,2022-11-16 23:44:36.742320,546.25768
ingv,ECPN,sim2,template3,76693,2022-11-17 00:19:29,0.3520590661066229,0.8826887333489639,1.1069663944605406,1.1069663944605406,0.8826887333489639,clean,,,2022-11-17 00:19:29,2022-11-17 00:29:07.481479,-578.481479
ingv,ECPN,sim4,template3,76819,2022-11-17 00:21:35,0.2663169387931323,0.8210696528533545,1.099141188506452,1.099141188506452,0.8210696528533545,clean,,,2022-11-17 00:21:35,2022-11-17 00:29:07.481479,-452.481479
ingv,EC1,sim4,template1,78122,2022-11-17 01:23:34,0.3899227307597178,-0.8575833032847309,0.9059846401975552,0.9059846401975552,-0.8575833032847309,clean,,,2022-11-17 01:23:34,2022-11-17 01:32:02.811374,-508.811374
ingv,EC1,sim4,template2,78192,2022-11-17 01:24:44,0.3399577454698119,-0.9077004016700952,0.90077221156583,0.90077221156583,-0.9077004016700952,clean,,,2022-11-17 01:24:44,2022-11-17 01:32:02.811374,-438.811374
ingv,EC1,sim3,template2,78249,2022-11-17 01:39:41,0.3036756640373789,-0.9561866663208702,0.8957579404984666,0.8957579404984666,-0.9561866663208702,clean,,,2022-11-17 01:39:41,2022-11-17 01:32:02.811374,458.188626
ingv,ECPN,sim2,template2,78260,2022-11-17 01:39:52,0.3860002126739894,0.8792350710535752,1.106526332671211,1.106526332671211,0.8792350710535752,clean,,,2022-11-17 01:39:52,2022-11-17 01:32:02.811374,469.188626
ingv,ECPN,sim3,template2,83792,2022-11-17 05:41:55,0.3179229738174375,-2.149440859220664,0.7807786999475134,0.7807786999475134,-2.149440859220664,clean,,,2022-11-17 05:41:55,2022-11-17 05:34:22.763858,452.236142
ingv,EC1,sim3,template3,83865,2022-11-17 05:43:08,0.2167889236063863,-1.2983719040898238,0.8611551532441505,0.8611551532441505,-1.2983719040898238,clean,,,2022-11-17 05:43:08,2022-11-17 05:34:22.763858,525.236142
ingv,ECPN,sim4,template2,88100,2022-11-17 06:53:43,0.253710137626885,-0.5675554213973291,0.9367468231774478,0.9367468231774478,-0.5675554213973291,clean,,,2022-11-17 06:53:43,2022-11-17 07:01:48.929474,-485.929474
ingv,ECPN,sim3,template4,93114,2022-11-17 09:39:56,0.2659027818728364,0.676519935331316,1.081000753731067,1.081000753731067,0.676519935331316,clean,,,2022-11-17 09:39:56,2022-11-17 09:49:26.681560,-570.68156
ingv,EC1,sim1,template2,93290,2022-11-17 09:56:52,0.3016876883444587,0.7958578925100919,1.0959554347468314,1.0959554347468314,0.7958578925100919,clean,,,2022-11-17 09:56:52,2022-11-17 09:49:26.681560,445.31844
ingv,ECPN,sim3,template1,101532,2022-11-17 13:40:16,0.2990035582720321,-0.6795802040855863,0.9247428664121596,0.9247428664121596,-0.6795802040855863,clean,,,2022-11-17 13:40:16,2022-11-17 13:50:12.947230,-596.94723
ingv,ECPN,sim2,template1,101613,2022-11-17 13:41:37,0.3182273689416214,-0.6578991241958576,0.927054024921384,0.927054024921384,-0.6578991241958576,clean,,,2022-11-17 13:41:37,2022-11-17 13:50:12.947230,-515.94723
ingv,ECPN,sim4,template1,101678,2022-11-17 13:42:42,0.3878816963965695,-0.6316214727710066,0.9298629127169,0.9298629127169,-0.6316214727710066,clean,,,2022-11-17 13:42:42,2022-11-17 13:50:12.947230,-450.94723
ingv,EC1,sim1,template2,103692,2022-11-17 15:34:15,0.244499167179896,-0.3620472634501637,0.959174527515942,0.959174527515942,-0.3620472634501637,clean,,,2022-11-17 15:34:15,2022-11-17 15:43:25.629036,-550.629036
ingv,ECPN,sim4,template2,103701,2022-11-17 15:34:24,0.2591686059822904,-1.197200646518531,0.8712443358545188,0.8712443358545188,-1.197200646518531,clean,,,2022-11-17 15:34:24,2022-11-17 15:43:25.629036,-541.629036
ingv,ECPN,sim3,template2,103756,2022-11-17 15:35:19,0.2117900895063766,-1.2923408795145923,0.8617533016922719,0.8617533016922719,-1.2923408795145923,clean,,,2022-11-17 15:35:19,2022-11-17 15:43:25.629036,-486.629036
ingv,ECPN,sim4,template1,103835,2022-11-17 15:50:38,0.3527731173318778,-1.35710068554592,0.8553521782989549,0.8553521782989549,-1.35710068554592,clean,,,2022-11-17 15:50:38,2022-11-17 15:43:25.629036,432.370964
ingv,ECPN,sim2,template3,103836,2022-11-17 15:50:39,0.2288038033404595,-1.357329388500503,0.855329656829864,0.855329656829864,-1.357329388500503,clean,,,2022-11-17 15:50:39,2022-11-17 15:43:25.629036,433.370964
ingv,EC1,sim1,template3,103896,2022-11-17 15:51:39,0.3302845490319567,0.3735934703979536,1.0439499396551657,1.0439499396551657,0.3735934703979536,clean,,,2022-11-17 15:51:39,2022-11-17 15:43:25.629036,493.370964
ingv,ECPN,sim4,template3,103923,2022-11-17 15:52:06,0.3284378259142246,-1.559112868860193,0.8356883666924736,0.8356883666924736,-1.559112868860193,clean,,,2022-11-17 15:52:06,2022-11-17 15:43:25.629036,520.370964
ingv,EC1,sim4,template4,105372,2022-11-17 17:11:01,0.2176180997331384,0.9497205392133358,1.1155422591917874,1.1155422591917874,0.9497205392133358,clean,,,2022-11-17 17:11:01,2022-11-17 17:18:20.259141,-439.259141
ingv,EC1,sim4,template1,105771,2022-11-17 17:50:31,0.2120437964672504,1.331804042100956,1.1657091411788472,1.1657091411788472,1.331804042100956,clean,,,2022-11-17 17:50:31,2022-11-17 17:59:51.443427,-560.443427
ingv,EC1,sim4,template2,105795,2022-11-17 17:50:55,0.2648378246168053,1.3685441245098706,1.1706503686479113,1.1706503686479113,1.3685441245098706,clean,,,2022-11-17 17:50:55,2022-11-17 17:59:51.443427,-536.443427
ingv,EC1,sim3,template2,105888,2022-11-17 17:52:28,0.3062143326833049,1.402611560436993,1.1752508609814891,1.1752508609814891,1.402611560436993,clean,,,2022-11-17 17:52:28,2022-11-17 17:59:51.443427,-443.443427
ingv,ECPN,sim2,template4,106547,2022-11-17 18:41:40,0.2056194075533652,-1.7532599797174897,0.817216263558654,0.817216263558654,-1.7532599797174897,clean,,,2022-11-17 18:41:40,2022-11-17 18:51:10.845167,-570.845167
ingv,ECPN,sim4,template2,106567,2022-11-17 18:42:00,0.2902585790306375,-0.8172408485040277,0.9102023607360432,0.9102023607360432,-0.8172408485040277,clean,,,2022-11-17 18:42:00,2022-11-17 18:51:10.845167,-550.845167
ingv,EC1,sim3,template1,106585,2022-11-17 18:42:18,0.2403094423053772,2.49416330855961,1.3326256415266309,1.3326256415266309,2.49416330855961,clean,,,2022-11-17 18:42:18,2022-11-17 18:51:10.845167,-532.845167
ingv,EC1,sim3,template1,107888,2022-11-17 19:18:01,0.3727163839749542,1.7773211615799236,1.2270607317171012,1.2270607317171012,1.7773211615799236,clean,,,2022-11-17 19:18:01,2022-11-17 19:27:27.420165,-566.420165
ingv,EC1,sim4,template2,108001,2022-11-17 19:19:54,0.3031642115299406,1.908588204289234,1.245745738562701,1.245745738562701,1.908588204289234,clean,,,2022-11-17 19:19:54,2022-11-17 19:27:27.420165,-453.420165
ingv,ECPN,sim3,template1,108011,2022-11-17 19:20:04,0.3595252609492926,0.0923804338320958,1.0106924504962247,1.0106924504962247,0.0923804338320958,clean,,,2022-11-17 19:20:04,2022-11-17 19:27:27.420165,-443.420165
ingv,ECPN,sim1,template1,108016,2022-11-17 19:20:09,0.3608555503473278,0.0863574283108027,1.00999185488958,1.00999185488958,0.0863574283108027,clean,,,2022-11-17 19:20:09,2022-11-17 19:27:27.420165,-438.420165
ingv,ECPN,sim1,template3,108038,2022-11-17 19:34:31,0.3061348840542302,0.057824305980689,1.0066794781212438,1.0066794781212438,0.057824305980689,clean,,,2022-11-17 19:34:31,2022-11-17 19:27:27.420165,423.579835
ingv,ECPN,sim4,template3,112449,2022-11-17 20:48:02,0.3068454287694244,-2.358752689761129,0.762188453875752,0.762188453875752,-2.358752689761129,clean,,,2022-11-17 20:48:02,2022-11-17 20:55:10.578357,-428.578357
ingv,EC1,sim4,template3,112453,2022-11-17 20:48:06,0.2848977135706708,0.9731037298430494,1.1185494445706,1.1185494445706,0.9731037298430494,clean,,,2022-11-17 20:48:06,2022-11-17 20:55:10.578357,-424.578357
ingv,EC1,sim2,template2,112541,2022-11-17 21:03:34,0.3557882149097827,0.9620651354618917,1.1171288219713085,1.1171288219713085,0.9620651354618917,clean,,,2022-11-17 21:03:34,2022-11-17 20:55:10.578357,503.421643
ingv,ECPN,sim3,template3,112554,2022-11-17 21:03:47,0.3418278029599155,-2.2076349077052906,0.775565094248899,0.775565094248899,-2.2076349077052906,clean,,,2022-11-17 21:03:47,2022-11-17 20:55:10.578357,516.421643
ingv,ECPN,sim1,template2,113184,2022-11-17 21:14:17,0.4243698887952883,-2.194509699931423,0.7767379329984516,0.7767379329984516,-2.194509699931423,clean,,,2022-11-17 21:14:17,2022-11-17 21:23:09.713629,-532.713629
ingv,EC1,sim1,template2,113193,2022-11-17 21:14:26,0.3652627626825667,-2.058808556362038,0.7889683329968672,0.7889683329968672,-2.058808556362038,clean,,,2022-11-17 21:14:26,2022-11-17 21:23:09.713629,-523.713629
ingv,EC1,sim1,template1,113233,2022-11-17 21:15:06,0.3307070387458807,-2.1048898277745294,0.7847937010160869,0.7847937010160869,-2.1048898277745294,clean,,,2022-11-17 21:15:06,2022-11-17 21:23:09.713629,-483.713629
ingv,ECPN,sim1,template3,113264,2022-11-17 21:15:37,0.3600692910266189,-2.120013562225264,0.783428419513161,0.783428419513161,-2.120013562225264,clean,,,2022-11-17 21:15:37,2022-11-17 21:23:09.713629,-452.713629
ingv,ECPN,sim2,template1,113372,2022-11-17 21:31:25,0.2670696267178177,-1.8479083653808157,0.8083595653973641,0.8083595653973641,-1.8479083653808157,clean,,,2022-11-17 21:31:25,2022-11-17 21:23:09.713629,495.286371
ingv,EC1,sim3,template3,113679,2022-11-17 21:36:32,0.233793855155045,-2.3303198308051334,0.7646875306862454,0.7646875306862454,-2.3303198308051334,clean,,,2022-11-17 21:36:32,2022-11-17 21:46:25.757657,-593.757657
ingv,ECPN,sim3,template2,113797,2022-11-17 21:38:30,0.2866351205300691,-1.2999460914414498,0.8609990959177208,0.8609990959177208,-1.2999460914414498,clean,,,2022-11-17 21:38:30,2022-11-17 21:46:25.757657,-475.757657
ingv,ECPN,sim1,template1,113828,2022-11-17 21:39:01,0.3093502449901067,-1.1012614587421674,0.8809209268622425,0.8809209268622425,-1.1012614587421674,clean,,,2022-11-17 21:39:01,2022-11-17 21:46:25.757657,-444.757657
ingv,ECPN,sim3,template3,113835,2022-11-17 21:39:08,0.308468936373774,-1.0742282270978918,0.8836669019445119,0.8836669019445119,-1.0742282270978918,clean,,,2022-11-17 21:39:08,2022-11-17 21:46:25.757657,-437.757657
ingv,ECPN,sim3,template1,113855,2022-11-17 21:53:28,0.2896474821884261,-1.055724527909116,0.8855513992284725,0.8855513992284725,-1.055724527909116,clean,,,2022-11-17 21:53:28,2022-11-17 21:46:25.757657,422.242343
ingv,EC1,sim1,template3,113900,2022-11-17 21:54:13,0.3348413026811973,-1.9950062178223635,0.7947850494956559,0.7947850494956559,-1.9950062178223635,clean,,,2022-11-17 21:54:13,2022-11-17 21:46:25.757657,467.242343
ingv,EC1,sim2,template4,114318,2022-11-17 22:01:11,0.2540905551826702,-1.224008187471757,0.8685595316289586,0.8685595316289586,-1.224008187471757,clean,,,2022-11-17 22:01:11,2022-11-17 22:10:26.019696,-555.019696
ingv,EC1,sim2,template1,114320,2022-11-17 22:01:13,0.4038590065597584,-2.158025638111161,0.780007391367915,0.780007391367915,-2.158025638111161,clean,,,2022-11-17 22:01:13,2022-11-17 22:10:26.019696,-553.019696
ingv,ECPN,sim4,template1,114325,2022-11-17 22:01:18,0.2723155790472354,-0.7349699149474829,0.9188645660406756,0.9188645660406756,-0.7349699149474829,clean,,,2022-11-17 22:01:18,2022-11-17 22:10:26.019696,-548.019696
ingv,EC1,sim1,template2,114384,2022-11-17 22:02:17,0.2097406813882271,-2.219945300592431,0.7744666749926143,0.7744666749926143,-2.219945300592431,clean,,,2022-11-17 22:02:17,2022-11-17 22:10:26.019696,-489.019696
ingv,EC1,sim4,template3,114564,2022-11-17 22:19:17,0.2712116314182017,-2.5806000316118647,0.7429678110216794,0.7429678110216794,-2.5806000316118647,clean,,,2022-11-17 22:19:17,2022-11-17 22:10:26.019696,530.980304
ingv,ECPN,sim4,template3,114580,2022-11-17 22:19:33,0.2859684332826083,-0.7582287046841246,0.9164073521037132,0.9164073521037132,-0.7582287046841246,clean,,,2022-11-17 22:19:33,2022-11-17 22:10:26.019696,546.980304
ingv,EC1,sim3,template1,114608,2022-11-17 22:20:01,0.3708006369420585,-2.566302557023512,0.7441917859183879,0.7441917859183879,-2.566302557023512,clean,,,2022-11-17 22:20:01,2022-11-17 22:10:26.019696,574.980304
ingv,ECPN,sim1,template3,116792,2022-11-18 01:19:01,0.3044411534955699,1.1298154480338267,1.138913582745538,1.138913582745538,1.1298154480338267,clean,,,2022-11-18 01:19:01,2022-11-18 01:27:48.373974,-527.373974
ingv,EC1,sim3,template2,116966,2022-11-18 01:36:01,0.3202527291079946,-1.004430532911652,0.890796441258795,0.890796441258795,-1.004430532911652,clean,,,2022-11-18 01:36:01,2022-11-18 01:27:54.362530,486.63747
ingv,EC1,sim3,template1,117016,2022-11-18 01:36:51,0.2847437063551467,-0.9451210600300296,0.8968998409466254,0.8968998409466254,-0.9451210600300296,clean,,,2022-11-18 01:36:51,2022-11-18 01:45:33.456614,-522.456614
ingv,EC1,sim2,template1,117018,2022-11-18 01:36:53,0.2118937519604305,-0.9358271461142628,0.8978600386306782,0.8978600386306782,-0.9358271461142628,clean,,,2022-11-18 01:36:53,2022-11-18 01:45:33.456614,-520.456614
ingv,ECPN,sim3,template4,117165,2022-11-18 01:53:20,0.2352117212176108,1.616683327368968,1.2045758900001535,1.2045758900001535,1.616683327368968,clean,,,2022-11-18 01:53:20,2022-11-18 01:45:33.456614,466.543386
ingv,ECPN,sim3,template1,117170,2022-11-18 01:53:25,0.3968075135609454,1.1008704848910165,1.1351245702003283,1.1351245702003283,1.1008704848910165,clean,,,2022-11-18 01:53:25,2022-11-18 01:45:33.456614,471.543386
ingv,EC1,sim2,template2,117197,2022-11-18 01:53:52,0.2929133851416705,-0.7364939126058334,0.918703359225676,0.918703359225676,-0.7364939126058334,clean,,,2022-11-18 01:53:52,2022-11-18 01:45:33.456614,498.543386
ingv,EC1,sim4,template1,117246,2022-11-18 01:54:41,0.2522974143580543,-0.7071049918729377,0.9218170792891912,0.9218170792891912,-0.7071049918729377,clean,,,2022-11-18 01:54:41,2022-11-18 01:45:33.456614,547.543386
ingv,EC1,sim1,template2,117258,2022-11-18 01:54:53,0.2296739633547661,-0.6930882115153933,0.9233058546687488,0.9233058546687488,-0.6930882115153933,clean,,,2022-11-18 01:54:53,2022-11-18 01:45:33.456614,559.543386
ingv,EC1,sim3,template3,118489,2022-11-18 02:35:24,0.2178426490382259,-1.2525597845180476,0.8657091560072999,0.8657091560072999,-1.2525597845180476,clean,,,2022-11-18 02:35:24,2022-11-18 02:27:41.551170,462.44883
ingv,ECPN,sim4,template2,118530,2022-11-18 02:36:05,0.3681200377230852,1.2460965628798977,1.1542631424818506,1.1542631424818506,1.2460965628798977,clean,,,2022-11-18 02:36:05,2022-11-18 02:27:41.551170,503.44883
ingv,ECPN,sim2,template1,131300,2022-11-18 08:33:13,0.2825629805282651,-1.6679914852172335,0.8252782997879937,0.8252782997879937,-1.6679914852172335,clean,,,2022-11-18 08:33:13,2022-11-18 08:42:56.550204,-583.550204
ingv,EC1,sim3,template2,131351,2022-11-18 08:34:04,0.245514441719568,2.2700222043438627,1.2986768837229727,1.2986768837229727,2.2700222043438627,clean,,,2022-11-18 08:34:04,2022-11-18 08:42:56.550204,-532.550204
ingv,EC1,sim1,template3,131431,2022-11-18 08:35:24,0.2045948611031245,2.294753113532288,1.302379812044676,1.302379812044676,2.294753113532288,clean,,,2022-11-18 08:35:24,2022-11-18 08:42:56.550204,-452.550204
ingv,ECPN,sim1,template1,131434,2022-11-18 08:35:27,0.2758892091658619,-1.6536351254346346,0.8266434781961173,0.8266434781961173,-1.6536351254346346,clean,,,2022-11-18 08:35:27,2022-11-18 08:42:56.550204,-449.550204
ingv,EC1,sim4,template2,136332,2022-11-18 11:06:49,0.3899585278932849,-0.7980946736185215,0.9122109189086433,0.9122109189086433,-0.7980946736185215,clean,,,2022-11-18 11:06:49,2022-11-18 10:59:26.436083,442.563917
ingv,EC1,sim3,template2,136413,2022-11-18 11:08:10,0.469095462265092,-0.7560401616911938,0.9166382840708872,0.9166382840708872,-0.7560401616911938,clean,,,2022-11-18 11:08:10,2022-11-18 10:59:26.436083,523.563917
ingv,ECPN,sim2,template2,136444,2022-11-18 11:08:41,0.3491325699250441,0.2955297485791979,1.0346095608794694,1.0346095608794694,0.2955297485791979,clean,,,2022-11-18 11:08:41,2022-11-18 10:59:26.436083,554.563917
ingv,EC1,sim1,template2,136481,2022-11-18 11:09:18,0.2500885472874892,-0.6496766519641208,0.9279320334416208,0.9279320334416208,-0.6496766519641208,clean,,,2022-11-18 11:09:18,2022-11-18 10:59:26.436083,591.563917
ingv,EC1,sim4,template1,140359,2022-11-18 15:17:01,0.39964763028839,-0.3295411841626228,0.962770868196424,0.962770868196424,-0.3295411841626228,clean,,,2022-11-18 15:17:01,2022-11-18 15:09:38.460268,442.539732
ingv,EC1,sim2,template3,140426,2022-11-18 15:18:08,0.4587432078066663,-0.3737260428585606,0.9578857176601911,0.9578857176601911,-0.3737260428585606,clean,,,2022-11-18 15:18:08,2022-11-18 15:09:38.460268,509.539732
ingv,EC1,sim3,template4,143341,2022-11-18 16:26:43,0.273463831480753,-1.4195611949016171,0.8492233761264669,0.8492233761264669,-1.4195611949016171,clean,,,2022-11-18 16:26:43,2022-11-18 16:35:27.161087,-524.161087
ingv,ECPN,sim1,template1,143390,2022-11-18 16:27:32,0.3686471388180501,1.5494590306679388,1.1952890790829689,1.1952890790829689,1.5494590306679388,clean,,,2022-11-18 16:27:32,2022-11-18 16:35:27.161087,-475.161087
ingv,EC1,sim3,template3,143879,2022-11-18 17:27:43,0.3221628560368508,-1.5884829276203916,0.8328673814096642,0.8328673814096642,-1.5884829276203916,clean,,,2022-11-18 17:27:43,2022-11-18 17:19:03.127761,519.872239
ingv,EC1,sim1,template3,143896,2022-11-18 17:28:00,0.3315065947195238,-1.5872455540927068,0.8329860383927179,0.8329860383927179,-1.5872455540927068,clean,,,2022-11-18 17:28:00,2022-11-18 17:19:03.127761,536.872239
ingv,ECPN,sim2,template1,153116,2022-11-18 21:45:38,0.3216012619995146,-2.203370838910627,0.7759459274090492,0.7759459274090492,-2.203370838910627,clean,,,2022-11-18 21:45:38,2022-11-18 21:54:11.112943,-513.112943
ingv,EC1,sim4,template3,153183,2022-11-18 21:46:45,0.2653543988501918,-1.389605431167677,0.8521572209480573,0.8521572209480573,-1.389605431167677,clean,,,2022-11-18 21:46:45,2022-11-18 21:54:11.112943,-446.112943
ingv,EC1,sim4,template4,153185,2022-11-18 21:46:47,0.2774604681505725,-0.412036885345433,0.9536700761284944,0.9536700761284944,-0.412036885345433,clean,,,2022-11-18 21:46:47,2022-11-18 21:54:11.112943,-444.112943
ingv,ECPN,sim1,template2,153185,2022-11-18 21:46:47,0.2651856670400042,-1.777255075027648,0.8149617885050227,0.8149617885050227,-1.777255075027648,clean,,,2022-11-18 21:46:47,2022-11-18 21:54:11.112943,-444.112943
ingv,ECPN,sim3,template3,153334,2022-11-18 22:03:16,0.2526370762214705,-1.4680018096734635,0.8445004970408924,0.8445004970408924,-1.4680018096734635,clean,,,2022-11-18 22:03:16,2022-11-18 21:54:11.112943,544.887057
ingv,EC1,sim4,template1,153373,2022-11-18 22:03:55,0.2020295515761005,-0.9928557995340086,0.8919842993567916,0.8919842993567916,-0.9928557995340086,clean,,,2022-11-18 22:03:55,2022-11-18 21:54:11.112943,583.887057
ingv,EC1,sim4,template2,155057,2022-11-18 22:51:59,0.3321110547635973,1.182509398525709,1.145843933880647,1.145843933880647,1.182509398525709,clean,,,2022-11-18 22:51:59,2022-11-18 22:43:33.666135,505.333865
ingv,EC1,sim2,template3,155074,2022-11-18 22:52:16,0.2618920072616901,1.1707693390243703,1.144296229568686,1.144296229568686,1.1707693390243703,clean,,,2022-11-18 22:52:16,2022-11-18 22:43:33.666135,522.333865
ingv,EC1,sim3,template2,155112,2022-11-18 22:52:54,0.3127938380675286,1.1596304469765024,1.1428297105063625,1.1428297105063625,1.1596304469765024,clean,,,2022-11-18 22:52:54,2022-11-18 22:43:33.666135,560.333865
ingv,ECPN,sim4,template1,155973,2022-11-18 23:21:15,0.289950966154503,-0.243827004832193,0.9723187255472642,0.9723187255472642,-0.243827004832193,clean,,,2022-11-18 23:21:15,2022-11-18 23:14:09.677665,425.322335
ingv,ECPN,sim1,template1,156007,2022-11-18 23:21:49,0.2345646077700122,-0.2436396639046144,0.972339697153392,0.972339697153392,-0.2436396639046144,clean,,,2022-11-18 23:21:49,2022-11-18 23:14:09.677665,459.322335
ingv,ECPN,sim1,template2,156085,2022-11-18 23:23:07,0.2242752945370132,-0.2676378847196152,0.9696569302646734,0.9696569302646734,-0.2676378847196152,clean,,,2022-11-18 23:23:07,2022-11-18 23:14:09.677665,537.322335
ingv,EC1,sim1,template3,156185,2022-11-18 23:24:47,0.3775800755358201,1.412823965258344,1.1766334707729336,1.1766334707729336,1.412823965258344,clean,,,2022-11-18 23:24:47,2022-11-18 23:33:53.912887,-546.912887
ingv,EC1,sim3,template1,156362,2022-11-19 00:07:32,0.4747757970023778,1.4472533834237145,1.181306705491871,1.181306705491871,1.4472533834237145,clean,,,2022-11-19 00:07:32,2022-11-18 23:58:11.530653,560.469347
ingv,ECPN,sim3,template2,159510,2022-11-19 02:29:56,0.3403796385453774,-2.718303766752583,0.7312818787037842,0.7312818787037842,-2.718303766752583,clean,,,2022-11-19 02:29:56,2022-11-19 02:22:33.248911,442.751089
ingv,ECPN,sim2,template1,159518,2022-11-19 02:30:04,0.3520139033653339,-2.744825422203961,0.7290523746786112,0.7290523746786112,-2.744825422203961,clean,,,2022-11-19 02:30:04,2022-11-19 02:37:18.806129,-434.806129
ingv,EC1,sim2,template2,159618,2022-11-19 03:06:33,0.2459328545997093,-0.4657948742672083,0.9477859278852891,0.9477859278852891,-0.4657948742672083,clean,,,2022-11-19 03:06:33,2022-11-19 02:58:07.576693,505.423307
ingv,ECPN,sim1,template3,159625,2022-11-19 03:06:40,0.3562121228492239,-2.7435447173919094,0.7291598788908782,0.7291598788908782,-2.7435447173919094,clean,,,2022-11-19 03:06:40,2022-11-19 02:58:07.576693,512.423307
ingv,EC1,sim4,template1,159660,2022-11-19 03:07:15,0.438679707606787,-0.6286516033409191,0.9301809047389296,0.9301809047389296,-0.6286516033409191,clean,,,2022-11-19 03:07:15,2022-11-19 02:58:07.576693,547.423307
ingv,ECPN,sim4,template1,159679,2022-11-19 03:07:34,0.3650812472211107,-2.7696554238096365,0.7269712381726545,0.7269712381726545,-2.7696554238096365,clean,,,2022-11-19 03:07:34,2022-11-19 02:58:07.576693,566.423307
ingv,EC1,sim3,template1,160449,2022-11-19 03:20:24,0.3291509666960611,-0.05217813475795,0.9940107775649254,0.9940107775649254,-0.05217813475795,clean,,,2022-11-19 03:20:24,2022-11-19 03:28:18.697421,-474.697421
ingv,ECPN,sim2,template3,160454,2022-11-19 03:20:29,0.3160698634751763,-3.0385676212472927,0.7048092885663114,0.7048092885663114,-3.0385676212472927,clean,,,2022-11-19 03:20:29,2022-11-19 03:28:18.697421,-469.697421
ingv,ECPN,sim1,template1,160508,2022-11-19 03:41:58,0.2748177164993968,-2.758883193482715,0.727873386371041,0.727873386371041,-2.758883193482715,clean,,,2022-11-19 03:41:58,2022-11-19 03:34:36.609390,441.39061
ingv,ECPN,sim1,template2,160579,2022-11-19 03:43:09,0.3568182978368208,-2.783687925155488,0.7257977269450352,0.7257977269450352,-2.783687925155488,clean,,,2022-11-19 03:43:09,2022-11-19 03:34:36.609390,512.39061
ingv,ECPN,sim2,template4,160608,2022-11-19 03:43:38,0.2228781850239705,-0.8929181497768678,0.9023065136682726,0.9023065136682726,-0.8929181497768678,clean,,,2022-11-19 03:43:38,2022-11-19 03:34:36.609390,541.39061
ingv,ECPN,sim2,template2,160622,2022-11-19 03:43:52,0.252551568715365,-2.8201281809388368,0.7227591374951563,0.7227591374951563,-2.8201281809388368,clean,,,2022-11-19 03:43:52,2022-11-19 03:34:36.609390,555.39061
ingv,ECPN,sim4,template3,160900,2022-11-19 03:48:30,0.2416765904340556,-2.8032701345672493,0.724163269852266,0.724163269852266,-2.8032701345672493,clean,,,2022-11-19 03:48:30,2022-11-19 03:58:00.750896,-570.750896
ingv,EC1,sim2,template3,160951,2022-11-19 03:49:21,0.2681094182540807,-0.0727148968251985,0.9916633324877308,0.9916633324877308,-0.0727148968251985,clean,,,2022-11-19 03:49:21,2022-11-19 03:58:00.750896,-519.750896
ingv,ECPN,sim3,template3,160985,2022-11-19 03:49:55,0.2402096049331923,-2.577553796457842,0.7432284235413952,0.7432284235413952,-2.577553796457842,clean,,,2022-11-19 03:49:55,2022-11-19 03:58:00.750896,-485.750896
ingv,EC1,sim1,template3,161135,2022-11-19 04:40:05,0.3588782868568282,0.3583427792297174,1.0421185798348662,1.0421185798348662,0.3583427792297174,clean,,,2022-11-19 04:40:05,2022-11-19 04:31:43.306001,501.693999
ingv,ECPN,sim4,template2,161152,2022-11-19 04:40:22,0.3571566793453836,-2.7303659686303017,0.730267043375818,0.730267043375818,-2.7303659686303017,clean,,,2022-11-19 04:40:22,2022-11-19 04:31:43.306001,518.693999
ingv,ECPN,sim2,template1,161197,2022-11-19 04:41:07,0.4570307080840395,-2.736332755852666,0.7297655574090939,0.7297655574090939,-2.736332755852666,clean,,,2022-11-19 04:41:07,2022-11-19 04:31:43.306001,563.693999
ingv,ECPN,sim3,template2,161216,2022-11-19 04:41:26,0.2761707029718298,-2.761417654750302,0.7276610307154151,0.7276610307154151,-2.761417654750302,clean,,,2022-11-19 04:41:26,2022-11-19 04:31:43.306001,582.693999
ingv,ECPN,sim3,template1,161463,2022-11-19 04:45:33,0.4288520554627817,-2.777774681873393,0.726292009045229,0.726292009045229,-2.777774681873393,clean,,,2022-11-19 04:45:33,2022-11-19 04:55:00.414500,-567.4145
ingv,ECPN,sim1,template3,161535,2022-11-19 04:46:45,0.247289671565404,-2.794749226529803,0.7248740267851631,0.7248740267851631,-2.794749226529803,clean,,,2022-11-19 04:46:45,2022-11-19 04:55:00.414500,-495.4145
ingv,ECPN,sim4,template1,161643,2022-11-19 05:02:33,0.272128900707506,-2.802442023488965,0.7242323147330095,0.7242323147330095,-2.802442023488965,clean,,,2022-11-19 05:02:33,2022-11-19 04:55:00.414500,452.5855
ingv,EC1,sim3,template3,161673,2022-11-19 05:03:03,0.2068524327617611,0.8861842465257872,1.1074119670477591,1.1074119670477591,0.8861842465257872,clean,,,2022-11-19 05:03:03,2022-11-19 04:55:00.414500,482.5855
ingv,EC1,sim1,template2,161706,2022-11-19 05:03:36,0.2837222009142016,0.8696405644875358,1.105304729221663,1.105304729221663,0.8696405644875358,clean,,,2022-11-19 05:03:36,2022-11-19 04:55:00.414500,515.5855
ingv,ECPN,sim1,template2,161719,2022-11-19 05:03:49,0.3440315199106515,-2.765975733399016,0.727279277522692,0.727279277522692,-2.765975733399016,clean,,,2022-11-19 05:03:49,2022-11-19 04:55:00.414500,528.5855
ingv,EC1,sim4,template1,161742,2022-11-19 05:04:12,0.2504753879103195,0.8462646227001882,1.1023340718046908,1.1023340718046908,0.8462646227001882,clean,,,2022-11-19 05:04:12,2022-11-19 04:55:00.414500,551.5855
ingv,ECPN,sim4,template1,165671,2022-11-19 06:40:03,0.3614655349759761,0.5155197422468103,1.0611480665679642,1.0611480665679642,0.5155197422468103,clean,,,2022-11-19 06:40:03,2022-11-19 06:50:02.249469,-599.249469
ingv,ECPN,sim2,template2,165680,2022-11-19 06:40:12,0.2114513100968505,0.5289487509779973,1.0627899465382091,1.0627899465382091,0.5289487509779973,clean,,,2022-11-19 06:40:12,2022-11-19 06:50:02.249469,-590.249469
ingv,ECPN,sim2,template3,165747,2022-11-19 06:41:19,0.2645598516090292,0.5987084989930391,1.0713599933604034,1.0713599933604034,0.5987084989930391,clean,,,2022-11-19 06:41:19,2022-11-19 06:50:02.249469,-523.249469
ingv,EC1,sim3,template3,165794,2022-11-19 06:42:06,0.2621484058387569,-2.722393756838249,0.7309376155728121,0.7309376155728121,-2.722393756838249,clean,,,2022-11-19 06:42:06,2022-11-19 06:50:02.249469,-476.249469
ingv,ECPN,sim4,template2,165880,2022-11-19 06:57:32,0.2914994044035859,0.572259576947023,1.0681026162570664,1.0681026162570664,0.572259576947023,clean,,,2022-11-19 06:57:32,2022-11-19 06:50:02.249469,449.750531
ingv,ECPN,sim3,template2,165913,2022-11-19 06:58:05,0.2266105745939559,0.5744608472762228,1.0683733404605371,1.0683733404605371,0.5744608472762228,clean,,,2022-11-19 06:58:05,2022-11-19 06:50:02.249469,482.750531
ingv,EC1,sim4,template3,165915,2022-11-19 06:58:07,0.2924710263746918,-2.923773590931048,0.7141859800583736,0.7141859800583736,-2.923773590931048,clean,,,2022-11-19 06:58:07,2022-11-19 06:50:02.249469,484.750531
ingv,ECPN,sim4,template3,165957,2022-11-19 06:58:49,0.2059843109805187,0.5861800790535605,1.069815790874757,1.069815790874757,0.5861800790535605,clean,,,2022-11-19 06:58:49,2022-11-19 06:50:02.249469,526.750531
ingv,EC1,sim4,template1,166702,2022-11-19 07:46:17,0.2373225916656872,-2.537316356085046,0.7466794212718311,0.7466794212718311,-2.537316356085046,clean,,,2022-11-19 07:46:17,2022-11-19 07:55:02.956724,-525.956724
ingv,ECPN,sim1,template1,166721,2022-11-19 07:46:36,0.2546213173751849,0.8050103994818394,1.097110874987758,1.097110874987758,0.8050103994818394,clean,,,2022-11-19 07:46:36,2022-11-19 07:55:02.956724,-506.956724
ingv,ECPN,sim2,template3,166755,2022-11-19 07:47:10,0.3499191332320099,0.8183965724500504,1.0988029801200252,1.0988029801200252,0.8183965724500504,clean,,,2022-11-19 07:47:10,2022-11-19 07:55:02.956724,-472.956724
ingv,ECPN,sim2,template2,166860,2022-11-19 08:02:55,0.3610464522643575,0.9764209750419708,1.118976713573813,1.118976713573813,0.9764209750419708,clean,,,2022-11-19 08:02:55,2022-11-19 07:55:02.956724,472.043276
ingv,ECPN,sim3,template4,166884,2022-11-19 08:03:19,0.2058894164335557,0.4135940412429159,1.048768662563833,1.048768662563833,0.4135940412429159,clean,,,2022-11-19 08:03:19,2022-11-19 07:55:02.956724,496.043276
ingv,ECPN,sim2,template4,166984,2022-11-19 08:04:59,0.2267021968575593,0.3898025371415825,1.045899912963958,1.045899912963958,0.3898025371415825,clean,,,2022-11-19 08:04:59,2022-11-19 07:55:02.956724,596.043276
ingv,ECPN,sim2,template1,167148,2022-11-19 08:37:43,0.2388436755973274,0.5112031794814955,1.0606208466238694,1.0606208466238694,0.5112031794814955,clean,,,2022-11-19 08:37:43,2022-11-19 08:30:38.787532,424.212468
ingv,ECPN,sim3,template1,167190,2022-11-19 08:38:25,0.2466956193076341,0.3067015150736452,1.0359411288935727,1.0359411288935727,0.3067015150736452,clean,,,2022-11-19 08:38:25,2022-11-19 08:30:38.787532,466.212468
ingv,ECPN,sim4,template2,172791,2022-11-19 11:58:09,0.3115576227204683,-0.0066969168999861,0.9992292861015,0.9992292861015,-0.0066969168999861,clean,,,2022-11-19 11:58:09,2022-11-19 12:06:47.518438,-518.518438
ingv,EC1,sim2,template1,172809,2022-11-19 11:58:27,0.2751081232408806,2.0452420244198426,1.2654998593354598,1.2654998593354598,2.0452420244198426,clean,,,2022-11-19 11:58:27,2022-11-19 12:06:47.518438,-500.518438
ingv,EC1,sim3,template3,172857,2022-11-19 11:59:15,0.2085878025804007,2.04020233477676,1.264765809407437,1.264765809407437,2.04020233477676,clean,,,2022-11-19 11:59:15,2022-11-19 12:06:47.518438,-452.518438
ingv,ECPN,sim3,template2,172860,2022-11-19 11:59:18,0.3010159162221359,-0.2051717817079106,0.9766555242683383,0.9766555242683383,-0.2051717817079106,clean,,,2022-11-19 11:59:18,2022-11-19 12:06:47.518438,-449.518438
ingv,EC1,sim4,template1,172931,2022-11-19 12:14:29,0.3254632624342771,2.0418056776973343,1.264999296196372,1.264999296196372,2.0418056776973343,clean,,,2022-11-19 12:14:29,2022-11-19 12:06:47.518438,461.481562
ingv,EC1,sim1,template3,172976,2022-11-19 12:15:14,0.2111232118518471,1.994803416065149,1.258172448628688,1.258172448628688,1.994803416065149,clean,,,2022-11-19 12:15:14,2022-11-19 12:06:47.518438,506.481562
ingv,EC1,sim4,template2,173067,2022-11-19 12:16:45,0.2220787701534664,1.976256022117325,1.255488679468494,1.255488679468494,1.976256022117325,clean,,,2022-11-19 12:16:45,2022-11-19 12:06:47.518438,597.481562
ingv,EC1,sim2,template3,174475,2022-11-19 12:40:13,0.4317143221641494,2.2877290911525536,1.3013270416908995,1.3013270416908995,2.2877290911525536,clean,,,2022-11-19 12:40:13,2022-11-19 12:49:35.072362,-562.072362
ingv,EC1,sim1,template1,174478,2022-11-19 12:40:16,0.301645283098118,2.275036628042503,1.299426835255919,1.299426835255919,2.275036628042503,clean,,,2022-11-19 12:40:16,2022-11-19 12:49:35.072362,-559.072362
ingv,EC1,sim4,template3,174553,2022-11-19 12:41:31,0.2383419573434777,2.371595498907572,1.313952830950063,1.313952830950063,2.371595498907572,clean,,,2022-11-19 12:41:31,2022-11-19 12:49:35.072362,-484.072362
ingv,ECPN,sim1,template2,174615,2022-11-19 12:42:33,0.2703783006988401,1.195303756842485,1.1475330113563018,1.1475330113563018,1.195303756842485,clean,,,2022-11-19 12:42:33,2022-11-19 12:49:35.072362,-422.072362
ingv,ECPN,sim3,template3,174706,2022-11-19 12:58:04,0.2300171891247341,1.1826224029380883,1.1458588415375637,1.1458588415375637,1.1826224029380883,clean,,,2022-11-19 12:58:04,2022-11-19 12:49:35.072362,508.927638
ingv,ECPN,sim1,template3,174795,2022-11-19 12:59:33,0.2188725017846376,1.4593523064071916,1.1829533414029345,1.1829533414029345,1.4593523064071916,clean,,,2022-11-19 12:59:33,2022-11-19 12:49:35.072362,597.927638
ingv,ECPN,sim4,template1,174931,2022-11-19 13:01:49,0.339630974934624,0.9176489373365948,1.1114308488043598,1.1114308488043598,0.9176489373365948,clean,,,2022-11-19 13:01:49,2022-11-19 13:11:13.095971,-564.095971
ingv,EC1,sim1,template2,174971,2022-11-19 13:02:29,0.2687693226151768,2.08833087693593,1.271793332570904,1.271793332570904,2.08833087693593,clean,,,2022-11-19 13:02:29,2022-11-19 13:11:13.095971,-524.095971
ingv,ECPN,sim2,template2,174996,2022-11-19 13:02:54,0.2209019710544109,0.8710042852895072,1.105478280285408,1.105478280285408,0.8710042852895072,clean,,,2022-11-19 13:02:54,2022-11-19 13:11:13.095971,-499.095971
ingv,ECPN,sim3,template1,177456,2022-11-19 13:57:54,0.2293315178266826,0.8884500730516515,1.107700887448788,1.107700887448788,0.8884500730516515,clean,,,2022-11-19 13:57:54,2022-11-19 14:06:30.966378,-516.966378
ingv,EC1,sim3,template3,177609,2022-11-19 14:14:27,0.2452040542450339,0.1834475860863704,1.0213447934145248,1.0213447934145248,0.1834475860863704,clean,,,2022-11-19 14:14:27,2022-11-19 14:21:28.226925,-421.226925
ingv,ECPN,sim1,template2,181859,2022-11-19 16:29:17,0.3352164563515803,0.1862263291449484,1.0216715888136616,1.0216715888136616,0.1862263291449484,clean,,,2022-11-19 16:29:17,2022-11-19 16:37:41.324214,-504.324214
ingv,EC1,sim3,template1,181935,2022-11-19 16:30:33,0.374640458811815,-0.9484098596098238,0.8965603057261664,0.8965603057261664,-0.9484098596098238,clean,,,2022-11-19 16:30:33,2022-11-19 16:37:41.324214,-428.324214
ingv,ECPN,sim1,template3,181955,2022-11-19 16:44:53,0.2245856392701405,0.2816972900683933,1.032963235053032,1.032963235053032,0.2816972900683933,clean,,,2022-11-19 16:44:53,2022-11-19 16:37:41.324214,431.675786
ingv,EC1,sim3,template3,182043,2022-11-19 16:46:21,0.2297088673687441,-0.994095436722212,0.8918570057744365,0.8918570057744365,-0.994095436722212,clean,,,2022-11-19 16:46:21,2022-11-19 16:37:41.324214,519.675786
ingv,EC1,sim2,template1,182862,2022-11-19 17:00:00,0.3052920528109445,-0.6385449703838588,0.9291220169895767,0.9291220169895767,-0.6385449703838588,clean,,,2022-11-19 17:00:00,2022-11-19 17:08:58.398823,-538.398823
ingv,ECPN,sim3,template3,182872,2022-11-19 17:00:10,0.247080790857777,1.2309800838974014,1.1522560688352164,1.1522560688352164,1.2309800838974014,clean,,,2022-11-19 17:00:10,2022-11-19 17:08:58.398823,-528.398823
ingv,ECPN,sim2,template3,182889,2022-11-19 17:00:27,0.230318631686533,1.2225394009566282,1.151136885372461,1.151136885372461,1.2225394009566282,clean,,,2022-11-19 17:00:27,2022-11-19 17:08:58.398823,-511.398823
ingv,EC1,sim2,template2,182937,2022-11-19 17:01:15,0.277471024908539,-0.4822611188690446,0.9459908680869203,0.9459908680869203,-0.4822611188690446,clean,,,2022-11-19 17:01:15,2022-11-19 17:08:58.398823,-463.398823
ingv,ECPN,sim1,template3,182971,2022-11-19 17:01:49,0.206616382164284,1.1777145732911614,1.14521157433296,1.14521157433296,1.1777145732911614,clean,,,2022-11-19 17:01:49,2022-11-19 17:08:58.398823,-429.398823
ingv,ECPN,sim4,template2,183081,2022-11-19 17:17:39,0.211935610772597,1.98612129225991,1.256915450001676,1.256915450001676,1.98612129225991,clean,,,2022-11-19 17:17:39,2022-11-19 17:08:58.398823,520.601177
ingv,ECPN,sim3,template2,183120,2022-11-19 17:18:18,0.2388567199919131,2.127923845075472,1.277603792326408,1.277603792326408,2.127923845075472,clean,,,2022-11-19 17:18:18,2022-11-19 17:08:58.398823,559.601177
ingv,ECPN,sim1,template4,188834,2022-11-19 21:43:20,0.2060402943756123,-1.1663844946149744,0.8743408616235134,0.8743408616235134,-1.1663844946149744,clean,,,2022-11-19 21:43:20,2022-11-19 21:53:19.307031,-599.307031
ingv,ECPN,sim1,template3,189004,2022-11-19 21:46:10,0.3361484459786231,-1.0691121186911627,0.884187547216592,0.884187547216592,-1.0691121186911627,clean,,,2022-11-19 21:46:10,2022-11-19 21:53:19.307031,-429.307031
ingv,ECPN,sim1,template2,191241,2022-11-19 23:53:17,0.3657756007765892,-2.0914421713508107,0.7860096743223092,0.7860096743223092,-2.0914421713508107,clean,,,2022-11-19 23:53:17,2022-11-20 00:03:04.685654,-587.685654
ingv,ECPN,sim3,template3,191271,2022-11-19 23:53:47,0.2463838707174942,-2.0729968040625204,0.7876806191398131,0.7876806191398131,-2.0729968040625204,clean,,,2022-11-19 23:53:47,2022-11-20 00:03:04.685654,-557.685654
ingv,ECPN,sim1,template3,191333,2022-11-19 23:54:49,0.39133458587107,-1.958335205598556,0.7981476508060208,0.7981476508060208,-1.958335205598556,clean,,,2022-11-19 23:54:49,2022-11-20 00:03:04.685654,-495.685654
ingv,EC1,sim4,template3,191340,2022-11-19 23:54:56,0.2535970133593833,-0.091700666146767,0.989498104708724,0.989498104708724,-0.091700666146767,clean,,,2022-11-19 23:54:56,2022-11-20 00:03:04.685654,-488.685654
ingv,ECPN,sim2,template1,191573,2022-11-20 00:12:49,0.3610591910902169,-1.509174049172196,0.8405069280310136,0.8405069280310136,-1.509174049172196,clean,,,2022-11-20 00:12:49,2022-11-20 00:03:04.685654,584.314346
ingv,EC1,sim3,template3,192416,2022-11-20 00:26:52,0.292690998666285,1.262614662855681,1.1564603123245585,1.1564603123245585,1.262614662855681,clean,,,2022-11-20 00:26:52,2022-11-20 00:35:49.828555,-537.828555
ingv,EC1,sim4,template2,192439,2022-11-20 00:27:15,0.2533165133057963,1.2671267378555384,1.1570612169442394,1.1570612169442394,1.2671267378555384,clean,,,2022-11-20 00:27:15,2022-11-20 00:35:49.828555,-514.828555
ingv,EC1,sim1,template3,192440,2022-11-20 00:27:16,0.2685152331559721,1.2665843969193449,1.1569889730982803,1.1569889730982803,1.2665843969193449,clean,,,2022-11-20 00:27:16,2022-11-20 00:35:49.828555,-513.828555
ingv,EC1,sim4,template3,192442,2022-11-20 00:27:18,0.2487274800440775,1.2674476743692598,1.1571039701991277,1.1571039701991277,1.2674476743692598,clean,,,2022-11-20 00:27:18,2022-11-20 00:35:49.828555,-511.828555
ingv,ECPN,sim3,template2,192447,2022-11-20 00:27:23,0.352319389044302,-1.1709053040605175,0.8738859053535162,0.8738859053535162,-1.1709053040605175,clean,,,2022-11-20 00:27:23,2022-11-20 00:35:49.828555,-506.828555
ingv,ECPN,sim1,template2,192478,2022-11-20 00:27:54,0.2373474513173684,-1.16390705542704,0.8745902817003647,0.8745902817003647,-1.16390705542704,clean,,,2022-11-20 00:27:54,2022-11-20 00:35:49.828555,-475.828555
ingv,ECPN,sim3,template3,192501,2022-11-20 00:28:17,0.2857805803790254,-1.1935981712354518,0.8716057596442955,0.8716057596442955,-1.1935981712354518,clean,,,2022-11-20 00:28:17,2022-11-20 00:35:49.828555,-452.828555
ingv,EC1,sim3,template2,192520,2022-11-20 00:28:36,0.2106633588506743,1.3085243291834945,1.162589018626117,1.162589018626117,1.3085243291834945,clean,,,2022-11-20 00:28:36,2022-11-20 00:35:49.828555,-433.828555
ingv,EC1,sim4,template1,192586,2022-11-20 00:46:03,0.3218922390169794,1.2555120999419092,1.155515046484772,1.155515046484772,1.2555120999419092,clean,,,2022-11-20 00:46:03,2022-11-20 00:38:10.323416,472.676584
ingv,EC1,sim4,template4,192586,2022-11-20 00:46:03,0.2392417696471659,0.0760266513692343,1.0087913102716328,1.0087913102716328,0.0760266513692343,clean,,,2022-11-20 00:46:03,2022-11-20 00:38:10.323416,472.676584
ingv,ECPN,sim2,template1,192647,2022-11-20 00:47:04,0.3255834450521601,-0.8435403518181592,0.907450579686464,0.907450579686464,-0.8435403518181592,clean,,,2022-11-20 00:47:04,2022-11-20 00:38:10.323416,533.676584
ingv,ECPN,sim1,template4,192706,2022-11-20 00:48:03,0.2206650283866862,-1.2078342862242055,0.8701783736947727,0.8701783736947727,-1.2078342862242055,clean,,,2022-11-20 00:48:03,2022-11-20 00:38:10.323416,592.676584
ingv,EC1,sim4,template1,195299,2022-11-20 01:31:16,0.2486460684881848,-1.462629618424678,0.8450229790963865,0.8450229790963865,-1.462629618424678,clean,,,2022-11-20 01:31:16,2022-11-20 01:41:10.246601,-594.246601
ingv,EC1,sim2,template4,195446,2022-11-20 01:33:43,0.2073569004000642,-1.2226809610661902,0.8686922599125567,0.8686922599125567,-1.2226809610661902,clean,,,2022-11-20 01:33:43,2022-11-20 01:41:10.246601,-447.246601
ingv,EC1,sim2,template1,195450,2022-11-20 01:33:47,0.4613140771129211,-0.951104683676065,0.8962821882700182,0.8962821882700182,-0.951104683676065,clean,,,2022-11-20 01:33:47,2022-11-20 01:41:10.246601,-443.246601
ingv,ECPN,sim1,template1,196096,2022-11-20 01:58:33,0.3762661926226348,-1.7842203973851616,0.8143085225306306,0.8143085225306306,-1.7842203973851616,clean,,,2022-11-20 01:58:33,2022-11-20 02:08:26.100879,-593.100879
ingv,EC1,sim2,template3,196129,2022-11-20 01:59:06,0.2724787042501959,-1.076657427853177,0.8834197995462081,0.8834197995462081,-1.076657427853177,clean,,,2022-11-20 01:59:06,2022-11-20 02:08:26.100879,-560.100879
ingv,EC1,sim4,template2,196241,2022-11-20 02:00:58,0.4423277640473795,-1.2621109887862982,0.8647577254867735,0.8647577254867735,-1.2621109887862982,clean,,,2022-11-20 02:00:58,2022-11-20 02:08:26.100879,-448.100879
ingv,EC1,sim1,template2,196253,2022-11-20 02:01:10,0.2329419404292269,-1.2586459426119827,0.8651027705347832,0.8651027705347832,-1.2586459426119827,clean,,,2022-11-20 02:01:10,2022-11-20 02:08:26.100879,-436.100879
ingv,ECPN,sim2,template2,196267,2022-11-20 02:01:24,0.2167792694480679,-1.8301716841562667,0.8100119309324463,0.8100119309324463,-1.8301716841562667,clean,,,2022-11-20 02:01:24,2022-11-20 02:08:26.100879,-422.100879
ingv,EC1,sim1,template1,196299,2022-11-20 02:34:18,0.2478069485938778,-1.113983062490426,0.879631649126786,0.879631649126786,-1.113983062490426,clean,,,2022-11-20 02:34:18,2022-11-20 02:25:08.930752,549.069248
ingv,ECPN,sim2,template2,197668,2022-11-20 02:57:07,0.3616348771734138,-1.4399466781361785,0.8472326152063883,0.8472326152063883,-1.4399466781361785,clean,,,2022-11-20 02:57:07,2022-11-20 03:06:51.065313,-584.065313
ingv,ECPN,sim4,template2,197736,2022-11-20 02:58:15,0.2883116641486381,-1.6916178761563274,0.8230365198477392,0.8230365198477392,-1.6916178761563274,clean,,,2022-11-20 02:58:15,2022-11-20 03:06:51.065313,-516.065313
ingv,EC1,sim2,template3,197739,2022-11-20 02:58:18,0.2686324871195462,0.1173188459386796,1.0135984606108572,1.0135984606108572,0.1173188459386796,clean,,,2022-11-20 02:58:18,2022-11-20 03:06:51.065313,-513.065313
ingv,EC1,sim1,template3,197859,2022-11-20 04:09:50,0.3733828061929108,0.0557433157215543,1.006438323864688,1.006438323864688,0.0557433157215543,clean,,,2022-11-20 04:09:50,2022-11-20 04:02:29.336270,440.66373
ingv,ECPN,sim4,template3,197887,2022-11-20 04:10:18,0.2364218956442964,-1.4937987534583996,0.8419960658967977,0.8419960658967977,-1.4937987534583996,clean,,,2022-11-20 04:10:18,2022-11-20 04:02:29.336270,468.66373
ingv,EC1,sim1,template1,197960,2022-11-20 04:11:31,0.3611426538365507,0.1706477210805945,1.0198408084161117,1.0198408084161117,0.1706477210805945,clean,,,2022-11-20 04:11:31,2022-11-20 04:02:29.336270,541.66373
ingv,EC1,sim2,template3,198820,2022-11-20 06:02:04,0.3149984998471734,-0.8045652487552869,0.9115316181655848,0.9115316181655848,-0.8045652487552869,clean,,,2022-11-20 06:02:04,2022-11-20 05:54:55.483491,428.516509
ingv,ECPN,sim4,template2,198830,2022-11-20 06:02:14,0.2286387668253687,-1.5634293794381362,0.8352731689812327,0.8352731689812327,-1.5634293794381362,clean,,,2022-11-20 06:02:14,2022-11-20 05:54:55.483491,438.516509
ingv,ECPN,sim1,template2,198992,2022-11-20 06:04:56,0.3825912649768299,-1.4487648285986705,0.8463729181714836,0.8463729181714836,-1.4487648285986705,clean,,,2022-11-20 06:04:56,2022-11-20 06:11:58.115392,-422.115392
ingv,EC1,sim3,template1,200884,2022-11-20 07:34:22,0.2155880152484908,-1.5733560315294357,0.8343191239315729,0.8343191239315729,-1.5733560315294357,clean,,,2022-11-20 07:34:22,2022-11-20 07:42:04.662415,-462.662415
ingv,ECPN,sim3,template4,200917,2022-11-20 07:34:55,0.2005799332685165,0.4596595404658871,1.0543455685536736,1.0543455685536736,0.4596595404658871,clean,,,2022-11-20 07:34:55,2022-11-20 07:42:04.662415,-429.662415
ingv,ECPN,sim1,template4,200925,2022-11-20 07:35:03,0.2225395148257651,0.4529625820821956,1.0535329647385063,1.0535329647385063,0.4529625820821956,clean,,,2022-11-20 07:35:03,2022-11-20 07:42:04.662415,-421.662415
ingv,ECPN,sim1,template3,200947,2022-11-20 07:49:25,0.2645414803685338,0.2164961751482224,1.0252382691456368,1.0252382691456368,0.2164961751482224,clean,,,2022-11-20 07:49:25,2022-11-20 07:42:04.662415,440.337585
ingv,ECPN,sim2,template2,200950,2022-11-20 07:49:28,0.2235232524611926,0.2194398176624125,1.0255857806301143,1.0255857806301143,0.2194398176624125,clean,,,2022-11-20 07:49:28,2022-11-20 07:42:04.662415,443.337585
ingv,ECPN,sim4,template2,201022,2022-11-20 07:50:40,0.3061722806838581,0.171030905972448,1.0198858004924842,1.0198858004924842,0.171030905972448,clean,,,2022-11-20 07:50:40,2022-11-20 07:42:04.662415,515.337585
ingv,ECPN,sim2,template4,201033,2022-11-20 07:50:51,0.2123891677156465,0.4542172274368323,1.0536851547576294,1.0536851547576294,0.4542172274368323,clean,,,2022-11-20 07:50:51,2022-11-20 07:42:04.662415,526.337585
ingv,ECPN,sim1,template1,201049,2022-11-20 07:51:07,0.3762164525669498,0.1979159461025641,1.023047497344131,1.023047497344131,0.1979159461025641,clean,,,2022-11-20 07:51:07,2022-11-20 07:42:04.662415,542.337585
ingv,ECPN,sim3,template2,201070,2022-11-20 07:51:28,0.3439124245683705,0.1470624406564875,1.0170753341292955,1.0170753341292955,0.1470624406564875,clean,,,2022-11-20 07:51:28,2022-11-20 07:42:04.662415,563.337585
ingv,ECPN,sim3,template3,206108,2022-11-20 10:23:28,0.2326038522579736,0.6600784115129403,1.0789564624211354,1.0789564624211354,0.6600784115129403,clean,,,2022-11-20 10:23:28,2022-11-20 10:15:15.611412,492.388588
ingv,ECPN,sim2,template1,206710,2022-11-20 10:57:36,0.3890541222802161,0.5336336702615484,1.0633633395182729,1.0633633395182729,0.5336336702615484,clean,,,2022-11-20 10:57:36,2022-11-20 10:49:41.367701,474.632299
ingv,EC1,sim1,template2,206743,2022-11-20 10:58:09,0.2537417804786355,0.4297847920754636,1.050725421005133,1.050725421005133,0.4297847920754636,clean,,,2022-11-20 10:58:09,2022-11-20 10:49:41.367701,507.632299
ingv,ECPN,sim2,template2,206773,2022-11-20 10:58:39,0.3599655820983913,0.4901066984706848,1.0580479130990674,1.0580479130990674,0.4901066984706848,clean,,,2022-11-20 10:58:39,2022-11-20 10:49:41.367701,537.632299
ingv,ECPN,sim4,template1,206815,2022-11-20 10:59:21,0.334192911024726,0.5048212831688127,1.059841849134013,1.059841849134013,0.5048212831688127,clean,,,2022-11-20 10:59:21,2022-11-20 10:49:41.367701,579.632299
ingv,EC1,sim1,template1,210999,2022-11-20 15:16:05,0.2640972540518457,-2.8031181328222043,0.7241759427100212,0.7241759427100212,-2.8031181328222043,clean,,,2022-11-20 15:16:05,2022-11-20 15:08:57.178176,427.821824
ingv,ECPN,sim1,template3,211051,2022-11-20 15:16:57,0.3682453694984411,-0.4179093830024935,0.9530255212545314,0.9530255212545314,-0.4179093830024935,clean,,,2022-11-20 15:16:57,2022-11-20 15:08:57.178176,479.821824
ingv,ECPN,sim1,template3,213555,2022-11-20 17:26:46,0.2346837647999138,-0.8891204803831956,0.9027011089475238,0.9027011089475238,-0.8891204803831956,clean,,,2022-11-20 17:26:46,2022-11-20 17:19:44.186307,421.813693
ingv,EC1,sim4,template1,213582,2022-11-20 17:27:13,0.3199817057274292,-0.6225941578164886,0.9308298290951804,0.9308298290951804,-0.6225941578164886,clean,,,2022-11-20 17:27:13,2022-11-20 17:19:44.186307,448.813693
ingv,ECPN,sim2,template1,213638,2022-11-20 17:28:09,0.2938068637614568,-0.9044875703602506,0.9011054606155484,0.9011054606155484,-0.9044875703602506,clean,,,2022-11-20 17:28:09,2022-11-20 17:19:44.186307,504.813693
ingv,ECPN,sim2,template4,213649,2022-11-20 17:28:20,0.2830090847940311,0.0622287201902535,1.0071900714997062,1.0071900714997062,0.0622287201902535,clean,,,2022-11-20 17:28:20,2022-11-20 17:19:44.186307,515.813693
ingv,EC1,sim1,template2,221305,2022-11-20 20:36:36,0.2599699268853418,-0.790931575697777,0.9129635132302192,0.9129635132302192,-0.790931575697777,clean,,,2022-11-20 20:36:36,2022-11-20 20:27:31.587289,544.412711
ingv,EC1,sim1,template3,225199,2022-11-21 00:25:52,0.229481121222517,-0.9508052890223244,0.8963130828279045,0.8963130828279045,-0.9508052890223244,clean,,,2022-11-21 00:25:52,2022-11-21 00:33:41.502557,-469.502557
ingv,EC1,sim1,template4,225218,2022-11-21 00:26:11,0.2111069760368574,-0.7575532934951246,0.916478614331352,0.916478614331352,-0.7575532934951246,clean,,,2022-11-21 00:26:11,2022-11-21 00:33:41.502557,-450.502557
ingv,ECPN,sim2,template3,225343,2022-11-21 00:42:16,0.2631040249853206,-1.6118534477647142,0.8306294550433213,0.8306294550433213,-1.6118534477647142,clean,,,2022-11-21 00:42:16,2022-11-21 00:33:41.502557,514.497443
ingv,EC1,sim2,template1,225353,2022-11-21 00:42:26,0.3094753112573129,-0.9120275443323544,0.9003235759864765,0.9003235759864765,-0.9120275443323544,clean,,,2022-11-21 00:42:26,2022-11-21 00:33:41.502557,524.497443
ingv,ECPN,sim1,template1,226414,2022-11-21 01:29:48,0.2133394669494996,-0.8692221536746423,0.9047714589889612,0.9047714589889612,-0.8692221536746423,clean,,,2022-11-21 01:29:48,2022-11-21 01:20:29.164027,558.835973
ingv,EC1,sim4,template3,228184,2022-11-21 02:23:30,0.230620115042342,-1.1540000301990356,0.8755883983688758,0.8755883983688758,-1.1540000301990356,clean,,,2022-11-21 02:23:30,2022-11-21 02:15:58.425654,451.574346
ingv,ECPN,sim2,template3,228297,2022-11-21 02:25:23,0.3585288196548494,-1.326328760573462,0.8583878503270301,0.8583878503270301,-1.326328760573462,clean,,,2022-11-21 02:25:23,2022-11-21 02:15:58.425654,564.574346
ingv,EC1,sim1,template1,228304,2022-11-21 02:25:30,0.3981430826355105,-0.9945022947109576,0.8918152310496263,0.8918152310496263,-0.9945022947109576,clean,,,2022-11-21 02:25:30,2022-11-21 02:15:58.425654,571.574346
ingv,EC1,sim1,template4,228320,2022-11-21 02:25:46,0.2465865762763652,-0.5684986963247419,0.9366450993643642,0.9366450993643642,-0.5684986963247419,clean,,,2022-11-21 02:25:46,2022-11-21 02:15:58.425654,587.574346
ingv,EC1,sim3,template1,230556,2022-11-21 03:52:06,0.2054059115721042,-0.6555327470886462,0.9273066252160406,0.9273066252160406,-0.6555327470886462,clean,,,2022-11-21 03:52:06,2022-11-21 03:44:55.218619,430.781381
ingv,ECPN,sim3,template4,230572,2022-11-21 03:52:22,0.2606008777398882,-1.154959389173721,0.875491694722445,0.875491694722445,-1.154959389173721,clean,,,2022-11-21 03:52:22,2022-11-21 03:44:55.218619,446.781381
ingv,ECPN,sim4,template2,230589,2022-11-21 03:52:39,0.4226355716029315,-2.576304451199073,0.7433353343736183,0.7433353343736183,-2.576304451199073,clean,,,2022-11-21 03:52:39,2022-11-21 03:44:55.218619,463.781381
ingv,EC1,sim1,template2,230600,2022-11-21 03:52:50,0.3500196763893097,-0.6253433403764177,0.9305352575196544,0.9305352575196544,-0.6253433403764177,clean,,,2022-11-21 03:52:50,2022-11-21 03:44:55.218619,474.781381
ingv,ECPN,sim3,template2,230638,2022-11-21 03:53:28,0.4285994853262583,-2.885540857733851,0.7173365456713914,0.7173365456713914,-2.885540857733851,clean,,,2022-11-21 03:53:28,2022-11-21 03:44:55.218619,512.781381
ingv,ECPN,sim3,template2,231642,2022-11-21 04:10:12,0.2378394726467998,-2.1403475317305403,0.7815965314498665,0.7815965314498665,-2.1403475317305403,clean,,,2022-11-21 04:10:12,2022-11-21 04:18:27.125148,-495.125148
ingv,ECPN,sim1,template2,231711,2022-11-21 04:11:21,0.2492013918768338,-1.958148213375749,0.7981648337332858,0.7981648337332858,-1.958148213375749,clean,,,2022-11-21 04:11:21,2022-11-21 04:18:27.125148,-426.125148
ingv,EC1,sim1,template2,231785,2022-11-21 04:26:35,0.3134827714532587,-0.2192096283619351,0.9750783608362334,0.9750783608362334,-0.2192096283619351,clean,,,2022-11-21 04:26:35,2022-11-21 04:18:27.125148,487.874852
ingv,ECPN,sim3,template4,231806,2022-11-21 04:26:56,0.289236289188464,-0.9787162714662988,0.8934375193143816,0.8934375193143816,-0.9787162714662988,clean,,,2022-11-21 04:26:56,2022-11-21 04:18:27.125148,508.874852
ingv,EC1,sim1,template1,232750,2022-11-21 05:19:55,0.3394161294021692,-0.0205630269018999,0.9976353941348436,0.9976353941348436,-0.0205630269018999,clean,,,2022-11-21 05:19:55,2022-11-21 05:10:18.558533,576.441467
ingv,ECPN,sim2,template2,236825,2022-11-21 07:31:08,0.3214885033450441,0.2843778607126159,1.0332820692020477,1.0332820692020477,0.2843778607126159,clean,,,2022-11-21 07:31:08,2022-11-21 07:40:35.836169,-567.836169
ingv,ECPN,sim4,template2,236870,2022-11-21 07:31:53,0.3274529771387569,0.3305128400300023,1.038784933477008,1.038784933477008,0.3305128400300023,clean,,,2022-11-21 07:31:53,2022-11-21 07:40:35.836169,-522.836169
ingv,EC1,sim2,template1,236919,2022-11-21 07:32:42,0.3232813998153285,0.6752370081068898,1.0808410990567403,1.0808410990567403,0.6752370081068898,clean,,,2022-11-21 07:32:42,2022-11-21 07:40:35.836169,-473.836169
ingv,ECPN,sim3,template2,236921,2022-11-21 07:32:44,0.3769979910652454,0.270500320186286,1.0316325012974457,1.0316325012974457,0.270500320186286,clean,,,2022-11-21 07:32:44,2022-11-21 07:40:35.836169,-471.836169
ingv,ECPN,sim3,template1,236945,2022-11-21 07:33:08,0.2786669905248609,0.2691323963914159,1.0314700443025293,1.0314700443025293,0.2691323963914159,clean,,,2022-11-21 07:33:08,2022-11-21 07:40:35.836169,-447.836169
ingv,EC1,sim1,template1,236950,2022-11-21 07:33:13,0.3752858433737023,0.7042299608093329,1.0844549065655298,1.0844549065655298,0.7042299608093329,clean,,,2022-11-21 07:33:13,2022-11-21 07:40:35.836169,-442.836169
ingv,ECPN,sim2,template3,236969,2022-11-21 07:33:32,0.2792910114884951,0.2709585018738923,1.0316869214670752,1.0316869214670752,0.2709585018738923,clean,,,2022-11-21 07:33:32,2022-11-21 07:40:35.836169,-423.836169
ingv,ECPN,sim1,template2,236995,2022-11-21 07:47:58,0.363784032715194,0.2360677129602731,1.0275509986097284,1.0275509986097284,0.2360677129602731,clean,,,2022-11-21 07:47:58,2022-11-21 07:40:35.836169,442.163831
ingv,EC1,sim1,template3,237040,2022-11-21 07:48:43,0.2427800274363965,0.7257135063419491,1.087140500498103,1.087140500498103,0.7257135063419491,clean,,,2022-11-21 07:48:43,2022-11-21 07:40:35.836169,487.163831
ingv,ECPN,sim2,template4,237081,2022-11-21 07:49:24,0.2762221913409992,1.620476620224377,1.2051020660402652,1.2051020660402652,1.620476620224377,clean,,,2022-11-21 07:49:24,2022-11-21 07:40:35.836169,528.163831
ingv,ECPN,sim1,template1,237090,2022-11-21 07:49:33,0.3132747437599317,0.0944618765426902,1.0109346767506877,1.0109346767506877,0.0944618765426902,clean,,,2022-11-21 07:49:33,2022-11-21 07:40:35.836169,537.163831
ingv,ECPN,sim4,template3,237092,2022-11-21 07:49:35,0.2265895695389483,0.0886066751104378,1.0102534302955624,1.0102534302955624,0.0886066751104378,clean,,,2022-11-21 07:49:35,2022-11-21 07:40:35.836169,539.163831
ingv,ECPN,sim4,template1,237096,2022-11-21 07:49:39,0.2824531697785662,0.0785853168748421,1.0090885210178309,1.0090885210178309,0.0785853168748421,clean,,,2022-11-21 07:49:39,2022-11-21 07:40:35.836169,543.163831
ingv,ECPN,sim1,template3,241472,2022-11-21 09:02:35,0.2162049851418269,1.1442584957389674,1.140808963372823,1.140808963372823,1.1442584957389674,clean,,,2022-11-21 09:02:35,2022-11-21 09:12:05.604821,-570.604821
ingv,ECPN,sim3,template2,241495,2022-11-21 09:02:58,0.2449650769693996,1.1260257090799473,1.1384167719536231,1.1384167719536231,1.1260257090799473,clean,,,2022-11-21 09:02:58,2022-11-21 09:12:05.604821,-547.604821
ingv,EC1,sim3,template1,241570,2022-11-21 09:04:13,0.2382174262764415,-0.2853146061296436,0.9676855805557194,0.9676855805557194,-0.2853146061296436,clean,,,2022-11-21 09:04:13,2022-11-21 09:12:05.604821,-472.604821
ingv,ECPN,sim2,template3,244879,2022-11-21 10:13:22,0.3233641772067738,2.5109378298294542,1.3352017457144134,1.3352017457144134,2.5109378298294542,clean,,,2022-11-21 10:13:22,2022-11-21 10:22:51.667691,-569.667691
ingv,EC1,sim4,template3,244997,2022-11-21 10:15:20,0.3747102643746081,-0.353098391742649,0.9601632521457716,0.9601632521457716,-0.353098391742649,clean,,,2022-11-21 10:15:20,2022-11-21 10:22:51.667691,-451.667691
ingv,ECPN,sim1,template2,245061,2022-11-21 10:30:24,0.221862633842797,3.089984354002272,1.4272472592448824,1.4272472592448824,3.089984354002272,clean,,,2022-11-21 10:30:24,2022-11-21 10:22:51.667691,452.332309
ingv,EC1,sim1,template1,247516,2022-11-21 12:04:32,0.3851453266982308,-1.4645633999886976,0.8448348684897505,0.8448348684897505,-1.4645633999886976,clean,,,2022-11-21 12:04:32,2022-11-21 11:56:44.863818,467.136182
ingv,ECPN,sim3,template3,248531,2022-11-21 12:21:27,0.2746596763257968,1.6133831736656652,1.2041183052676596,1.2041183052676596,1.6133831736656652,clean,,,2022-11-21 12:21:27,2022-11-21 12:30:56.400519,-569.400519
ingv,EC1,sim3,template1,248564,2022-11-21 12:22:00,0.3039144233385117,-0.6328021216773988,0.929736527617983,0.929736527617983,-0.6328021216773988,clean,,,2022-11-21 12:22:00,2022-11-21 12:30:56.400519,-536.400519
ingv,EC1,sim4,template1,248741,2022-11-21 12:38:57,0.3639927609798069,-0.6685982181574192,0.9259128025185068,0.9259128025185068,-0.6685982181574192,clean,,,2022-11-21 12:38:57,2022-11-21 12:30:56.400519,480.599481
ingv,EC1,sim2,template3,248759,2022-11-21 12:39:15,0.4225762992977536,-0.6560495919676063,0.92725144843607,0.92725144843607,-0.6560495919676063,clean,,,2022-11-21 12:39:15,2022-11-21 12:30:56.400519,498.599481
ingv,ECPN,sim1,template2,248826,2022-11-21 12:40:22,0.2277596630313609,1.8082556837344423,1.2314386611357542,1.2314386611357542,1.8082556837344423,clean,,,2022-11-21 12:40:22,2022-11-21 12:30:56.400519,565.599481
ingv,ECPN,sim2,template2,248849,2022-11-21 12:40:45,0.2446148890476996,1.7816942507215543,1.2276786761344587,1.2276786761344587,1.7816942507215543,clean,,,2022-11-21 12:40:45,2022-11-21 12:30:56.400519,588.599481
ingv,ECPN,sim1,template2,253906,2022-11-21 17:21:09,0.3347265974707344,-0.6535021328293716,0.927523439181972,0.927523439181972,-0.6535021328293716,clean,,,2022-11-21 17:21:09,2022-11-21 17:28:09.942538,-420.942538
ingv,ECPN,sim3,template3,254004,2022-11-21 17:36:47,0.2364385015363716,-0.7519041466929176,0.9170748694569704,0.9170748694569704,-0.7519041466929176,clean,,,2022-11-21 17:36:47,2022-11-21 17:28:09.942538,517.057462
ingv,ECPN,sim1,template3,254054,2022-11-21 17:37:37,0.3248347033631608,-0.8173060392988372,0.9101955293583563,0.9101955293583563,-0.8173060392988372,clean,,,2022-11-21 17:37:37,2022-11-21 17:28:09.942538,567.057462
ingv,ECPN,sim4,template3,259703,2022-11-21 19:31:46,0.2686298222024471,-3.200576422658281,0.6917850603868122,0.6917850603868122,-3.200576422658281,clean,,,2022-11-21 19:31:46,2022-11-21 19:40:17.619212,-511.619212
ingv,EC1,sim2,template1,259721,2022-11-21 19:32:04,0.2945341824875715,-1.0010953479167617,0.8911385526042084,0.8911385526042084,-1.0010953479167617,clean,,,2022-11-21 19:32:04,2022-11-21 19:40:17.619212,-493.619212
ingv,ECPN,sim1,template2,259765,2022-11-21 19:32:48,0.2533376191491152,-3.264402404701545,0.6867202906542146,0.6867202906542146,-3.264402404701545,clean,,,2022-11-21 19:32:48,2022-11-21 19:40:17.619212,-449.619212
ingv,EC1,sim4,template2,268158,2022-11-22 00:26:16,0.3167418132388843,-1.9708709438172065,0.7969965708507121,0.7969965708507121,-1.9708709438172065,clean,,,2022-11-22 00:26:16,2022-11-22 00:35:23.476508,-547.476508
ingv,ECPN,sim1,template1,268185,2022-11-22 00:26:43,0.4355263175198854,-3.977774781514373,0.6325738882978174,0.6325738882978174,-3.977774781514373,clean,,,2022-11-22 00:26:43,2022-11-22 00:35:23.476508,-520.476508
ingv,EC1,sim3,template2,268242,2022-11-22 00:27:40,0.2601972332843489,-2.126835065880229,0.7828133919145346,0.7828133919145346,-2.126835065880229,clean,,,2022-11-22 00:27:40,2022-11-22 00:35:23.476508,-463.476508
ingv,EC1,sim3,template4,268286,2022-11-22 00:42:24,0.2744754673800803,-2.004908241508961,0.7938795007862695,0.7938795007862695,-2.004908241508961,clean,,,2022-11-22 00:42:24,2022-11-22 00:35:23.476508,420.523492
ingv,EC1,sim1,template3,272366,2022-11-22 01:50:24,0.2821511080638081,-2.5413841542859634,0.7463298163129456,0.7463298163129456,-2.5413841542859634,clean,,,2022-11-22 01:50:24,2022-11-22 01:59:14.000249,-530.000249
ingv,EC1,sim1,template3,284917,2022-11-22 18:33:52,0.3143206907213534,1.6085528041369688,1.2034488609583889,1.2034488609583889,1.6085528041369688,clean,,,2022-11-22 18:33:52,2022-11-22 18:43:24.164760,-572.16476
ingv,EC1,sim4,template2,285013,2022-11-22 18:35:28,0.2569236499028177,1.0783139366373542,1.1321805684253687,1.1321805684253687,1.0783139366373542,clean,,,2022-11-22 18:35:28,2022-11-22 18:43:24.164760,-476.16476
ingv,EC1,sim3,template1,285105,2022-11-22 18:51:00,0.2027634419463716,1.0110492938822575,1.123446678804352,1.123446678804352,1.0110492938822575,clean,,,2022-11-22 18:51:00,2022-11-22 18:43:24.164760,455.83524
ingv,ECPN,sim4,template1,284423,2022-11-22 18:52:52,0.2631370562253663,-1.1409392369414664,0.8769059929718098,0.8769059929718098,-1.1409392369414664,clean,,,2022-11-22 18:52:52,2022-11-22 18:43:24.164760,567.83524
ingv,EC1,sim2,template2,287717,2022-11-22 20:47:12,0.2154808930097454,-0.9679591564887726,0.8945446901712727,0.8945446901712727,-0.9679591564887726,clean,,,2022-11-22 20:47:12,2022-11-22 20:56:24.529774,-552.529774
ingv,EC1,sim2,template4,287733,2022-11-22 20:47:28,0.2949752436572264,-0.0224327019603756,0.997420671941261,0.997420671941261,-0.0224327019603756,clean,,,2022-11-22 20:47:28,2022-11-22 20:56:24.529774,-536.529774
ingv,ECPN,sim4,template2,286995,2022-11-22 20:48:24,0.2175159211287886,-1.5425702758731266,0.8372814821980578,0.8372814821980578,-1.5425702758731266,clean,,,2022-11-22 20:48:24,2022-11-22 20:56:24.529774,-480.529774
ingv,ECPN,sim3,template1,295285,2022-11-23 02:13:46,0.203265193407426,0.6088495501126541,1.0726115705542696,1.0726115705542696,0.6088495501126541,clean,,,2022-11-23 02:13:46,2022-11-23 02:05:29.138134,496.861866
ingv,ECPN,sim1,template3,295324,2022-11-23 02:14:25,0.3946147775508872,0.5893457131983602,1.07020576389489,1.07020576389489,0.5893457131983602,clean,,,2022-11-23 02:14:25,2022-11-23 02:05:29.138134,535.861866
ingv,EC1,sim1,template3,296293,2022-11-23 02:17:20,0.3099406121226161,-1.101312256359364,0.8809157749946692,0.8809157749946692,-1.101312256359364,clean,,,2022-11-23 02:17:20,2022-11-23 02:25:56.341641,-516.341641
ingv,ECPN,sim1,template1,295639,2022-11-23 02:33:40,0.2076410437357731,-0.958463946142371,0.8955231200966113,0.8955231200966113,-0.958463946142371,clean,,,2022-11-23 02:33:40,2022-11-23 02:25:56.341641,463.658359
ingv,EC1,sim3,template1,296470,2022-11-23 02:34:17,0.3178048856596822,-1.2125925806560007,0.8697018040916645,0.8697018040916645,-1.2125925806560007,clean,,,2022-11-23 02:34:17,2022-11-23 02:25:56.341641,500.658359
ingv,ECPN,sim4,template4,295690,2022-11-23 02:34:31,0.2099308497054063,0.6140875833399316,1.0732586049634385,1.0732586049634385,0.6140875833399316,clean,,,2022-11-23 02:34:31,2022-11-23 02:25:56.341641,514.658359
ingv,EC1,sim1,template4,296491,2022-11-23 02:34:38,0.2078928449814809,0.8474139379030616,1.1024799420820923,1.1024799420820923,0.8474139379030616,clean,,,2022-11-23 02:34:38,2022-11-23 02:25:56.341641,521.658359
ingv,EC1,sim1,template1,296505,2022-11-23 02:34:52,0.3072088668215509,-1.2150022864439065,0.8694605582459087,0.8694605582459087,-1.2150022864439065,clean,,,2022-11-23 02:34:52,2022-11-23 02:25:56.341641,535.658359
ingv,EC1,sim1,template1,300128,2022-11-23 06:30:15,0.3023828257893269,0.6096651444880147,1.072712292192893,1.072712292192893,0.6096651444880147,clean,,,2022-11-23 06:30:15,2022-11-23 06:39:59.128297,-584.128297
ingv,EC1,sim4,template3,300130,2022-11-23 06:30:17,0.2677687269170157,0.604718706148927,1.0721015781662413,1.0721015781662413,0.604718706148927,clean,,,2022-11-23 06:30:17,2022-11-23 06:39:59.128297,-582.128297
ingv,EC1,sim2,template2,300140,2022-11-23 06:30:27,0.3022651325756588,0.5896511409750189,1.0702433969212934,1.0702433969212934,0.5896511409750189,clean,,,2022-11-23 06:30:27,2022-11-23 06:39:59.128297,-572.128297
ingv,ECPN,sim3,template3,299363,2022-11-23 06:30:44,0.2647830864707179,0.081677931631771,1.00944787139118,1.00944787139118,0.081677931631771,clean,,,2022-11-23 06:30:44,2022-11-23 06:39:59.128297,-555.128297
ingv,ECPN,sim2,template1,299476,2022-11-23 06:32:37,0.3978927285936726,0.0346073373471709,1.0039922648971886,1.0039922648971886,0.0346073373471709,clean,,,2022-11-23 06:32:37,2022-11-23 06:39:59.128297,-442.128297
ingv,ECPN,sim2,template2,299524,2022-11-23 06:47:25,0.2201417354998651,0.0535384334854622,1.006182875494312,1.006182875494312,0.0535384334854622,clean,,,2022-11-23 06:47:25,2022-11-23 06:39:59.128297,445.871703
ingv,EC1,sim4,template2,300430,2022-11-23 06:49:17,0.3005944676614741,0.8876047654277547,1.1075930916462706,1.1075930916462706,0.8876047654277547,clean,,,2022-11-23 06:49:17,2022-11-23 06:39:59.128297,557.871703
ingv,ECPN,sim2,template3,299652,2022-11-23 06:49:33,0.2020439480011701,0.1549350093698778,1.0179975914347692,1.0179975914347692,0.1549350093698778,clean,,,2022-11-23 06:49:33,2022-11-23 06:39:59.128297,573.871703
ingv,EC1,sim4,template3,304859,2022-11-23 11:11:00,0.2025936748551147,1.6436008359664556,1.2083146520981438,1.2083146520981438,1.6436008359664556,clean,,,2022-11-23 11:11:00,2022-11-23 11:20:30.575638,-570.575638
ingv,ECPN,sim1,template1,304127,2022-11-23 11:12:02,0.2216133188312646,0.3791220518514595,1.0446146268327634,1.0446146268327634,0.3791220518514595,clean,,,2022-11-23 11:12:02,2022-11-23 11:20:30.575638,-508.575638
ingv,EC1,sim1,template1,305045,2022-11-23 11:28:06,0.2813512903569027,2.112982526536817,1.2754079693222533,1.2754079693222533,2.112982526536817,clean,,,2022-11-23 11:28:06,2022-11-23 11:20:30.575638,455.424362
ingv,EC1,sim4,template1,305133,2022-11-23 11:29:34,0.3203428507795501,2.053322808427778,1.266677745520488,1.266677745520488,2.053322808427778,clean,,,2022-11-23 11:29:34,2022-11-23 11:20:30.575638,543.424362
ingv,ECPN,sim4,template2,305250,2022-11-23 12:04:45,0.4652321056976481,0.517681920915613,1.0614122510562292,1.0614122510562292,0.517681920915613,clean,,,2022-11-23 12:04:45,2022-11-23 12:14:42.851458,-597.851458
ingv,EC1,sim3,template1,306050,2022-11-23 12:04:51,0.2418211974439884,2.0321355829956693,1.263591742491501,1.263591742491501,2.0321355829956693,clean,,,2022-11-23 12:04:51,2022-11-23 12:14:42.851458,-591.851458
ingv,ECPN,sim3,template2,305292,2022-11-23 12:05:27,0.481772652396536,0.431602252133093,1.0509453007604792,1.0509453007604792,0.431602252133093,clean,,,2022-11-23 12:05:27,2022-11-23 12:14:42.851458,-555.851458
ingv,ECPN,sim2,template2,305342,2022-11-23 12:06:17,0.3514846115394836,0.3809553598639658,1.044835134180542,1.044835134180542,0.3809553598639658,clean,,,2022-11-23 12:06:17,2022-11-23 12:14:42.851458,-505.851458
ingv,ECPN,sim1,template2,305351,2022-11-23 12:06:26,0.2119987858536372,0.3816476032928156,1.0449184082156238,1.0449184082156238,0.3816476032928156,clean,,,2022-11-23 12:06:26,2022-11-23 12:14:42.851458,-496.851458
ingv,EC1,sim1,template4,306370,2022-11-23 12:24:11,0.2988917718166076,0.5879051425806772,1.070028283037754,1.070028283037754,0.5879051425806772,clean,,,2022-11-23 12:24:11,2022-11-23 12:32:14.576468,-483.576468
ingv,ECPN,sim4,template1,305642,2022-11-23 12:39:17,0.3667273503509686,0.1284302666872644,1.014895935745212,1.014895935745212,0.1284302666872644,clean,,,2022-11-23 12:39:17,2022-11-23 12:32:14.576468,422.423532
ingv,EC1,sim2,template2,306548,2022-11-23 12:41:09,0.2531925798051376,1.4082459912034355,1.1760134792178434,1.1760134792178434,1.4082459912034355,clean,,,2022-11-23 12:41:09,2022-11-23 12:49:20.908588,-491.908588
ingv,EC1,sim1,template1,306721,2022-11-23 12:58:02,0.4378198150236518,1.094492564235798,1.1342913709105102,1.1342913709105102,1.094492564235798,clean,,,2022-11-23 12:58:02,2022-11-23 12:49:20.908588,521.091412
ingv,EC1,sim2,template3,306724,2022-11-23 12:58:05,0.2934746636127048,1.091187064231712,1.1338597873948906,1.1338597873948906,1.091187064231712,clean,,,2022-11-23 12:58:05,2022-11-23 12:49:20.908588,524.091412
ingv,ECPN,sim2,template3,305941,2022-11-23 12:58:16,0.4018220045905226,-0.2337727575013081,0.973444873074966,0.973444873074966,-0.2337727575013081,clean,,,2022-11-23 12:58:16,2022-11-23 12:49:20.908588,535.091412
ingv,EC1,sim4,template1,306745,2022-11-23 12:58:26,0.2687986909124956,1.0486483992259692,1.1283203473027892,1.1283203473027892,1.0486483992259692,clean,,,2022-11-23 12:58:26,2022-11-23 12:49:20.908588,545.091412
ingv,EC1,sim1,template2,312053,2022-11-23 15:58:44,0.2655975993467721,-0.8232391426223566,0.90957401096831,0.90957401096831,-0.8232391426223566,clean,,,2022-11-23 15:58:44,2022-11-23 16:07:37.857024,-533.857024
ingv,EC1,sim1,template3,312083,2022-11-23 15:59:14,0.3629762794234756,-0.7735017173360227,0.9147973842670206,0.9147973842670206,-0.7735017173360227,clean,,,2022-11-23 15:59:14,2022-11-23 16:07:37.857024,-503.857024
ingv,ECPN,sim1,template3,311333,2022-11-23 15:59:58,0.4066742092040761,-0.4847979563773288,0.945714618353244,0.945714618353244,-0.4847979563773288,clean,,,2022-11-23 15:59:58,2022-11-23 16:07:37.857024,-459.857024
ingv,EC1,sim2,template1,312137,2022-11-23 16:00:08,0.2635965366706326,-0.5691839575038186,0.9365712069671795,0.9365712069671795,-0.5691839575038186,clean,,,2022-11-23 16:00:08,2022-11-23 16:07:37.857024,-449.857024
ingv,ECPN,sim3,template1,313744,2022-11-23 18:56:17,0.3652726270171162,0.0319115592927733,1.0036807112779476,1.0036807112779476,0.0319115592927733,clean,,,2022-11-23 18:56:17,2022-11-23 19:05:14.186614,-537.186614
ingv,ECPN,sim2,template4,313759,2022-11-23 18:56:32,0.2194271014942608,-1.3834747495803228,0.8527589035559473,0.8527589035559473,-1.3834747495803228,clean,,,2022-11-23 18:56:32,2022-11-23 19:05:14.186614,-522.186614
ingv,ECPN,sim2,template2,313765,2022-11-23 18:56:38,0.3830158032863099,0.0751585786374032,1.0086904961343006,1.0086904961343006,0.0751585786374032,clean,,,2022-11-23 18:56:38,2022-11-23 19:05:14.186614,-516.186614
ingv,ECPN,sim4,template2,313771,2022-11-23 18:56:44,0.2907494972950876,0.085103604268493,1.0098460712419353,1.0098460712419353,0.085103604268493,clean,,,2022-11-23 18:56:44,2022-11-23 19:05:14.186614,-510.186614
ingv,ECPN,sim2,template2,319518,2022-11-23 23:57:26,0.3022222689839889,-1.1263537957469576,0.8783797401578253,0.8783797401578253,-1.1263537957469576,clean,,,2022-11-23 23:57:26,2022-11-23 23:47:42.562980,583.43702
ingv,EC1,sim4,template1,321897,2022-11-24 00:54:41,0.3284834545159523,-0.4037364556960002,0.9545818600910247,0.9545818600910247,-0.4037364556960002,clean,,,2022-11-24 00:54:41,2022-11-24 00:47:35.981704,425.018296
ingv,EC1,sim2,template3,321939,2022-11-24 00:55:23,0.2491508420092328,-0.4854341941956897,0.945645347686212,0.945645347686212,-0.4854341941956897,clean,,,2022-11-24 00:55:23,2022-11-24 00:47:35.981704,467.018296
ingv,EC1,sim1,template2,321967,2022-11-24 00:55:51,0.2117850241374937,-0.49498263137143,0.9446063667253752,0.9446063667253752,-0.49498263137143,clean,,,2022-11-24 00:55:51,2022-11-24 00:47:35.981704,495.018296
ingv,EC1,sim1,template3,322022,2022-11-24 00:56:46,0.2528528823929635,-0.5337488129855815,0.9403998676923396,0.9403998676923396,-0.5337488129855815,clean,,,2022-11-24 00:56:46,2022-11-24 00:47:35.981704,550.018296
ingv,ECPN,sim2,template4,321251,2022-11-24 00:57:09,0.2336433990619149,-2.246060679932531,0.7721416263369323,0.7721416263369323,-2.246060679932531,clean,,,2022-11-24 00:57:09,2022-11-24 00:47:35.981704,573.018296
ingv,EC1,sim1,template3,330793,2022-11-24 04:12:48,0.2773087469641247,-1.0877936593193969,0.8822878874663825,0.8822878874663825,-1.0877936593193969,clean,,,2022-11-24 04:12:48,2022-11-24 04:22:35.886143,-587.886143
ingv,ECPN,sim1,template2,330167,2022-11-24 04:33:07,0.3974407071542572,1.29114076189955,1.1602645895697212,1.1602645895697212,1.29114076189955,clean,,,2022-11-24 04:33:07,2022-11-24 04:26:06.424826,420.575174
ingv,ECPN,sim4,template4,330176,2022-11-24 04:33:16,0.2318721309160965,2.2534286898480405,1.2961982610931058,1.2961982610931058,2.2534286898480405,clean,,,2022-11-24 04:33:16,2022-11-24 04:26:06.424826,429.575174
ingv,ECPN,sim3,template3,330189,2022-11-24 04:33:29,0.2049835988637492,1.295184644472121,1.1608048987766777,1.1608048987766777,1.295184644472121,clean,,,2022-11-24 04:33:29,2022-11-24 04:26:06.424826,442.575174
ingv,EC1,sim4,template2,330986,2022-11-24 04:33:32,0.205532235153307,-1.3024620248296024,0.8607497371574002,0.8607497371574002,-1.3024620248296024,clean,,,2022-11-24 04:33:32,2022-11-24 04:26:06.424826,445.575174
ingv,ECPN,sim3,template4,330240,2022-11-24 04:34:20,0.2449124893726855,2.323731266861378,1.30673211090974,1.30673211090974,2.323731266861378,clean,,,2022-11-24 04:34:20,2022-11-24 04:26:06.424826,493.575174
ingv,EC1,sim3,template4,331063,2022-11-24 04:34:49,0.2473907022258555,-1.3319068027687562,0.8578367741884855,0.8578367741884855,-1.3319068027687562,clean,,,2022-11-24 04:34:49,2022-11-24 04:26:06.424826,522.575174
ingv,EC1,sim1,template2,331075,2022-11-24 04:35:01,0.2066406928246722,-1.3802267658291136,0.853077842098711,0.853077842098711,-1.3802267658291136,clean,,,2022-11-24 04:35:01,2022-11-24 04:26:06.424826,534.575174
ingv,ECPN,sim4,template3,330344,2022-11-24 04:36:04,0.2405895213753069,1.545974063738178,1.1948095994275263,1.1948095994275263,1.545974063738178,clean,,,2022-11-24 04:36:04,2022-11-24 04:26:06.424826,597.575174
ingv,ECPN,sim4,template2,334714,2022-11-24 07:37:08,0.3434719031913462,3.391410918803699,1.4776464880809117,1.4776464880809117,3.391410918803699,clean,,,2022-11-24 07:37:08,2022-11-24 07:30:06.687032,421.312968
ingv,ECPN,sim3,template2,334763,2022-11-24 07:37:57,0.3440041503288691,3.3093023737196265,1.463743969021431,1.463743969021431,3.3093023737196265,clean,,,2022-11-24 07:37:57,2022-11-24 07:30:06.687032,470.312968
ingv,EC1,sim3,template2,335572,2022-11-24 07:38:12,0.2512915672988363,-0.8412813361168945,0.9076866190318624,0.9076866190318624,-0.8412813361168945,clean,,,2022-11-24 07:38:12,2022-11-24 07:30:06.687032,485.312968
ingv,ECPN,sim3,template1,334815,2022-11-24 07:38:49,0.3874320000138305,3.3163969442725345,1.464940032694122,1.464940032694122,3.3163969442725345,clean,,,2022-11-24 07:38:49,2022-11-24 07:30:06.687032,522.312968
ingv,EC1,sim1,template2,335636,2022-11-24 07:39:16,0.3346723382658703,-0.8558675046561459,0.9061636248282248,0.9061636248282248,-0.8558675046561459,clean,,,2022-11-24 07:39:16,2022-11-24 07:30:06.687032,549.312968
ingv,EC1,sim2,template1,335640,2022-11-24 07:39:20,0.2944840788987035,-0.861516912601632,0.9055744366468578,0.9055744366468578,-0.861516912601632,clean,,,2022-11-24 07:39:20,2022-11-24 07:30:06.687032,553.312968
ingv,EC1,sim4,template3,335799,2022-11-24 07:57:51,0.4002326217163368,-0.9666778317893152,0.8946766613107773,0.8946766613107773,-0.9666778317893152,clean,,,2022-11-24 07:57:51,2022-11-24 07:50:26.058763,444.941237
ingv,ECPN,sim1,template1,335476,2022-11-24 08:36:29,0.2893856319583799,2.8984423942729967,1.396117978372962,1.396117978372962,2.8984423942729967,clean,,,2022-11-24 08:36:29,2022-11-24 08:27:23.362588,545.637412
ingv,ECPN,sim4,template1,335492,2022-11-24 08:36:45,0.252025816910905,2.890093714162849,1.394776706141839,1.394776706141839,2.890093714162849,clean,,,2022-11-24 08:36:45,2022-11-24 08:27:23.362588,561.637412
ingv,EC1,sim1,template3,336317,2022-11-24 08:37:16,0.2695247648477558,-0.9602782323845775,0.895336085069617,0.895336085069617,-0.9602782323845775,clean,,,2022-11-24 08:37:16,2022-11-24 08:27:23.362588,592.637412
ingv,ECPN,sim2,template2,341592,2022-11-24 10:48:25,0.3314813229112173,-1.0093147038148726,0.8902956774662819,0.8902956774662819,-1.0093147038148726,clean,,,2022-11-24 10:48:25,2022-11-24 10:58:03.372872,-578.372872
ingv,EC1,sim1,template2,342431,2022-11-24 10:49:10,0.2262379857327963,1.5161341470153735,1.1907119366128265,1.1907119366128265,1.5161341470153735,clean,,,2022-11-24 10:49:10,2022-11-24 10:58:03.372872,-533.372872
ingv,ECPN,sim1,template2,341653,2022-11-24 10:49:26,0.3804942925496033,-1.0359136281903882,0.8875734824839677,0.8875734824839677,-1.0359136281903882,clean,,,2022-11-24 10:49:26,2022-11-24 10:58:03.372872,-517.372872
ingv,ECPN,sim2,template3,341720,2022-11-24 10:50:33,0.3565511801198245,-0.8251286582879579,0.9093761650951594,0.9093761650951594,-0.8251286582879579,clean,,,2022-11-24 10:50:33,2022-11-24 10:58:03.372872,-450.372872
ingv,EC1,sim4,template2,348724,2022-11-24 16:21:04,0.4236107138139188,0.1761655099502986,1.020488877210466,1.020488877210466,0.1761655099502986,clean,,,2022-11-24 16:21:04,2022-11-24 16:13:13.760360,470.23964
ingv,ECPN,sim2,template2,347948,2022-11-24 16:21:22,0.3241500959295447,-0.2593146431855799,0.9705865479861452,0.9705865479861452,-0.2593146431855799,clean,,,2022-11-24 16:21:22,2022-11-24 16:13:13.760360,488.23964
ingv,ECPN,sim1,template2,348033,2022-11-24 16:22:47,0.3628322936454186,-0.1177229469181784,0.9865380780422756,0.9865380780422756,-0.1177229469181784,clean,,,2022-11-24 16:22:47,2022-11-24 16:13:13.760360,573.23964
ingv,EC1,sim2,template3,348841,2022-11-24 16:23:01,0.2359159694599251,-0.0957311402422009,0.9890390588899342,0.9890390588899342,-0.0957311402422009,clean,,,2022-11-24 16:23:01,2022-11-24 16:13:13.760360,587.23964
ingv,EC1,sim3,template1,349055,2022-11-24 16:26:35,0.2599828801524452,0.0595538201845206,1.0068799457622957,1.0068799457622957,0.0595538201845206,clean,,,2022-11-24 16:26:35,2022-11-24 16:36:06.526424,-571.526424
ingv,ECPN,sim3,template2,348274,2022-11-24 16:26:48,0.2205288588914401,-0.3848584167288118,0.9566588184283598,0.9566588184283598,-0.3848584167288118,clean,,,2022-11-24 16:26:48,2022-11-24 16:36:06.526424,-558.526424
ingv,ECPN,sim4,template1,348277,2022-11-24 16:26:51,0.3004723017243758,-0.3886016746724956,0.9562466270068882,0.9562466270068882,-0.3886016746724956,clean,,,2022-11-24 16:26:51,2022-11-24 16:36:06.526424,-555.526424
ingv,ECPN,sim3,template3,348318,2022-11-24 16:27:32,0.3105909431589502,-0.3815540972951038,0.957022823477152,0.957022823477152,-0.3815540972951038,clean,,,2022-11-24 16:27:32,2022-11-24 16:36:06.526424,-514.526424
ingv,EC1,sim3,template2,349131,2022-11-24 16:27:51,0.3771329258669581,0.1346963462822229,1.0156283550369547,1.0156283550369547,0.1346963462822229,clean,,,2022-11-24 16:27:51,2022-11-24 16:36:06.526424,-495.526424
ingv,EC1,sim4,template2,350159,2022-11-24 17:18:46,0.3258739792367561,-0.3309846816418704,0.9626108797663846,0.9626108797663846,-0.3309846816418704,clean,,,2022-11-24 17:18:46,2022-11-24 17:28:37.062446,-591.062446
ingv,ECPN,sim1,template2,349404,2022-11-24 17:19:25,0.3337729932635928,-0.6121112350008324,0.93195391751222,0.93195391751222,-0.6121112350008324,clean,,,2022-11-24 17:19:25,2022-11-24 17:28:37.062446,-552.062446
ingv,ECPN,sim1,template1,349464,2022-11-24 17:20:25,0.2460955071661158,-0.6056502292024425,0.9326474100579248,0.9326474100579248,-0.6056502292024425,clean,,,2022-11-24 17:20:25,2022-11-24 17:28:37.062446,-492.062446
ingv,EC1,sim3,template2,350265,2022-11-24 17:20:32,0.3656105048972163,-0.5872932116637891,0.934620579180348,0.934620579180348,-0.5872932116637891,clean,,,2022-11-24 17:20:32,2022-11-24 17:28:37.062446,-485.062446
ingv,ECPN,sim4,template3,349476,2022-11-24 17:20:37,0.43386430008695,-0.5747766763010494,0.9359683564078694,0.9359683564078694,-0.5747766763010494,clean,,,2022-11-24 17:20:37,2022-11-24 17:28:37.062446,-480.062446
ingv,EC1,sim4,template3,350447,2022-11-24 17:37:34,0.2189901822869233,-0.9280529862615696,0.8986640129387642,0.8986640129387642,-0.9280529862615696,clean,,,2022-11-24 17:37:34,2022-11-24 17:28:37.062446,536.937554
ingv,ECPN,sim2,template1,349670,2022-11-24 17:37:51,0.3612252744732495,-0.5251705840839658,0.941329070164414,0.941329070164414,-0.5251705840839658,clean,,,2022-11-24 17:37:51,2022-11-24 17:28:37.062446,553.937554
ingv,ECPN,sim3,template2,352220,2022-11-24 18:20:21,0.2010270595114441,-2.7467320402279065,0.7288923597686088,0.7288923597686088,-2.7467320402279065,clean,,,2022-11-24 18:20:21,2022-11-24 18:30:12.981234,-591.981234
ingv,EC1,sim2,template3,353021,2022-11-24 18:20:28,0.4360953429183894,-1.4035946725172768,0.8507858659291675,0.8507858659291675,-1.4035946725172768,clean,,,2022-11-24 18:20:28,2022-11-24 18:30:12.981234,-584.981234
ingv,EC1,sim1,template2,356067,2022-11-24 20:26:45,0.2274562667537599,-0.9699984263875666,0.8943346939581108,0.8943346939581108,-0.9699984263875666,clean,,,2022-11-24 20:26:45,2022-11-24 20:36:29.191435,-584.191435
ingv,EC1,sim3,template3,356134,2022-11-24 20:27:52,0.2123720661742848,-0.930572162736368,0.8984034103906439,0.8984034103906439,-0.930572162736368,clean,,,2022-11-24 20:27:52,2022-11-24 20:36:29.191435,-517.191435
ingv,EC1,sim4,template2,356345,2022-11-24 20:45:23,0.2409599856463639,-1.367851904806864,0.85429409557121,0.85429409557121,-1.367851904806864,clean,,,2022-11-24 20:45:23,2022-11-24 20:36:29.191435,533.808565
ingv,ECPN,sim4,template3,357058,2022-11-24 21:10:30,0.2117521463362446,0.8124679711918041,1.09805324206209,1.09805324206209,0.8124679711918041,clean,,,2022-11-24 21:10:30,2022-11-24 21:19:07.343880,-517.34388
ingv,ECPN,sim4,template1,357076,2022-11-24 21:10:48,0.2085957186020852,0.8194188987734153,1.0989323164768363,1.0989323164768363,0.8194188987734153,clean,,,2022-11-24 21:10:48,2022-11-24 21:19:07.343880,-499.34388
ingv,ECPN,sim1,template3,357098,2022-11-24 21:11:10,0.2378591878067494,0.8214108952143828,1.0991843712911462,1.0991843712911462,0.8214108952143828,clean,,,2022-11-24 21:11:10,2022-11-24 21:19:07.343880,-477.34388
ingv,EC1,sim2,template1,357916,2022-11-24 21:11:34,0.2129529801124247,-0.6120774547471952,0.931957541976983,0.931957541976983,-0.6120774547471952,clean,,,2022-11-24 21:11:34,2022-11-24 21:19:07.343880,-453.34388
ingv,EC1,sim2,template1,359185,2022-11-24 22:51:43,0.2377207693974504,0.8466911954815372,1.1023882098696902,1.1023882098696902,0.8466911954815372,clean,,,2022-11-24 22:51:43,2022-11-24 23:01:36.348540,-593.34854
ingv,EC1,sim3,template1,359209,2022-11-24 22:52:07,0.3374038613736817,0.8290608208247592,1.1001528826353022,1.1001528826353022,0.8290608208247592,clean,,,2022-11-24 22:52:07,2022-11-24 23:01:36.348540,-569.34854
ingv,ECPN,sim4,template3,358441,2022-11-24 22:52:33,0.2657566760803705,1.4351084572172657,1.1796561138000752,1.1796561138000752,1.4351084572172657,clean,,,2022-11-24 22:52:33,2022-11-24 23:01:36.348540,-543.34854
ingv,ECPN,sim2,template1,358560,2022-11-24 22:54:32,0.2161265083740999,1.4269197699959568,1.1785445082723949,1.1785445082723949,1.4269197699959568,clean,,,2022-11-24 22:54:32,2022-11-24 23:01:36.348540,-424.34854
ingv,EC1,sim1,template3,359386,2022-11-24 23:09:04,0.2270282211850319,0.7702114780795719,1.0927242317646653,1.0927242317646653,0.7702114780795719,clean,,,2022-11-24 23:09:04,2022-11-24 23:01:36.348540,447.65146
ingv,EC1,sim2,template3,359409,2022-11-24 23:09:27,0.2035369165055407,0.8276251477669625,1.099971055626993,1.099971055626993,0.8276251477669625,clean,,,2022-11-24 23:09:27,2022-11-24 23:01:36.348540,470.65146
ingv,EC1,sim4,template3,359441,2022-11-24 23:09:59,0.2386469578832213,0.8311892105872827,1.1004224970491108,1.1004224970491108,0.8311892105872827,clean,,,2022-11-24 23:09:59,2022-11-24 23:01:36.348540,502.65146
ingv,EC1,sim4,template4,359866,2022-11-25 00:31:22,0.2026449230757027,2.723567517923745,1.36829070232783,1.36829070232783,2.723567517923745,clean,,,2022-11-25 00:31:22,2022-11-25 00:21:51.594094,570.405906
ingv,EC1,sim4,template1,359877,2022-11-25 00:31:33,0.2577431292168056,1.4448564406033069,1.1809807591479662,1.1809807591479662,1.4448564406033069,clean,,,2022-11-25 00:31:33,2022-11-25 00:21:51.594094,581.405906
ingv,ECPN,sim4,template1,359913,2022-11-25 00:45:23,0.2719561628414997,0.3050244349695461,1.0357411276715631,1.0357411276715631,0.3050244349695461,clean,,,2022-11-25 00:45:23,2022-11-25 00:54:09.545697,-526.545697
ingv,EC1,sim2,template2,360855,2022-11-25 01:09:37,0.2408856022899329,1.8910415517846035,1.2432317066505685,1.2432317066505685,1.8910415517846035,clean,,,2022-11-25 01:09:37,2022-11-25 01:17:02.536781,-445.536781
ingv,ECPN,sim2,template3,362624,2022-11-25 02:41:47,0.2645064214740199,0.5489233817446876,1.0652368191064652,1.0652368191064652,0.5489233817446876,clean,,,2022-11-25 02:41:47,2022-11-25 02:50:53.850292,-546.850292
ingv,EC1,sim3,template3,365705,2022-11-25 04:38:40,0.3183194790656719,3.1700615026710945,1.4404662098010068,1.4404662098010068,3.1700615026710945,clean,,,2022-11-25 04:38:40,2022-11-25 04:48:11.636286,-571.636286
ingv,EC1,sim4,template2,365893,2022-11-25 04:55:48,0.3196643758179359,3.5468754496604604,1.5043322722942851,1.5043322722942851,3.5468754496604604,clean,,,2022-11-25 04:55:48,2022-11-25 04:48:11.636286,456.363714
ingv,ECPN,sim2,template2,365115,2022-11-25 04:56:04,0.218800146729676,1.6584215302794083,1.2103781539103564,1.2103781539103564,1.6584215302794083,clean,,,2022-11-25 04:56:04,2022-11-25 04:48:11.636286,472.363714
ingv,ECPN,sim4,template3,365127,2022-11-25 04:56:16,0.4349103904337477,1.6299744957409112,1.2064205457956323,1.2064205457956323,1.6299744957409112,clean,,,2022-11-25 04:56:16,2022-11-25 04:48:11.636286,484.363714
ingv,ECPN,sim1,template1,365159,2022-11-25 04:56:48,0.2418323637102927,1.6133013151324946,1.2041069573346468,1.2041069573346468,1.6133013151324946,clean,,,2022-11-25 04:56:48,2022-11-25 04:48:11.636286,516.363714
ingv,EC1,sim3,template2,365988,2022-11-25 04:57:23,0.381566009087422,3.4821007728268123,1.4931555011116662,1.4931555011116662,3.4821007728268123,clean,,,2022-11-25 04:57:23,2022-11-25 04:48:11.636286,551.363714
ingv,EC1,sim1,template2,366008,2022-11-25 04:57:43,0.3761705938324257,3.451957979755054,1.4879827584659124,1.4879827584659124,3.451957979755054,clean,,,2022-11-25 04:57:43,2022-11-25 04:48:11.636286,571.363714
ingv,ECPN,sim4,template3,367396,2022-11-25 05:34:05,0.25218065697947,0.3700979175572916,1.0435298965578623,1.0435298965578623,0.3700979175572916,clean,,,2022-11-25 05:34:05,2022-11-25 05:43:39.862137,-574.862137
ingv,ECPN,sim4,template2,367420,2022-11-25 05:34:29,0.2370076298659779,0.4075738463075456,1.048042012270902,1.048042012270902,0.4075738463075456,clean,,,2022-11-25 05:34:29,2022-11-25 05:43:39.862137,-550.862137
ingv,ECPN,sim3,template2,367476,2022-11-25 05:35:25,0.2434477270998788,0.3293393001663572,1.0386445940033162,1.0386445940033162,0.3293393001663572,clean,,,2022-11-25 05:35:25,2022-11-25 05:43:39.862137,-494.862137
ingv,EC1,sim4,template3,369845,2022-11-25 06:52:04,0.3076664977261505,-2.31038222372971,0.766444811914518,0.766444811914518,-2.31038222372971,clean,,,2022-11-25 06:52:04,2022-11-25 06:43:24.431228,519.568772
ingv,EC1,sim4,template1,369894,2022-11-25 06:52:53,0.4262151031912731,-2.327519736660701,0.7649340848488146,0.7649340848488146,-2.327519736660701,clean,,,2022-11-25 06:52:53,2022-11-25 06:43:24.431228,568.568772
ingv,EC1,sim2,template2,369912,2022-11-25 06:53:11,0.2838862327336173,-2.325216970024204,0.7651369078502365,0.7651369078502365,-2.325216970024204,clean,,,2022-11-25 06:53:11,2022-11-25 06:43:24.431228,586.568772
ingv,ECPN,sim4,template1,374892,2022-11-25 09:30:46,0.217931842416879,-2.617888574536168,0.7397850852211814,0.7397850852211814,-2.617888574536168,clean,,,2022-11-25 09:30:46,2022-11-25 09:39:23.787649,-517.787649
ingv,ECPN,sim1,template4,374939,2022-11-25 09:31:33,0.227954329013131,-1.0885807689801648,0.8822079387352733,0.8822079387352733,-1.0885807689801648,clean,,,2022-11-25 09:31:33,2022-11-25 09:39:23.787649,-470.787649
ingv,EC1,sim2,template1,375825,2022-11-25 09:47:05,0.4142897381417072,-1.961772069025699,0.7978318994032526,0.7978318994032526,-1.961772069025699,clean,,,2022-11-25 09:47:05,2022-11-25 09:39:23.787649,461.212351
ingv,EC1,sim4,template2,380614,2022-11-25 11:06:54,0.3494006628896116,0.2209623819921643,1.0257655730590458,1.0257655730590458,0.2209623819921643,clean,,,2022-11-25 11:06:54,2022-11-25 11:15:14.135279,-500.135279
ingv,ECPN,sim3,template3,379833,2022-11-25 11:07:07,0.4141772403177451,-0.9154520051698388,0.8999686883162339,0.8999686883162339,-0.9154520051698388,clean,,,2022-11-25 11:07:07,2022-11-25 11:15:14.135279,-487.135279
ingv,ECPN,sim2,template3,379864,2022-11-25 11:07:38,0.2002221612598621,-0.9530020566128318,0.8960864229642261,0.8960864229642261,-0.9530020566128318,clean,,,2022-11-25 11:07:38,2022-11-25 11:15:14.135279,-456.135279
ingv,ECPN,sim4,template4,379876,2022-11-25 11:07:50,0.216484164053977,-0.8670754477279675,0.904995099673778,0.904995099673778,-0.8670754477279675,clean,,,2022-11-25 11:07:50,2022-11-25 11:15:14.135279,-444.135279
ingv,ECPN,sim2,template2,379908,2022-11-25 11:22:22,0.3120223708799358,-1.023356066762484,0.888857613393575,0.888857613393575,-1.023356066762484,clean,,,2022-11-25 11:22:22,2022-11-25 11:15:14.135279,427.864721
ingv,ECPN,sim4,template3,380006,2022-11-25 11:24:00,0.341008457113842,-1.1834691462072346,0.872622773053207,0.872622773053207,-1.1834691462072346,clean,,,2022-11-25 11:24:00,2022-11-25 11:15:14.135279,525.864721
ingv,ECPN,sim4,template2,380010,2022-11-25 11:24:04,0.3588872598424073,-1.1948712274082005,0.8714780212285804,0.8714780212285804,-1.1948712274082005,clean,,,2022-11-25 11:24:04,2022-11-25 11:15:14.135279,529.864721
ingv,ECPN,sim3,template2,380059,2022-11-25 11:24:53,0.4148213231428043,-1.3082334041167631,0.8601779980072455,0.8601779980072455,-1.3082334041167631,clean,,,2022-11-25 11:24:53,2022-11-25 11:15:14.135279,578.864721
ingv,ECPN,sim2,template1,382646,2022-11-25 13:25:55,0.2478245409257766,0.6676265059456159,1.0798944901021936,1.0798944901021936,0.6676265059456159,clean,,,2022-11-25 13:25:55,2022-11-25 13:35:52.221576,-597.221576
ingv,EC1,sim3,template2,383500,2022-11-25 13:26:55,0.3921395319994926,-0.6249579735174513,0.9305765434925776,0.9305765434925776,-0.6249579735174513,clean,,,2022-11-25 13:26:55,2022-11-25 13:35:52.221576,-537.221576
ingv,EC1,sim3,template4,383558,2022-11-25 13:27:53,0.2005900351890154,0.1310937285453611,1.0152071935688705,1.0152071935688705,0.1310937285453611,clean,,,2022-11-25 13:27:53,2022-11-25 13:35:52.221576,-479.221576
ingv,EC1,sim3,template4,387308,2022-11-25 15:46:00,0.2207317047888596,0.0107112691725713,1.0012339411158375,1.0012339411158375,0.0107112691725713,clean,,,2022-11-25 15:46:00,2022-11-25 15:54:30.988905,-510.988905
ingv,ECPN,sim4,template2,389877,2022-11-25 18:10:13,0.2430559042802058,0.4945371194465454,1.058587730385528,1.058587730385528,0.4945371194465454,clean,,,2022-11-25 18:10:13,2022-11-25 18:18:50.805412,-517.805412
ingv,EC1,sim4,template3,390711,2022-11-25 18:10:53,0.2421318086640273,1.425753186690189,1.1783862311031097,1.1783862311031097,1.425753186690189,clean,,,2022-11-25 18:10:53,2022-11-25 18:18:50.805412,-477.805412
ingv,EC1,sim4,template2,390741,2022-11-25 18:11:23,0.2736535066380574,1.4033382988135303,1.1753491969804597,1.1753491969804597,1.4033382988135303,clean,,,2022-11-25 18:11:23,2022-11-25 18:18:50.805412,-447.805412
ingv,EC1,sim3,template2,390811,2022-11-25 18:29:50,0.3175391553792083,1.4844843334858149,1.1863810925078602,1.1863810925078602,1.4844843334858149,clean,,,2022-11-25 18:29:50,2022-11-25 18:22:07.552533,462.447467
ingv,ECPN,sim1,template3,390043,2022-11-25 18:30:16,0.4780043848368901,0.7612220631912867,1.0915939076948724,1.0915939076948724,0.7612220631912867,clean,,,2022-11-25 18:30:16,2022-11-25 18:22:07.552533,488.447467
ingv,ECPN,sim1,template2,390065,2022-11-25 18:30:38,0.3732873542579902,0.8107649832240895,1.0978379747455294,1.0978379747455294,0.8107649832240895,clean,,,2022-11-25 18:30:38,2022-11-25 18:22:07.552533,510.447467
ingv,EC1,sim1,template4,390863,2022-11-25 18:30:42,0.2409900806093602,-0.5080561336897887,0.9431856689083672,0.9431856689083672,-0.5080561336897887,clean,,,2022-11-25 18:30:42,2022-11-25 18:22:07.552533,514.447467
ingv,EC1,sim2,template3,390885,2022-11-25 18:31:04,0.2590263725643907,1.4065636370803605,1.1757857213695255,1.1757857213695255,1.4065636370803605,clean,,,2022-11-25 18:31:04,2022-11-25 18:22:07.552533,536.447467
ingv,EC1,sim2,template1,390894,2022-11-25 18:31:13,0.214164151377647,1.4257010894973825,1.1783791632685947,1.1783791632685947,1.4257010894973825,clean,,,2022-11-25 18:31:13,2022-11-25 18:22:07.552533,545.447467
ingv,ECPN,sim2,template1,390120,2022-11-25 18:31:33,0.2131082809006352,0.8607298853992758,1.1041714008096302,1.1041714008096302,0.8607298853992758,clean,,,2022-11-25 18:31:33,2022-11-25 18:22:07.552533,565.447467
ingv,EC1,sim4,template3,391721,2022-11-25 18:45:00,0.332558169652489,1.2109021540885363,1.1495956391975446,1.1495956391975446,1.2109021540885363,clean,,,2022-11-25 18:45:00,2022-11-25 18:52:28.859059,-448.859059
ingv,EC1,sim2,template2,399376,2022-11-25 22:18:51,0.2120570539931375,-0.601392630901063,0.9331046817427376,0.9331046817427376,-0.601392630901063,clean,,,2022-11-25 22:18:51,2022-11-25 22:11:10.721484,460.278516
ingv,ECPN,sim3,template2,398592,2022-11-25 22:19:01,0.3261529902845355,-2.320923853631906,0.7655151804113133,0.7655151804113133,-2.320923853631906,clean,,,2022-11-25 22:19:01,2022-11-25 22:11:10.721484,470.278516
ingv,ECPN,sim3,template3,398616,2022-11-25 22:19:25,0.262610049745502,-2.3609729610774157,0.7619936495478353,0.7619936495478353,-2.3609729610774157,clean,,,2022-11-25 22:19:25,2022-11-25 22:11:10.721484,494.278516
ingv,ECPN,sim4,template2,401622,2022-11-26 00:17:04,0.3259405609711935,-0.9498487846606064,0.8964117917242633,0.8964117917242633,-0.9498487846606064,clean,,,2022-11-26 00:17:04,2022-11-26 00:26:34.196419,-570.196419
ingv,EC1,sim3,template2,402465,2022-11-26 00:17:53,0.3353067248475866,1.0149098203229543,1.1239461163707445,1.1239461163707445,1.0149098203229543,clean,,,2022-11-26 00:17:53,2022-11-26 00:26:34.196419,-521.196419
ingv,ECPN,sim4,template3,401685,2022-11-26 00:18:07,0.2523678870967907,-1.0739319140642083,0.883697048135371,0.883697048135371,-1.0739319140642083,clean,,,2022-11-26 00:18:07,2022-11-26 00:26:34.196419,-507.196419
ingv,ECPN,sim1,template1,401717,2022-11-26 00:18:39,0.3109113494510689,-1.058176000275134,0.8853014998457701,0.8853014998457701,-1.058176000275134,clean,,,2022-11-26 00:18:39,2022-11-26 00:26:34.196419,-475.196419
ingv,EC1,sim4,template2,405191,2022-11-26 02:01:48,0.2852096982979822,0.925150574011665,1.112391159399691,1.112391159399691,0.925150574011665,clean,,,2022-11-26 02:01:48,2022-11-26 02:09:48.965158,-480.965158
ingv,EC1,sim3,template2,405263,2022-11-26 02:17:00,0.3330108053157526,0.9279702158846588,1.112752326070659,1.112752326070659,0.9279702158846588,clean,,,2022-11-26 02:17:00,2022-11-26 02:09:48.965158,431.034842
ingv,ECPN,sim2,template4,404501,2022-11-26 02:17:32,0.270663662429736,1.7680457854886091,1.2257510932722189,1.2257510932722189,1.7680457854886091,clean,,,2022-11-26 02:17:32,2022-11-26 02:09:48.965158,463.034842
ingv,ECPN,sim3,template1,404616,2022-11-26 02:19:27,0.2411662803889918,-1.1165597206230873,0.8793707462151126,0.8793707462151126,-1.1165597206230873,clean,,,2022-11-26 02:19:27,2022-11-26 02:09:48.965158,578.034842
ingv,ECPN,sim1,template2,405524,2022-11-26 02:34:35,0.2088825475055218,0.3226362376389241,1.0378433618615994,1.0378433618615994,0.3226362376389241,clean,,,2022-11-26 02:34:35,2022-11-26 02:44:02.912239,-567.912239
ingv,EC1,sim3,template2,406411,2022-11-26 02:36:08,0.2285842116171889,0.0116311706923134,1.0013399849911953,1.0013399849911953,0.0116311706923134,clean,,,2022-11-26 02:36:08,2022-11-26 02:44:02.912239,-474.912239
ingv,ECPN,sim4,template3,405630,2022-11-26 02:36:21,0.2089059638313152,0.3287731782963026,1.0385769002744385,1.0385769002744385,0.3287731782963026,clean,,,2022-11-26 02:36:21,2022-11-26 02:44:02.912239,-461.912239
ingv,EC1,sim4,template3,414390,2022-11-26 08:32:28,0.2176170998028408,-1.2073065893610369,0.8702312415489926,0.8702312415489926,-1.2073065893610369,clean,,,2022-11-26 08:32:28,2022-11-26 08:24:16.438225,491.561775
ingv,EC1,sim3,template3,421738,2022-11-26 12:27:41,0.2894797996008504,2.8353127303747145,1.3860076792639642,1.3860076792639642,2.8353127303747145,clean,,,2022-11-26 12:27:41,2022-11-26 12:37:29.546713,-588.546713
ingv,ECPN,sim2,template4,420974,2022-11-26 12:28:11,0.2033111006129298,-2.881371664295366,0.7176809470884804,0.7176809470884804,-2.881371664295366,clean,,,2022-11-26 12:28:11,2022-11-26 12:37:29.546713,-558.546713
ingv,ECPN,sim1,template3,421080,2022-11-26 12:29:57,0.3719596200978272,0.2735889946734729,1.0319994117372029,1.0319994117372029,0.2735889946734729,clean,,,2022-11-26 12:29:57,2022-11-26 12:37:29.546713,-452.546713
ingv,EC1,sim3,template1,421924,2022-11-26 12:44:47,0.2710209702822852,2.8125700252511776,1.3823833720254788,1.3823833720254788,2.8125700252511776,clean,,,2022-11-26 12:44:47,2022-11-26 12:37:29.546713,437.453287
ingv,EC1,sim4,template2,421939,2022-11-26 12:45:02,0.3427555364691889,2.8188400329201686,1.3833816213521846,1.3833816213521846,2.8188400329201686,clean,,,2022-11-26 12:45:02,2022-11-26 12:37:29.546713,452.453287
ingv,ECPN,sim3,template1,421185,2022-11-26 12:45:42,0.3908134771381898,0.2400944868315743,1.0280274811526444,1.0280274811526444,0.2400944868315743,clean,,,2022-11-26 12:45:42,2022-11-26 12:37:29.546713,492.453287
ingv,ECPN,sim3,template2,421206,2022-11-26 12:46:03,0.3592651393704293,0.250160144879762,1.0292195031106544,1.0292195031106544,0.250160144879762,clean,,,2022-11-26 12:46:03,2022-11-26 12:37:29.546713,513.453287
ingv,EC1,sim3,template2,422030,2022-11-26 12:46:33,0.3981037361094936,2.556415016354375,1.3422108673893467,1.3422108673893467,2.556415016354375,clean,,,2022-11-26 12:46:33,2022-11-26 12:37:29.546713,543.453287
ingv,ECPN,sim3,template3,421256,2022-11-26 12:46:53,0.2948183202218034,0.0777285440222713,1.008988989818592,1.008988989818592,0.0777285440222713,clean,,,2022-11-26 12:46:53,2022-11-26 12:37:29.546713,563.453287
ingv,EC1,sim2,template2,422067,2022-11-26 12:47:10,0.3289168471147854,2.431120997778536,1.3229884414025634,1.3229884414025634,2.431120997778536,clean,,,2022-11-26 12:47:10,2022-11-26 12:37:29.546713,580.453287
ingv,EC1,sim2,template1,425306,2022-11-26 14:23:18,0.2591176205748235,0.1893079771739014,1.022034129779287,1.022034129779287,0.1893079771739014,clean,,,2022-11-26 14:23:18,2022-11-26 14:32:27.970177,-549.970177
ingv,EC1,sim3,template1,425377,2022-11-26 14:24:29,0.3293136428864461,0.2071752952976279,1.02413866995771,1.02413866995771,0.2071752952976279,clean,,,2022-11-26 14:24:29,2022-11-26 14:32:27.970177,-478.970177
ingv,ECPN,sim4,template1,424675,2022-11-26 14:44:01,0.2840210394069807,-2.423168101201935,0.756556897272523,0.756556897272523,-2.423168101201935,clean,,,2022-11-26 14:44:01,2022-11-26 14:36:27.155309,453.844691
ingv,ECPN,sim1,template1,424773,2022-11-26 14:45:39,0.2436617985588133,-2.4796376443456625,0.7516542506780317,0.7516542506780317,-2.4796376443456625,clean,,,2022-11-26 14:45:39,2022-11-26 14:36:27.155309,551.844691
ingv,ECPN,sim2,template1,425441,2022-11-26 14:56:47,0.3132126338374782,-2.729983121415632,0.7302992320032115,0.7302992320032115,-2.729983121415632,clean,,,2022-11-26 14:56:47,2022-11-26 15:05:56.942149,-549.942149
ingv,ECPN,sim2,template2,428177,2022-11-26 16:27:58,0.3503060245951869,-3.4253917334142896,0.6741094468843856,0.6741094468843856,-3.4253917334142896,clean,,,2022-11-26 16:27:58,2022-11-26 16:35:23.347115,-445.347115
ingv,ECPN,sim2,template1,428316,2022-11-26 16:44:17,0.2564874870513667,-3.049273440799256,0.7039411088939881,0.7039411088939881,-3.049273440799256,clean,,,2022-11-26 16:44:17,2022-11-26 16:35:23.347115,533.652885
ingv,ECPN,sim2,template2,429365,2022-11-26 17:01:46,0.255801593999494,-1.6506584606810126,0.8269268184512089,0.8269268184512089,-1.6506584606810126,clean,,,2022-11-26 17:01:46,2022-11-26 17:10:47.882814,-541.882814
ingv,EC1,sim1,template4,430201,2022-11-26 17:02:28,0.2215233160581108,-2.6850616100252127,0.7340859626847797,0.7340859626847797,-2.6850616100252127,clean,,,2022-11-26 17:02:28,2022-11-26 17:10:47.882814,-499.882814
ingv,EC1,sim2,template3,430263,2022-11-26 17:03:30,0.2001263340098783,-2.168066772847274,0.7791062017048054,0.7791062017048054,-2.168066772847274,clean,,,2022-11-26 17:03:30,2022-11-26 17:10:47.882814,-437.882814
ingv,ECPN,sim1,template2,430312,2022-11-26 19:56:50,0.2250214458245228,-1.0597297756860489,0.8851431468464973,0.8851431468464973,-1.0597297756860489,clean,,,2022-11-26 19:56:50,2022-11-26 19:47:44.441016,545.558984
ingv,ECPN,sim4,template1,437725,2022-11-27 01:22:03,0.2504011488276538,-1.0419144392583806,0.8869604973340987,0.8869604973340987,-1.0419144392583806,clean,,,2022-11-27 01:22:03,2022-11-27 01:14:20.280054,462.719946
ingv,EC1,sim3,template3,438533,2022-11-27 01:22:17,0.2428666305765409,-1.7786053136921118,0.8148351109350722,0.8148351109350722,-1.7786053136921118,clean,,,2022-11-27 01:22:17,2022-11-27 01:14:20.280054,476.719946
ingv,EC1,sim2,template3,441248,2022-11-27 02:27:45,0.218561431134016,-0.8429090447300371,0.9075165373288542,0.9075165373288542,-0.8429090447300371,clean,,,2022-11-27 02:27:45,2022-11-27 02:37:42.458460,-597.45846
ingv,EC1,sim3,template3,441255,2022-11-27 02:27:52,0.3068042282229252,-0.8413688453895691,0.9076774742465806,0.9076774742465806,-0.8413688453895691,clean,,,2022-11-27 02:27:52,2022-11-27 02:37:42.458460,-590.45846
ingv,ECPN,sim3,template4,440505,2022-11-27 02:28:36,0.2044847370632195,4.28925825512254,1.638562127781899,1.638562127781899,4.28925825512254,clean,,,2022-11-27 02:28:36,2022-11-27 02:37:42.458460,-546.45846
ingv,EC1,sim1,template2,441306,2022-11-27 02:28:43,0.2076844194763946,-0.8792934043717748,0.90372298844174,0.90372298844174,-0.8792934043717748,clean,,,2022-11-27 02:28:43,2022-11-27 02:37:42.458460,-539.45846
ingv,EC1,sim2,template1,445320,2022-11-27 06:07:08,0.2745641217005132,1.4974343686785745,1.1881512204166822,1.1881512204166822,1.4974343686785745,clean,,,2022-11-27 06:07:08,2022-11-27 06:16:59.580246,-591.580246
ingv,ECPN,sim2,template3,444588,2022-11-27 06:08:10,0.3186999732373926,1.6094326867533295,1.2035707767795036,1.2035707767795036,1.6094326867533295,clean,,,2022-11-27 06:08:10,2022-11-27 06:16:59.580246,-529.580246
ingv,ECPN,sim4,template3,452959,2022-11-27 10:41:45,0.2993391847521495,-1.1797701126092723,0.8729944734210083,0.8729944734210083,-1.1797701126092723,clean,,,2022-11-27 10:41:45,2022-11-27 10:50:56.667890,-551.66789
ingv,ECPN,sim3,template3,452987,2022-11-27 10:42:13,0.3120037541102812,-1.207251603229428,0.8702367505760504,0.8702367505760504,-1.207251603229428,clean,,,2022-11-27 10:42:13,2022-11-27 10:50:56.667890,-523.66789
ingv,ECPN,sim1,template2,453006,2022-11-27 10:42:32,0.4489786058594788,-1.2162187557860231,0.8693387977703922,0.8693387977703922,-1.2162187557860231,clean,,,2022-11-27 10:42:32,2022-11-27 10:50:56.667890,-504.66789
ingv,EC1,sim1,template3,453930,2022-11-27 10:58:42,0.2940749675560433,-0.4068343618564641,0.9542414599877408,0.9542414599877408,-0.4068343618564641,clean,,,2022-11-27 10:58:42,2022-11-27 10:50:56.667890,465.33211
ingv,EC1,sim3,template3,453938,2022-11-27 10:58:50,0.3278876123003668,-0.3989194269447635,0.955111399809265,0.955111399809265,-0.3989194269447635,clean,,,2022-11-27 10:58:50,2022-11-27 10:50:56.667890,473.33211
ingv,EC1,sim4,template1,454004,2022-11-27 10:59:56,0.2430333725853207,-0.6541970249338342,0.9274492380396354,0.9274492380396354,-0.6541970249338342,clean,,,2022-11-27 10:59:56,2022-11-27 10:50:56.667890,539.33211
ingv,EC1,sim1,template1,455608,2022-11-27 13:15:17,0.3372234240489872,0.3688371027192854,1.043378432223666,1.043378432223666,0.3688371027192854,clean,,,2022-11-27 13:15:17,2022-11-27 13:07:04.556076,492.443924
ingv,ECPN,sim2,template2,454836,2022-11-27 13:15:39,0.3721776838304396,-1.594566428398954,0.8322842545636026,0.8322842545636026,-1.594566428398954,clean,,,2022-11-27 13:15:39,2022-11-27 13:07:04.556076,514.443924
ingv,EC1,sim3,template2,455670,2022-11-27 13:16:19,0.3533898394381121,0.2272497474578728,1.0265083522203196,1.0265083522203196,0.2272497474578728,clean,,,2022-11-27 13:16:19,2022-11-27 13:07:04.556076,554.443924
ingv,EC1,sim2,template1,455702,2022-11-27 13:16:51,0.3672080364263639,0.2498059318386527,1.0291775321034269,1.0291775321034269,0.2498059318386527,clean,,,2022-11-27 13:16:51,2022-11-27 13:07:04.556076,586.443924
ingv,EC1,sim4,template2,457273,2022-11-27 13:43:02,0.3806082834257425,0.7669885302565154,1.0923188455554236,1.0923188455554236,0.7669885302565154,clean,,,2022-11-27 13:43:02,2022-11-27 13:52:11.825867,-549.825867
ingv,EC1,sim3,template2,457350,2022-11-27 13:44:19,0.3704302405847159,0.8975840320537799,1.108866342755271,1.108866342755271,0.8975840320537799,clean,,,2022-11-27 13:44:19,2022-11-27 13:52:11.825867,-472.825867
ingv,ECPN,sim2,template3,456743,2022-11-27 14:01:26,0.352270096596189,-2.7648655003383005,0.7273722445230046,0.7273722445230046,-2.7648655003383005,clean,,,2022-11-27 14:01:26,2022-11-27 13:52:11.825867,554.174133
ingv,ECPN,sim3,template1,457035,2022-11-27 14:06:18,0.331734647581886,-4.182873242561866,0.6178119976611048,0.6178119976611048,-4.182873242561866,clean,,,2022-11-27 14:06:18,2022-11-27 14:16:10.838378,-592.838378
ingv,ECPN,sim2,template2,457100,2022-11-27 14:07:23,0.2153625029445965,-4.190418241687064,0.6172755682102143,0.6172755682102143,-4.190418241687064,clean,,,2022-11-27 14:07:23,2022-11-27 14:16:10.838378,-527.838378
ingv,EC1,sim1,template3,457910,2022-11-27 14:07:39,0.2359063822364422,0.9989797541491218,1.1218866695922112,1.1218866695922112,0.9989797541491218,clean,,,2022-11-27 14:07:39,2022-11-27 14:16:10.838378,-511.838378
ingv,ECPN,sim4,template3,457121,2022-11-27 14:07:44,0.3239034551083838,-4.168949941800745,0.6188031316382577,0.6188031316382577,-4.168949941800745,clean,,,2022-11-27 14:07:44,2022-11-27 14:16:10.838378,-506.838378
ingv,ECPN,sim1,template1,465290,2022-11-27 18:55:13,0.2880977687648605,-2.0012228774295626,0.7942164099446932,0.7942164099446932,-2.0012228774295626,clean,,,2022-11-27 18:55:13,2022-11-27 18:46:32.448544,520.551456
ingv,EC1,sim1,template1,467810,2022-11-27 19:23:59,0.311247925233961,0.474902694284355,1.056197498851016,1.056197498851016,0.474902694284355,clean,,,2022-11-27 19:23:59,2022-11-27 19:32:19.105117,-500.105117
ingv,EC1,sim4,template2,469318,2022-11-27 20:33:15,0.2603082934910479,-0.3633494123733651,0.9590307432274476,0.9590307432274476,-0.3633494123733651,clean,,,2022-11-27 20:33:15,2022-11-27 20:41:52.581772,-517.581772
ingv,EC1,sim3,template1,469403,2022-11-27 20:34:40,0.2483343362501542,-0.2035966874548393,0.9768326464809712,0.9768326464809712,-0.2035966874548393,clean,,,2022-11-27 20:34:40,2022-11-27 20:41:52.581772,-432.581772
ingv,EC1,sim2,template4,470673,2022-11-27 22:58:05,0.2062287604335873,-0.499095572212377,0.9441591827784176,0.9441591827784176,-0.499095572212377,clean,,,2022-11-27 22:58:05,2022-11-27 23:07:55.298436,-590.298436
ingv,EC1,sim4,template3,470835,2022-11-27 23:00:47,0.4094725851611945,0.1700613294208272,1.0197719604358706,1.0197719604358706,0.1700613294208272,clean,,,2022-11-27 23:00:47,2022-11-27 23:07:55.298436,-428.298436
ingv,ECPN,sim1,template2,470108,2022-11-27 23:15:54,0.2209342201948884,0.4858779302754113,1.057532922628964,1.057532922628964,0.4858779302754113,clean,,,2022-11-27 23:15:54,2022-11-27 23:07:55.298436,478.701564
ingv,ECPN,sim2,template3,475212,2022-11-28 01:53:44,0.2662895991868044,-0.2575608897169165,0.970782537280135,0.970782537280135,-0.2575608897169165,clean,,,2022-11-28 01:53:44,2022-11-28 01:46:36.796923,427.203077
ingv,EC1,sim2,template1,476027,2022-11-28 01:54:05,0.3271897626458794,0.0178897537136268,1.002061756513989,1.002061756513989,0.0178897537136268,clean,,,2022-11-28 01:54:05,2022-11-28 01:46:36.796923,448.203077
ingv,ECPN,sim1,template1,475250,2022-11-28 01:54:22,0.2892627167720882,-0.205533180922681,0.9766148887996168,0.9766148887996168,-0.205533180922681,clean,,,2022-11-28 01:54:22,2022-11-28 01:46:36.796923,465.203077
ingv,EC1,sim3,template4,476060,2022-11-28 01:54:38,0.2842411884925773,-0.6515835173874616,0.927728341319148,0.927728341319148,-0.6515835173874616,clean,,,2022-11-28 01:54:38,2022-11-28 01:46:36.796923,481.203077
ingv,EC1,sim3,template1,476063,2022-11-28 01:54:41,0.4979111545753522,0.0314618997023322,1.0036287531027317,1.0036287531027317,0.0314618997023322,clean,,,2022-11-28 01:54:41,2022-11-28 01:46:36.796923,484.203077
ingv,EC1,sim2,template3,476066,2022-11-28 01:54:44,0.3587626706946769,0.0369142886103538,1.004258958227509,1.004258958227509,0.0369142886103538,clean,,,2022-11-28 01:54:44,2022-11-28 01:46:36.796923,487.203077
ingv,ECPN,sim4,template2,475359,2022-11-28 01:56:11,0.3879410728225205,0.1221429434284729,1.0141615642307455,1.0141615642307455,0.1221429434284729,clean,,,2022-11-28 01:56:11,2022-11-28 01:46:36.796923,574.203077
ingv,ECPN,sim4,template3,476836,2022-11-28 02:20:48,0.4739727661565274,0.5372838933063029,1.063810309171464,1.063810309171464,0.5372838933063029,clean,,,2022-11-28 02:20:48,2022-11-28 02:29:07.591947,-499.591947
ingv,ECPN,sim4,template1,476921,2022-11-28 02:36:13,0.3989255793304633,0.5525619924093247,1.0656831515111052,1.0656831515111052,0.5525619924093247,clean,,,2022-11-28 02:36:13,2022-11-28 02:29:07.591947,425.408053
ingv,EC1,sim4,template3,479707,2022-11-28 04:45:53,0.321357710835309,-1.744585353519631,0.8180328277806167,0.8180328277806167,-1.744585353519631,clean,,,2022-11-28 04:45:53,2022-11-28 04:38:04.418424,468.581576
ingv,ECPN,sim1,template3,481800,2022-11-28 06:22:07,0.3224279149997625,0.6054901223180503,1.072196798489491,1.072196798489491,0.6054901223180503,clean,,,2022-11-28 06:22:07,2022-11-28 06:31:04.463792,-537.463792
ingv,ECPN,sim1,template1,483512,2022-11-28 08:18:05,0.2793668033732152,-0.1290199789212857,0.9852558020547212,0.9852558020547212,-0.1290199789212857,clean,,,2022-11-28 08:18:05,2022-11-28 08:27:25.916442,-560.916442
ingv,EC1,sim3,template2,484404,2022-11-28 08:19:43,0.233288038396011,0.1684312848259244,1.0195806020517355,1.0195806020517355,0.1684312848259244,clean,,,2022-11-28 08:19:43,2022-11-28 08:27:25.916442,-462.916442
ingv,ECPN,sim3,template1,483710,2022-11-28 08:35:23,0.2450282938467471,0.2026778559316232,1.0236085216937234,1.0236085216937234,0.2026778559316232,clean,,,2022-11-28 08:35:23,2022-11-28 08:27:25.916442,477.083558
ingv,ECPN,sim1,template2,483745,2022-11-28 08:35:58,0.2569457128630594,-0.0305251488416962,0.9964918304226276,0.9964918304226276,-0.0305251488416962,clean,,,2022-11-28 08:35:58,2022-11-28 08:27:25.916442,512.083558
ingv,EC1,sim1,template2,484624,2022-11-28 08:37:23,0.205341751808812,-0.0793529109890381,0.9909057635081632,0.9909057635081632,-0.0793529109890381,clean,,,2022-11-28 08:37:23,2022-11-28 08:27:25.916442,597.083558
ingv,EC1,sim3,template3,485653,2022-11-28 09:14:32,0.2736724553604835,0.6910510208278804,1.082810730812124,1.082810730812124,0.6910510208278804,clean,,,2022-11-28 09:14:32,2022-11-28 09:23:00.416889,-508.416889
ingv,EC1,sim2,template1,485697,2022-11-28 09:15:16,0.4692775954086554,0.7849569187855588,1.0945808504297323,1.0945808504297323,0.7849569187855588,clean,,,2022-11-28 09:15:16,2022-11-28 09:23:00.416889,-464.416889
ingv,ECPN,sim3,template1,484973,2022-11-28 09:57:30,0.3224148515223649,-0.6853716263086669,0.924126488406074,0.924126488406074,-0.6853716263086669,clean,,,2022-11-28 09:57:30,2022-11-28 09:50:04.736462,445.263538
ingv,ECPN,sim1,template3,485122,2022-11-28 09:59:59,0.3647547937233257,-0.7071796465749622,0.921809156360568,0.921809156360568,-0.7071796465749622,clean,,,2022-11-28 09:59:59,2022-11-28 09:50:04.736462,594.263538
ingv,ECPN,sim2,template1,493762,2022-11-28 14:44:11,0.3094398696682766,2.1665696809036468,1.283300856270407,1.283300856270407,2.1665696809036468,clean,,,2022-11-28 14:44:11,2022-11-28 14:34:52.919768,558.080232
ingv,EC1,sim1,template1,497644,2022-11-28 15:55:39,0.2788234812616121,-3.230297237038555,0.6894220002784801,0.6894220002784801,-3.230297237038555,clean,,,2022-11-28 15:55:39,2022-11-28 16:05:28.841441,-589.841441
ingv,EC1,sim1,template1,499135,2022-11-28 18:07:37,0.2858142875928962,-2.8718131661984527,0.7184711629671934,0.7184711629671934,-2.8718131661984527,clean,,,2022-11-28 18:07:37,2022-11-28 17:57:44.452241,592.547759
ingv,ECPN,sim4,template3,499922,2022-11-28 18:33:58,0.2872627861459974,0.1802312347540989,1.0209666634028791,1.0209666634028791,0.1802312347540989,clean,,,2022-11-28 18:33:58,2022-11-28 18:43:14.274031,-556.274031
ingv,EC1,sim1,template1,500815,2022-11-28 18:35:37,0.3321302577227378,-1.409974848682186,0.8501611549551237,0.8501611549551237,-1.409974848682186,clean,,,2022-11-28 18:35:37,2022-11-28 18:43:14.274031,-457.274031
ingv,ECPN,sim2,template4,500193,2022-11-28 18:52:29,0.246332419990866,-0.2858893762229842,0.9676215481592144,0.9676215481592144,-0.2858893762229842,clean,,,2022-11-28 18:52:29,2022-11-28 18:43:14.274031,554.725969
ingv,ECPN,sim2,template1,500211,2022-11-28 18:52:47,0.2093948304684743,0.0488034129361067,1.005634515058775,1.005634515058775,0.0488034129361067,clean,,,2022-11-28 18:52:47,2022-11-28 18:43:14.274031,572.725969
ingv,EC1,sim2,template1,501017,2022-11-28 18:52:59,0.3051822130561181,-1.3700868212429689,0.8540743103351943,0.8540743103351943,-1.3700868212429689,clean,,,2022-11-28 18:52:59,2022-11-28 18:43:14.274031,584.725969
ingv,EC1,sim4,template4,501626,2022-11-28 19:45:22,0.222229515377334,-0.4679772481069223,0.9475478217762212,0.9475478217762212,-0.4679772481069223,clean,,,2022-11-28 19:45:22,2022-11-28 19:35:33.407366,588.592634
ingv,EC1,sim2,template4,507610,2022-11-28 21:45:06,0.2123091707734096,-0.274839245982634,0.9688533331375584,0.9688533331375584,-0.274839245982634,clean,,,2022-11-28 21:45:06,2022-11-28 21:54:15.788238,-549.788238
ingv,ECPN,sim2,template1,506877,2022-11-28 21:46:07,0.4907893824617608,-0.8591911031534318,0.9058169536117416,0.9058169536117416,-0.8591911031534318,clean,,,2022-11-28 21:46:07,2022-11-28 21:54:15.788238,-488.788238
ingv,EC1,sim2,template3,507769,2022-11-28 22:01:45,0.2013852773688328,0.2149380276564516,1.0250543698297712,1.0250543698297712,0.2149380276564516,clean,,,2022-11-28 22:01:45,2022-11-28 21:54:15.788238,449.211762
ingv,ECPN,sim1,template1,507043,2022-11-28 22:02:53,0.2767930477755093,-1.0016883736006248,0.8910777125484937,0.8910777125484937,-1.0016883736006248,clean,,,2022-11-28 22:02:53,2022-11-28 21:54:15.788238,517.211762
ingv,EC1,sim1,template2,507848,2022-11-28 22:03:04,0.3187088643419975,0.2578151150305798,1.030126965407738,1.030126965407738,0.2578151150305798,clean,,,2022-11-28 22:03:04,2022-11-28 21:54:15.788238,528.211762
ingv,EC1,sim4,template2,509415,2022-11-28 22:29:11,0.2347072480951344,-1.6953562436543468,0.8226823648819878,0.8226823648819878,-1.6953562436543468,clean,,,2022-11-28 22:29:11,2022-11-28 22:38:28.366225,-557.366225
ingv,EC1,sim3,template3,509489,2022-11-28 22:30:25,0.2530018205029162,-1.809838841106441,0.8119103130637391,0.8119103130637391,-1.809838841106441,clean,,,2022-11-28 22:30:25,2022-11-28 22:38:28.366225,-483.366225
ingv,EC1,sim4,template4,509493,2022-11-28 22:30:29,0.2299072334090923,-0.5333794166610818,0.9404398621725848,0.9404398621725848,-0.5333794166610818,clean,,,2022-11-28 22:30:29,2022-11-28 22:38:28.366225,-479.366225
ingv,EC1,sim1,template3,509500,2022-11-28 22:30:36,0.2247891178144313,-1.8047044674536536,0.81239038861337,0.81239038861337,-1.8047044674536536,clean,,,2022-11-28 22:30:36,2022-11-28 22:38:28.366225,-472.366225
ingv,ECPN,sim2,template2,509378,2022-11-28 23:25:48,0.3315169096423381,0.582920186978084,1.0694143547750508,1.0694143547750508,0.582920186978084,clean,,,2022-11-28 23:25:48,2022-11-28 23:35:14.966906,-566.966906
ingv,ECPN,sim2,template3,509468,2022-11-28 23:27:18,0.2256627075153272,0.6098022303929023,1.0727292225134288,1.0727292225134288,0.6098022303929023,clean,,,2022-11-28 23:27:18,2022-11-28 23:35:14.966906,-476.966906
ingv,ECPN,sim1,template3,509498,2022-11-28 23:27:48,0.4006858798319943,0.6302928836158228,1.0752628570776643,1.0752628570776643,0.6302928836158228,clean,,,2022-11-28 23:27:48,2022-11-28 23:35:14.966906,-446.966906
ingv,EC1,sim3,template2,511046,2022-11-29 00:37:25,0.2314368337849392,-2.584260969378245,0.7426547301621635,0.7426547301621635,-2.584260969378245,clean,,,2022-11-29 00:37:25,2022-11-29 00:46:00.856154,-515.856154
ingv,EC1,sim2,template1,511051,2022-11-29 00:37:30,0.268057478130024,-2.5525328768773514,0.7453724835847934,0.7453724835847934,-2.5525328768773514,clean,,,2022-11-29 00:37:30,2022-11-29 00:46:00.856154,-510.856154
ingv,ECPN,sim1,template1,510377,2022-11-29 00:53:30,0.3169084684816607,0.9870628047396108,1.1203485082696083,1.1203485082696083,0.9870628047396108,clean,,,2022-11-29 00:53:30,2022-11-29 00:46:00.856154,449.143846
ingv,ECPN,sim4,template1,510507,2022-11-29 00:55:40,0.2746605769541725,0.7499158930844176,1.0901739359982798,1.0901739359982798,0.7499158930844176,clean,,,2022-11-29 00:55:40,2022-11-29 00:46:00.856154,579.143846
ingv,EC1,sim1,template2,520394,2022-11-29 04:22:29,0.301628481414223,-1.2856219611167037,0.8624201637365234,0.8624201637365234,-1.2856219611167037,clean,,,2022-11-29 04:22:29,2022-11-29 04:15:14.265266,434.734734
ingv,EC1,sim3,template1,521131,2022-11-29 04:54:46,0.2937675976234899,-2.1111764703088216,0.784225891310537,0.784225891310537,-2.1111764703088216,clean,,,2022-11-29 04:54:46,2022-11-29 05:03:09.001089,-503.001089
ingv,EC1,sim1,template3,521140,2022-11-29 04:54:55,0.2642881273708467,-2.112744110662109,0.7840843660010057,0.7840843660010057,-2.112744110662109,clean,,,2022-11-29 04:54:55,2022-11-29 05:03:09.001089,-494.001089
ingv,ECPN,sim2,template1,525143,2022-11-29 09:02:24,0.4533897503455983,-0.4292410808972632,0.951783005369052,0.951783005369052,-0.4292410808972632,clean,,,2022-11-29 09:02:24,2022-11-29 09:09:56.359957,-452.359957
ingv,EC1,sim4,template3,526304,2022-11-29 09:40:45,0.2116907674019469,-3.323254785790001,0.6820830553611339,0.6820830553611339,-3.323254785790001,clean,,,2022-11-29 09:40:45,2022-11-29 09:49:59.695196,-554.695196
ingv,EC1,sim4,template2,526336,2022-11-29 09:41:17,0.2794260407907084,-3.6724705473992367,0.6552038981883495,0.6552038981883495,-3.6724705473992367,clean,,,2022-11-29 09:41:17,2022-11-29 09:49:59.695196,-522.695196
ingv,EC1,sim3,template1,526396,2022-11-29 09:42:17,0.2252597190992409,-3.992973253748684,0.631467985435835,0.631467985435835,-3.992973253748684,clean,,,2022-11-29 09:42:17,2022-11-29 09:49:59.695196,-462.695196
ingv,EC1,sim3,template3,526413,2022-11-29 09:42:34,0.2807589916591485,-4.166740608397031,0.6189605497466147,0.6189605497466147,-4.166740608397031,clean,,,2022-11-29 09:42:34,2022-11-29 09:49:59.695196,-445.695196
ingv,EC1,sim4,template4,526423,2022-11-29 09:42:44,0.2346837337123401,-4.781272768208107,0.5766819543474472,0.5766819543474472,-4.781272768208107,clean,,,2022-11-29 09:42:44,2022-11-29 09:49:59.695196,-435.695196
ingv,EC1,sim3,template2,526456,2022-11-29 09:57:17,0.3030906713087844,-4.128234345170782,0.6217106153247026,0.6217106153247026,-4.128234345170782,clean,,,2022-11-29 09:57:17,2022-11-29 09:49:59.695196,437.304804
ingv,ECPN,sim3,template1,525690,2022-11-29 09:57:45,0.224302054071538,-0.6672002764379334,0.9260618346102653,0.9260618346102653,-0.6672002764379334,clean,,,2022-11-29 09:57:45,2022-11-29 09:49:59.695196,465.304804
ingv,EC1,sim4,template1,526800,2022-11-29 10:17:01,0.2582470328806365,-4.030152206685125,0.6287708357921019,0.6287708357921019,-4.030152206685125,clean,,,2022-11-29 10:17:01,2022-11-29 10:09:22.894474,458.105526
ingv,EC1,sim1,template1,526851,2022-11-29 10:17:52,0.2066659802990917,-4.08940048790314,0.624496452400491,0.624496452400491,-4.08940048790314,clean,,,2022-11-29 10:17:52,2022-11-29 10:09:22.894474,509.105526
ingv,ECPN,sim2,template2,535100,2022-11-29 17:32:19,0.3916038191628634,2.570049022614333,1.3443193539037022,1.3443193539037022,2.570049022614333,clean,,,2022-11-29 17:32:19,2022-11-29 17:24:45.695834,453.304166
ingv,ECPN,sim4,template3,535130,2022-11-29 17:32:49,0.3603998169952221,2.5674806848037863,1.3439219097777244,1.3439219097777244,2.5674806848037863,clean,,,2022-11-29 17:32:49,2022-11-29 17:24:45.695834,483.304166
ingv,ECPN,sim4,template2,535130,2022-11-29 17:32:49,0.2735229622468065,2.5685772336153105,1.3440915837040892,1.3440915837040892,2.5685772336153105,clean,,,2022-11-29 17:32:49,2022-11-29 17:24:45.695834,483.304166
ingv,ECPN,sim3,template2,535190,2022-11-29 17:33:49,0.3577243000767753,2.5700994726843645,1.3443271621081967,1.3443271621081967,2.5700994726843645,clean,,,2022-11-29 17:33:49,2022-11-29 17:24:45.695834,543.304166
ingv,EC1,sim2,template1,536006,2022-11-29 17:34:11,0.3456896331209463,-0.0062890411570908,0.9992762094419688,0.9992762094419688,-0.0062890411570908,clean,,,2022-11-29 17:34:11,2022-11-29 17:24:45.695834,565.304166
ingv,ECPN,sim3,template3,535240,2022-11-29 17:34:39,0.3905090860011745,2.5736613462720177,1.3448785512615893,1.3448785512615893,2.5736613462720177,clean,,,2022-11-29 17:34:39,2022-11-29 17:24:45.695834,593.304166
ingv,EC1,sim3,template3,537344,2022-11-29 17:56:29,0.2958775500471672,0.2028983900492632,1.0236345113709286,1.0236345113709286,0.2028983900492632,clean,,,2022-11-29 17:56:29,2022-11-29 18:04:32.669020,-483.66902
ingv,ECPN,sim1,template2,536625,2022-11-29 18:11:44,0.2007688816924415,1.6131560968726188,1.2040868261952211,1.2040868261952211,1.6131560968726188,clean,,,2022-11-29 18:11:44,2022-11-29 18:04:32.669020,431.33098
ingv,EC1,sim4,template3,537503,2022-11-29 18:13:08,0.3008390996951983,0.3811919701110034,1.044863596672786,1.044863596672786,0.3811919701110034,clean,,,2022-11-29 18:13:08,2022-11-29 18:04:32.669020,515.33098
ingv,EC1,sim4,template2,537518,2022-11-29 18:13:23,0.2366790561929284,0.4047343250205898,1.047699450789506,1.047699450789506,0.4047343250205898,clean,,,2022-11-29 18:13:23,2022-11-29 18:04:32.669020,530.33098
ingv,ECPN,sim3,template2,538246,2022-11-29 19:12:45,0.2293839833937732,-0.6024690692432693,0.9329890496702744,0.9329890496702744,-0.6024690692432693,clean,,,2022-11-29 19:12:45,2022-11-29 19:03:17.437925,567.562075
ingv,EC1,sim1,template2,542291,2022-11-29 21:24:15,0.2454705558018046,2.837582239143977,1.38636987216481,1.38636987216481,2.837582239143977,clean,,,2022-11-29 21:24:15,2022-11-29 21:33:22.974138,-547.974138
ingv,EC1,sim1,template4,542332,2022-11-29 21:24:56,0.211835616861234,4.478723167142397,1.6746966761544688,1.6746966761544688,4.478723167142397,clean,,,2022-11-29 21:24:56,2022-11-29 21:33:22.974138,-506.974138
ingv,EC1,sim1,template3,542352,2022-11-29 21:25:16,0.2661628267658296,2.8110272329910786,1.3821378541731246,1.3821378541731246,2.8110272329910786,clean,,,2022-11-29 21:25:16,2022-11-29 21:33:22.974138,-486.974138
ingv,EC1,sim4,template3,543970,2022-11-29 23:12:44,0.2059395414995312,1.916717087610152,1.2469121431824393,1.2469121431824393,1.916717087610152,clean,,,2022-11-29 23:12:44,2022-11-29 23:20:48.860839,-484.860839
ingv,ECPN,sim2,template1,543195,2022-11-29 23:13:03,0.2684077791210937,-0.3493460688625399,0.9605781343305264,0.9605781343305264,-0.3493460688625399,clean,,,2022-11-29 23:13:03,2022-11-29 23:20:48.860839,-465.860839
ingv,ECPN,sim3,template1,543234,2022-11-29 23:13:42,0.2399406648917372,-0.3559672809904965,0.9598461692351996,0.9598461692351996,-0.3559672809904965,clean,,,2022-11-29 23:13:42,2022-11-29 23:20:48.860839,-426.860839
ingv,EC1,sim3,template1,544045,2022-11-29 23:27:59,0.326567991243997,1.9542721417073072,1.2523150708569522,1.2523150708569522,1.9542721417073072,clean,,,2022-11-29 23:27:59,2022-11-29 23:20:48.860839,430.139161
ingv,ECPN,sim4,template1,543918,2022-11-30 00:54:09,0.296211408912721,0.2406589655086405,1.028094292783162,1.028094292783162,0.2406589655086405,clean,,,2022-11-30 00:54:09,2022-11-30 00:45:23.409696,525.590304
ingv,ECPN,sim1,template3,544074,2022-11-30 02:12:20,0.3050662247607562,0.2415571114340641,1.0282006061811146,1.0282006061811146,0.2415571114340641,clean,,,2022-11-30 02:12:20,2022-11-30 02:04:26.384040,473.61596
ingv,EC1,sim1,template2,545670,2022-11-30 02:25:42,0.2712222895514959,3.9106154420638974,1.5686670422515856,1.5686670422515856,3.9106154420638974,clean,,,2022-11-30 02:25:42,2022-11-30 02:35:37.427134,-595.427134
ingv,ECPN,sim4,template1,544941,2022-11-30 02:26:47,0.317989165588714,-0.564259794680542,0.9371023139482716,0.9371023139482716,-0.564259794680542,clean,,,2022-11-30 02:26:47,2022-11-30 02:35:37.427134,-530.427134
ingv,ECPN,sim1,template2,544997,2022-11-30 02:27:43,0.3168208740345181,-0.5369442287482467,0.9400539715307816,0.9400539715307816,-0.5369442287482467,clean,,,2022-11-30 02:27:43,2022-11-30 02:35:37.427134,-474.427134
ingv,ECPN,sim1,template1,545026,2022-11-30 02:28:12,0.2197545444827832,-0.4993765091942322,0.9441286453259884,0.9441286453259884,-0.4993765091942322,clean,,,2022-11-30 02:28:12,2022-11-30 02:35:37.427134,-445.427134
ingv,EC1,sim3,template2,549206,2022-11-30 05:29:53,0.4410701679313968,1.854772224567677,1.2380512164967317,1.2380512164967317,1.854772224567677,clean,,,2022-11-30 05:29:53,2022-11-30 05:39:03.669499,-550.669499
ingv,EC1,sim1,template3,549264,2022-11-30 05:30:51,0.2909744518668082,1.861036879527984,1.2389444769070792,1.2389444769070792,1.861036879527984,clean,,,2022-11-30 05:30:51,2022-11-30 05:39:03.669499,-492.669499
ingv,EC1,sim1,template2,549324,2022-11-30 05:31:51,0.2571470777661587,1.8632317455420917,1.2392575894199698,1.2392575894199698,1.8632317455420917,clean,,,2022-11-30 05:31:51,2022-11-30 05:39:03.669499,-432.669499
ingv,ECPN,sim4,template1,548536,2022-11-30 05:31:57,0.2471846042889872,0.6044108425504656,1.0720635791570168,1.0720635791570168,0.6044108425504656,clean,,,2022-11-30 05:31:57,2022-11-30 05:39:03.669499,-426.669499
ingv,EC1,sim4,template3,549381,2022-11-30 05:46:48,0.463793065058526,1.7333225200124078,1.220860734172486,1.220860734172486,1.7333225200124078,clean,,,2022-11-30 05:46:48,2022-11-30 05:39:03.669499,464.330501
ingv,EC1,sim1,template4,549493,2022-11-30 05:48:40,0.2147190225360289,0.7866681277016849,1.0947965152731134,1.0947965152731134,0.7866681277016849,clean,,,2022-11-30 05:48:40,2022-11-30 05:39:03.669499,576.330501
ingv,ECPN,sim1,template2,548715,2022-11-30 05:48:56,0.3096364593089216,0.7105809101379414,1.0852481283305435,1.0852481283305435,0.7105809101379414,clean,,,2022-11-30 05:48:56,2022-11-30 05:39:03.669499,592.330501
ingv,EC1,sim1,template1,549513,2022-11-30 05:49:00,0.2754038933789384,2.087079672170004,1.2716101435898008,1.2716101435898008,2.087079672170004,clean,,,2022-11-30 05:49:00,2022-11-30 05:39:03.669499,596.330501
ingv,ECPN,sim2,template1,567949,2022-11-30 17:50:20,0.270879201299952,-2.426052305601187,0.7563057194912903,0.7563057194912903,-2.426052305601187,clean,,,2022-11-30 17:50:20,2022-11-30 17:42:40.298082,459.701918
ingv,ECPN,sim4,template1,568089,2022-11-30 17:52:40,0.2776179082438174,-2.5036166131181243,0.7495820348976643,0.7495820348976643,-2.5036166131181243,clean,,,2022-11-30 17:52:40,2022-11-30 17:42:40.298082,599.701918
ingv,ECPN,sim3,template1,576225,2022-11-30 21:08:58,0.2043006966009621,0.9401276499529604,1.1143109096563502,1.1143109096563502,0.9401276499529604,clean,,,2022-11-30 21:08:58,2022-11-30 21:17:07.789005,-489.789005
ingv,ECPN,sim3,template2,579765,2022-11-30 23:55:50,0.2174881594214489,-0.3602046076428637,0.9593780318286342,0.9593780318286342,-0.3602046076428637,clean,,,2022-11-30 23:55:50,2022-12-01 00:04:58.006881,-548.006881
ingv,ECPN,sim2,template2,579785,2022-11-30 23:56:10,0.4179385201645185,-0.34125272833927,0.9614735991997292,0.9614735991997292,-0.34125272833927,clean,,,2022-11-30 23:56:10,2022-12-01 00:04:58.006881,-528.006881
ingv,EC1,sim2,template3,580802,2022-12-01 01:10:59,0.2141386318758535,4.086820432092376,1.6008145448493667,1.6008145448493667,4.086820432092376,clean,,,2022-12-01 01:10:59,2022-12-01 01:02:04.877364,534.122636
ingv,EC1,sim1,template2,580824,2022-12-01 01:11:21,0.2694822118806438,4.040857921292065,1.5923660002020106,1.5923660002020106,4.040857921292065,clean,,,2022-12-01 01:11:21,2022-12-01 01:02:04.877364,556.122636
ingv,EC1,sim3,template1,582199,2022-12-01 01:34:16,0.3312873086753063,2.744187619442881,1.37154285160953,1.37154285160953,2.744187619442881,clean,,,2022-12-01 01:34:16,2022-12-01 01:43:59.718478,-583.718478
ingv,ECPN,sim4,template1,581495,2022-12-01 01:35:46,0.4352300274197225,0.6270894412253061,1.0748663625735746,1.0748663625735746,0.6270894412253061,clean,,,2022-12-01 01:35:46,2022-12-01 01:43:59.718478,-493.718478
ingv,ECPN,sim2,template3,581504,2022-12-01 01:35:55,0.2254665221845465,0.671645423153642,1.080394267434675,1.080394267434675,0.671645423153642,clean,,,2022-12-01 01:35:55,2022-12-01 01:43:59.718478,-484.718478
ingv,ECPN,sim4,template2,581617,2022-12-01 01:51:48,0.366644453454825,1.0316810291811265,1.12611839184626,1.12611839184626,1.0316810291811265,clean,,,2022-12-01 01:51:48,2022-12-01 01:43:59.718478,468.281522
ingv,EC1,sim2,template3,582415,2022-12-01 01:51:52,0.3014694428155098,3.2929748852191407,1.4609950491862185,1.4609950491862185,3.2929748852191407,clean,,,2022-12-01 01:51:52,2022-12-01 01:43:59.718478,472.281522
ingv,EC1,sim2,template2,582531,2022-12-01 01:53:48,0.2592507481827111,3.291717557061845,1.4607835777835332,1.4607835777835332,3.291717557061845,clean,,,2022-12-01 01:53:48,2022-12-01 01:43:59.718478,588.281522
ingv,ECPN,sim2,template2,585985,2022-12-01 04:51:06,0.20984560553759,1.06212376269953,1.130072191701764,1.130072191701764,1.06212376269953,clean,,,2022-12-01 04:51:06,2022-12-01 04:44:03.499269,422.500731
ingv,ECPN,sim2,template1,586007,2022-12-01 04:51:28,0.3175776646709641,1.1095522151525044,1.1362597184058572,1.1362597184058572,1.1095522151525044,clean,,,2022-12-01 04:51:28,2022-12-01 04:44:03.499269,444.500731
ingv,EC1,sim2,template3,586932,2022-12-01 04:53:39,0.2915985014817841,2.089487603091771,1.2719627124081785,1.2719627124081785,2.089487603091771,clean,,,2022-12-01 04:53:39,2022-12-01 04:44:03.499269,575.500731
ingv,ECPN,sim4,template2,586151,2022-12-01 04:53:52,0.2406324569634767,1.1800076750546038,1.1455139536479266,1.1455139536479266,1.1800076750546038,clean,,,2022-12-01 04:53:52,2022-12-01 04:44:03.499269,588.500731
ingv,EC1,sim2,template2,587754,2022-12-01 05:07:21,0.28612227482838,2.3393343001475406,1.3090815891415348,1.3090815891415348,2.3393343001475406,clean,,,2022-12-01 05:07:21,2022-12-01 05:17:16.434543,-595.434543
ingv,EC1,sim2,template2,594012,2022-12-01 08:08:37,0.2174347634206317,0.0431457684966132,1.004979697855617,1.004979697855617,0.0431457684966132,clean,,,2022-12-01 08:08:37,2022-12-01 08:18:17.934531,-580.934531
ingv,EC1,sim1,template2,594034,2022-12-01 08:08:59,0.2958729860113179,0.1239422291268521,1.014371669987096,1.014371669987096,0.1239422291268521,clean,,,2022-12-01 08:08:59,2022-12-01 08:18:17.934531,-558.934531
ingv,EC1,sim1,template1,594038,2022-12-01 08:09:03,0.2198899741882597,0.1454862324558913,1.0168907845781945,1.0168907845781945,0.1454862324558913,clean,,,2022-12-01 08:09:03,2022-12-01 08:18:17.934531,-554.934531
ingv,ECPN,sim3,template3,593268,2022-12-01 08:09:27,0.3405020002392979,-0.5334426974662435,0.9404330106493236,0.9404330106493236,-0.5334426974662435,clean,,,2022-12-01 08:09:27,2022-12-01 08:18:17.934531,-530.934531
ingv,EC1,sim3,template3,594136,2022-12-01 08:10:41,0.2094487986727095,0.1344170362583381,1.01559569625001,1.01559569625001,0.1344170362583381,clean,,,2022-12-01 08:10:41,2022-12-01 08:18:17.934531,-456.934531
ingv,ECPN,sim4,template2,593414,2022-12-01 08:25:53,0.2790991692188682,-0.5947168356363202,0.9338221223863816,0.9338221223863816,-0.5947168356363202,clean,,,2022-12-01 08:25:53,2022-12-01 08:18:17.934531,455.065469
ingv,EC1,sim2,template2,599619,2022-12-01 12:52:12,0.314235854225283,-3.2546510919075287,0.6874916779214835,0.6874916779214835,-3.2546510919075287,clean,,,2022-12-01 12:52:12,2022-12-01 12:44:56.736959,435.263041
ingv,ECPN,sim3,template3,598892,2022-12-01 12:53:19,0.2594532073011982,-1.708719294367398,0.8214176592167434,0.8214176592167434,-1.708719294367398,clean,,,2022-12-01 12:53:19,2022-12-01 12:44:56.736959,502.263041
ingv,EC1,sim1,template3,599711,2022-12-01 12:53:44,0.3067085273339459,-3.1580357055607253,0.6951815135517728,0.6951815135517728,-3.1580357055607253,clean,,,2022-12-01 12:53:44,2022-12-01 12:44:56.736959,527.263041
ingv,EC1,sim1,template4,599883,2022-12-01 12:56:36,0.2220687483330725,-3.04346636687871,0.704411896000537,0.704411896000537,-3.04346636687871,clean,,,2022-12-01 12:56:36,2022-12-01 13:03:39.548558,-423.548558
ingv,EC1,sim1,template1,599887,2022-12-01 13:10:40,0.3574610388681597,-2.7197285112985377,0.7311619365371392,0.7311619365371392,-2.7197285112985377,clean,,,2022-12-01 13:10:40,2022-12-01 13:03:39.548558,420.451442
ingv,EC1,sim4,template3,599890,2022-12-01 13:10:43,0.3307434598390185,-2.742483346570776,0.7292489839034231,0.7292489839034231,-2.742483346570776,clean,,,2022-12-01 13:10:43,2022-12-01 13:03:39.548558,423.451442
ingv,EC1,sim3,template2,599892,2022-12-01 13:10:45,0.3374679105953869,-2.7551450770043804,0.7281867061556637,0.7281867061556637,-2.7551450770043804,clean,,,2022-12-01 13:10:45,2022-12-01 13:03:39.548558,425.451442
ingv,EC1,sim3,template3,599964,2022-12-01 13:11:57,0.2592691944167816,-2.882405688465916,0.7175955148176871,0.7175955148176871,-2.882405688465916,clean,,,2022-12-01 13:11:57,2022-12-01 13:03:39.548558,497.451442
ingv,ECPN,sim1,template3,602763,2022-12-01 15:15:31,0.3401554778572252,-3.081303825156056,0.7013500119769284,0.7013500119769284,-3.081303825156056,clean,,,2022-12-01 15:15:31,2022-12-01 15:24:53.300834,-562.300834
ingv,ECPN,sim4,template4,602769,2022-12-01 15:15:37,0.2294066211831314,-2.108527069108137,0.7844651351894066,0.7844651351894066,-2.108527069108137,clean,,,2022-12-01 15:15:37,2022-12-01 15:24:53.300834,-556.300834
ingv,EC1,sim4,template1,603682,2022-12-01 15:17:36,0.4089116375949942,-2.0578278743805987,0.7890574166418224,0.7890574166418224,-2.0578278743805987,clean,,,2022-12-01 15:17:36,2022-12-01 15:24:53.300834,-437.300834
ingv,EC1,sim2,template3,604086,2022-12-01 15:48:34,0.2895978103847146,-2.069460861565043,0.7880013416543107,0.7880013416543107,-2.069460861565043,clean,,,2022-12-01 15:48:34,2022-12-01 15:58:08.496252,-574.496252
ingv,EC1,sim3,template2,604088,2022-12-01 15:48:36,0.3950203066313404,-2.06860222746935,0.7880792425131987,0.7880792425131987,-2.06860222746935,clean,,,2022-12-01 15:48:36,2022-12-01 15:58:08.496252,-572.496252
ingv,ECPN,sim2,template2,603306,2022-12-01 15:48:48,0.2486542209437646,-3.511973399989049,0.6674232477986206,0.6674232477986206,-3.511973399989049,clean,,,2022-12-01 15:48:48,2022-12-01 15:58:08.496252,-560.496252
ingv,EC1,sim2,template2,604204,2022-12-01 15:50:32,0.3436702807558074,-2.030320799566022,0.7915602190623688,0.7915602190623688,-2.030320799566022,clean,,,2022-12-01 15:50:32,2022-12-01 15:58:08.496252,-456.496252
ingv,ECPN,sim2,template3,603503,2022-12-01 16:06:05,0.2292205325542308,-3.1816543574887044,0.693293745285712,0.693293745285712,-3.1816543574887044,clean,,,2022-12-01 16:06:05,2022-12-01 15:58:08.496252,476.503748
ingv,EC1,sim4,template2,604322,2022-12-01 16:06:30,0.417918678385234,-1.86663459270986,0.8066186707321461,0.8066186707321461,-1.86663459270986,clean,,,2022-12-01 16:06:30,2022-12-01 15:58:08.496252,501.503748
ingv,ECPN,sim3,template1,603572,2022-12-01 16:34:02,0.2128853303045599,-2.9273140532812043,0.7138949294674825,0.7138949294674825,-2.9273140532812043,clean,,,2022-12-01 16:34:02,2022-12-01 16:42:56.205421,-534.205421
ingv,EC1,sim4,template3,604554,2022-12-01 16:51:10,0.3645393152788488,-1.769660208999796,0.8156746956086106,0.8156746956086106,-1.769660208999796,clean,,,2022-12-01 16:51:10,2022-12-01 16:42:56.205421,493.794579
ingv,EC1,sim3,template1,604570,2022-12-01 16:51:26,0.373806766667842,-1.7944842736125002,0.8133468449141521,0.8133468449141521,-1.7944842736125002,clean,,,2022-12-01 16:51:26,2022-12-01 16:42:56.205421,509.794579
ingv,ECPN,sim4,template3,603845,2022-12-01 16:52:35,0.3191843434902646,-2.4635947578054824,0.7530438431630868,0.7530438431630868,-2.4635947578054824,clean,,,2022-12-01 16:52:35,2022-12-01 16:42:56.205421,578.794579
ingv,EC1,sim4,template3,605555,2022-12-01 17:07:51,0.2402428983642251,-0.8306357846993649,0.9087997748334148,0.9087997748334148,-0.8306357846993649,clean,,,2022-12-01 17:07:51,2022-12-01 17:16:02.584303,-491.584303
ingv,ECPN,sim3,template1,604769,2022-12-01 17:07:59,0.4415930637369211,-1.259791779156454,0.8649886543037703,0.8649886543037703,-1.259791779156454,clean,,,2022-12-01 17:07:59,2022-12-01 17:16:02.584303,-483.584303
ingv,ECPN,sim4,template3,604875,2022-12-01 17:23:45,0.2363178219940505,-1.413186571565833,0.8498468547053903,0.8498468547053903,-1.413186571565833,clean,,,2022-12-01 17:23:45,2022-12-01 17:16:02.584303,462.415697
ingv,EC1,sim1,template2,605734,2022-12-01 17:24:50,0.3180094243569932,-0.7225994524585794,0.9201741472419628,0.9201741472419628,-0.7225994524585794,clean,,,2022-12-01 17:24:50,2022-12-01 17:16:02.584303,527.415697
ingv,ECPN,sim1,template1,605469,2022-12-01 17:33:39,0.3140511711484616,-0.8392043833680174,0.9079036892123912,0.9079036892123912,-0.8392043833680174,clean,,,2022-12-01 17:33:39,2022-12-01 17:43:12.011944,-573.011944
ingv,ECPN,sim2,template3,605471,2022-12-01 17:33:41,0.3316793980241121,-0.8417964421654109,0.9076327913845524,0.9076327913845524,-0.8417964421654109,clean,,,2022-12-01 17:33:41,2022-12-01 17:43:12.011944,-571.011944
ingv,ECPN,sim1,template3,605494,2022-12-01 17:34:04,0.3009981052187545,-0.8512211025317578,0.9066484947859272,0.9066484947859272,-0.8512211025317578,clean,,,2022-12-01 17:34:04,2022-12-01 17:43:12.011944,-548.011944
ingv,ECPN,sim4,template2,605513,2022-12-01 17:34:23,0.359910043768978,-0.8659106628492791,0.9051164683917744,0.9051164683917744,-0.8659106628492791,clean,,,2022-12-01 17:34:23,2022-12-01 17:43:12.011944,-529.011944
ingv,EC1,sim2,template3,606316,2022-12-01 17:34:32,0.4078518657275178,-0.2535047929932418,0.9712359747004136,0.9712359747004136,-0.2535047929932418,clean,,,2022-12-01 17:34:32,2022-12-01 17:43:12.011944,-520.011944
ingv,ECPN,sim3,template2,605565,2022-12-01 17:35:15,0.3259385604300786,-0.9242204712088424,0.89906062208876,0.89906062208876,-0.9242204712088424,clean,,,2022-12-01 17:35:15,2022-12-01 17:43:12.011944,-477.011944
ingv,EC1,sim2,template2,606402,2022-12-01 17:35:58,0.3997990422803356,-0.2395839843437419,0.9727938151778271,0.9727938151778271,-0.2395839843437419,clean,,,2022-12-01 17:35:58,2022-12-01 17:43:12.011944,-434.011944
ingv,ECPN,sim2,template1,606291,2022-12-01 19:36:00,0.2171341375743881,-0.3942780415572658,0.9556219087966276,0.9556219087966276,-0.3942780415572658,clean,,,2022-12-01 19:36:00,2022-12-01 19:45:44.112315,-584.112315
ingv,EC1,sim2,template1,607202,2022-12-01 19:37:57,0.2711882389079633,-0.6910981890510858,0.9235174173258824,0.9235174173258824,-0.6910981890510858,clean,,,2022-12-01 19:37:57,2022-12-01 19:45:44.112315,-467.112315
ingv,EC1,sim1,template4,607233,2022-12-01 19:38:28,0.2564095333148429,-1.8961253355959888,0.8038846448838112,0.8038846448838112,-1.8961253355959888,clean,,,2022-12-01 19:38:28,2022-12-01 19:45:44.112315,-436.112315
ingv,ECPN,sim3,template1,606546,2022-12-01 19:54:15,0.2697262847911778,0.0486262882006285,1.0056140081287148,1.0056140081287148,0.0486262882006285,clean,,,2022-12-01 19:54:15,2022-12-01 19:45:44.112315,510.887685
ingv,ECPN,sim1,template2,606592,2022-12-01 19:55:01,0.2702974659653303,0.0478269582777949,1.0055214694923755,1.0055214694923755,0.0478269582777949,clean,,,2022-12-01 19:55:01,2022-12-01 19:45:44.112315,556.887685
ingv,EC1,sim2,template2,607404,2022-12-01 19:55:19,0.2036393306952792,-0.5702254053634295,0.9364589177663414,0.9364589177663414,-0.5702254053634295,clean,,,2022-12-01 19:55:19,2022-12-01 19:45:44.112315,574.887685
ingv,ECPN,sim3,template4,608603,2022-12-01 20:48:32,0.3051726980707644,0.0701758538038762,1.008112019310326,1.008112019310326,0.0701758538038762,clean,,,2022-12-01 20:48:32,2022-12-01 20:56:58.766259,-506.766259
ingv,EC1,sim3,template1,609504,2022-12-01 21:07:16,0.2360582850100934,-1.463681111889471,0.8449206887844829,0.8449206887844829,-1.463681111889471,clean,,,2022-12-01 21:07:16,2022-12-01 20:59:55.294538,440.705462
ingv,EC1,sim4,template3,609557,2022-12-01 21:08:09,0.2013273770329088,-1.342614986283863,0.8567798630343569,0.8567798630343569,-1.342614986283863,clean,,,2022-12-01 21:08:09,2022-12-01 20:59:55.294538,493.705462
ingv,ECPN,sim3,template1,613078,2022-12-01 22:20:04,0.2038593095238899,0.3586463029582604,1.0421549967428378,1.0421549967428378,0.3586463029582604,clean,,,2022-12-01 22:20:04,2022-12-01 22:29:09.107938,-545.107938
ingv,ECPN,sim3,template2,613103,2022-12-01 22:20:29,0.2990649180396473,0.4758168376842613,1.0563086638349477,1.0563086638349477,0.4758168376842613,clean,,,2022-12-01 22:20:29,2022-12-01 22:29:09.107938,-520.107938
ingv,EC1,sim1,template3,613957,2022-12-01 22:21:29,0.2562382271587424,-0.8487749568918945,0.9069038637435132,0.9069038637435132,-0.8487749568918945,clean,,,2022-12-01 22:21:29,2022-12-01 22:29:09.107938,-460.107938
ingv,ECPN,sim1,template1,613212,2022-12-01 22:42:39,0.3734472593181352,0.6650015362838775,1.0795681836328928,1.0795681836328928,0.6650015362838775,clean,,,2022-12-01 22:42:39,2022-12-01 22:35:30.245088,428.754912
ingv,ECPN,sim2,template3,613227,2022-12-01 22:42:54,0.2208879283339198,0.6716670465447928,1.0803969570632443,1.0803969570632443,0.6716670465447928,clean,,,2022-12-01 22:42:54,2022-12-01 22:50:04.706548,-430.706548
ingv,EC1,sim4,template1,614031,2022-12-01 22:43:04,0.2976015895598985,-0.7360708568940917,0.918748106762772,0.918748106762772,-0.7360708568940917,clean,,,2022-12-01 22:43:04,2022-12-01 22:50:04.706548,-420.706548
ingv,ECPN,sim1,template3,614978,2022-12-02 00:12:45,0.3014603091166982,1.0933837874572228,1.1341465848592025,1.1341465848592025,1.0933837874572228,clean,,,2022-12-02 00:12:45,2022-12-02 00:22:38.642995,-593.642995
ingv,ECPN,sim1,template1,614986,2022-12-02 00:12:53,0.2625163722546041,1.101121353486225,1.1351573556984853,1.1351573556984853,1.101121353486225,clean,,,2022-12-02 00:12:53,2022-12-02 00:22:38.642995,-585.642995
ingv,EC1,sim3,template3,615810,2022-12-02 00:13:23,0.3298987094805403,-2.030730727422392,0.791522862505873,0.791522862505873,-2.030730727422392,clean,,,2022-12-02 00:13:23,2022-12-02 00:22:38.642995,-555.642995
ingv,ECPN,sim4,template3,615146,2022-12-02 00:15:33,0.2637597057729772,1.184452589200617,1.1461003085783672,1.1461003085783672,1.184452589200617,clean,,,2022-12-02 00:15:33,2022-12-02 00:22:38.642995,-425.642995
ingv,ECPN,sim1,template2,617145,2022-12-02 01:37:41,0.4032668178967599,0.9641327418059492,1.1173947771779853,1.1173947771779853,0.9641327418059492,clean,,,2022-12-02 01:37:41,2022-12-02 01:45:29.366699,-468.366699
ingv,EC1,sim1,template2,617957,2022-12-02 01:37:59,0.2950001775528238,-1.9178991317612455,0.8018719898304508,0.8018719898304508,-1.9178991317612455,clean,,,2022-12-02 01:37:59,2022-12-02 01:45:29.366699,-450.366699
ingv,EC1,sim3,template4,617973,2022-12-02 01:38:15,0.2304297865089495,-1.4051708258374496,0.8506314951780358,0.8506314951780358,-1.4051708258374496,clean,,,2022-12-02 01:38:15,2022-12-02 01:45:29.366699,-434.366699
ingv,ECPN,sim1,template1,617197,2022-12-02 02:05:28,0.2447792640361761,1.0146977859662385,1.1239186796552296,1.1239186796552296,1.0146977859662385,clean,,,2022-12-02 02:05:28,2022-12-02 02:14:55.610870,-567.61087
ingv,ECPN,sim3,template2,617540,2022-12-02 02:47:53,0.2475102433549224,0.5882335854074936,1.0700687451865272,1.0700687451865272,0.5882335854074936,clean,,,2022-12-02 02:47:53,2022-12-02 02:57:26.998572,-573.998572
ingv,ECPN,sim3,template1,617548,2022-12-02 02:48:01,0.3593622523260427,0.5892707639826553,1.0701965292925724,1.0701965292925724,0.5892707639826553,clean,,,2022-12-02 02:48:01,2022-12-02 02:57:26.998572,-565.998572
ingv,EC1,sim2,template2,618348,2022-12-02 02:48:07,0.2890186579511507,-1.5959766238380655,0.8321491402302014,0.8321491402302014,-1.5959766238380655,clean,,,2022-12-02 02:48:07,2022-12-02 02:57:26.998572,-559.998572
ingv,EC1,sim4,template1,618393,2022-12-02 02:48:52,0.3251646212054893,-1.4457335294191973,0.8466683464326044,0.8466683464326044,-1.4457335294191973,clean,,,2022-12-02 02:48:52,2022-12-02 02:57:26.998572,-514.998572
ingv,EC1,sim4,template2,618418,2022-12-02 02:49:17,0.2089691482773807,-1.439056767185253,0.8473194226882326,0.8473194226882326,-1.439056767185253,clean,,,2022-12-02 02:49:17,2022-12-02 02:57:26.998572,-489.998572
ingv,EC1,sim2,template1,618604,2022-12-02 03:06:23,0.2636051317558545,-1.4070229703837236,0.8504501292401307,0.8504501292401307,-1.4070229703837236,clean,,,2022-12-02 03:06:23,2022-12-02 02:57:26.998572,536.001428
ingv,EC1,sim2,template2,619791,2022-12-02 03:46:10,0.3276748681937092,-1.2664278549555184,0.8643280497687834,0.8643280497687834,-1.2664278549555184,clean,,,2022-12-02 03:46:10,2022-12-02 03:56:07.653825,-597.653825
ingv,ECPN,sim4,template2,619156,2022-12-02 03:48:49,0.2333109489716678,0.3279110756530611,1.0384738232729993,1.0384738232729993,0.3279110756530611,clean,,,2022-12-02 03:48:49,2022-12-02 03:56:07.653825,-438.653825
ingv,ECPN,sim1,template1,619210,2022-12-02 04:03:43,0.2605807456158568,0.3364621151257629,1.039496677988215,1.039496677988215,0.3364621151257629,clean,,,2022-12-02 04:03:43,2022-12-02 03:56:07.653825,455.346175
ingv,EC1,sim4,template2,626013,2022-12-02 06:39:10,0.3231667620450774,-1.2289395843747069,0.8680665486070419,0.8680665486070419,-1.2289395843747069,clean,,,2022-12-02 06:39:10,2022-12-02 06:49:02.371880,-592.37188
ingv,ECPN,sim4,template2,625227,2022-12-02 06:39:18,0.3474083593392412,-0.3926131682160305,0.9558050957807188,0.9558050957807188,-0.3926131682160305,clean,,,2022-12-02 06:39:18,2022-12-02 06:49:02.371880,-584.37188
ingv,ECPN,sim4,template1,626523,2022-12-02 08:13:42,0.2283115156333566,-0.410225447004742,0.9538689843302988,0.9538689843302988,-0.410225447004742,clean,,,2022-12-02 08:13:42,2022-12-02 08:23:01.501264,-559.501264
ingv,EC1,sim4,template1,627526,2022-12-02 08:31:11,0.4446512069697,-0.7450342791587221,0.9178004917329418,0.9178004917329418,-0.7450342791587221,clean,,,2022-12-02 08:31:11,2022-12-02 08:23:01.501264,489.498736
ingv,EC1,sim2,template3,627606,2022-12-02 08:32:31,0.2101808416343418,-0.7956567586230199,0.9124669899498448,0.9124669899498448,-0.7956567586230199,clean,,,2022-12-02 08:32:31,2022-12-02 08:23:01.501264,569.498736
ingv,ECPN,sim3,template1,630062,2022-12-02 10:22:04,0.2057261992633017,-1.468747447852483,0.8444280042034362,0.8444280042034362,-1.468747447852483,clean,,,2022-12-02 10:22:04,2022-12-02 10:31:47.566867,-583.566867
ingv,ECPN,sim1,template1,630073,2022-12-02 10:22:15,0.2307049466937581,-1.4754695804773634,0.8437747422656318,0.8437747422656318,-1.4754695804773634,clean,,,2022-12-02 10:22:15,2022-12-02 10:31:47.566867,-572.566867
ingv,ECPN,sim4,template2,630082,2022-12-02 10:22:24,0.4769344055414555,-1.496017272108812,0.8417810337565066,0.8417810337565066,-1.496017272108812,clean,,,2022-12-02 10:22:24,2022-12-02 10:31:47.566867,-563.566867
ingv,EC1,sim2,template2,630907,2022-12-02 10:22:55,0.2999233306054694,0.7007647257914595,1.0840223496521244,1.0840223496521244,0.7007647257914595,clean,,,2022-12-02 10:22:55,2022-12-02 10:31:47.566867,-532.566867
ingv,ECPN,sim2,template2,630115,2022-12-02 10:22:57,0.2190641066890391,-1.6560136687725422,0.8264171412022862,0.8264171412022862,-1.6560136687725422,clean,,,2022-12-02 10:22:57,2022-12-02 10:31:47.566867,-530.566867
ingv,ECPN,sim3,template2,630133,2022-12-02 10:23:15,0.4131580945194635,-1.7078553919403316,0.8214993618436437,0.8214993618436437,-1.7078553919403316,clean,,,2022-12-02 10:23:15,2022-12-02 10:31:47.566867,-512.566867
ingv,EC1,sim3,template3,630931,2022-12-02 10:23:19,0.2620249518941459,0.7159942391502419,1.0859247010811477,1.0859247010811477,0.7159942391502419,clean,,,2022-12-02 10:23:19,2022-12-02 10:31:47.566867,-508.566867
ingv,ECPN,sim2,template3,630210,2022-12-02 10:24:32,0.2820616368621025,-1.7253046610284284,0.8198506908209858,0.8198506908209858,-1.7253046610284284,clean,,,2022-12-02 10:24:32,2022-12-02 10:31:47.566867,-435.566867
ingv,ECPN,sim1,template3,630314,2022-12-02 10:40:16,0.3979883365533892,-1.7939294428334809,0.8133988009365779,0.8133988009365779,-1.7939294428334809,clean,,,2022-12-02 10:40:16,2022-12-02 10:31:47.566867,508.433133
ingv,EC1,sim4,template2,634631,2022-12-02 11:38:59,0.2077377476310987,-0.317058034268656,0.9641555338998848,0.9641555338998848,-0.317058034268656,clean,,,2022-12-02 11:38:59,2022-12-02 11:48:40.141837,-581.141837
ingv,EC1,sim3,template3,634717,2022-12-02 11:40:25,0.2881904301941307,-0.3710862909311824,0.95817687550902,0.95817687550902,-0.3710862909311824,clean,,,2022-12-02 11:40:25,2022-12-02 11:48:40.141837,-495.141837
ingv,EC1,sim1,template2,634739,2022-12-02 11:40:47,0.3684505770878551,-0.4783508277960934,0.9464168385484972,0.9464168385484972,-0.4783508277960934,clean,,,2022-12-02 11:40:47,2022-12-02 11:48:40.141837,-473.141837
ingv,EC1,sim1,template1,634786,2022-12-02 11:41:34,0.3511183513833787,-0.4928700781198242,0.9448361386920472,0.9448361386920472,-0.4928700781198242,clean,,,2022-12-02 11:41:34,2022-12-02 11:48:40.141837,-426.141837
ingv,ECPN,sim3,template4,634005,2022-12-02 11:55:47,0.2358922675367809,0.9572541077603876,1.116510226783494,1.116510226783494,0.9572541077603876,clean,,,2022-12-02 11:55:47,2022-12-02 11:48:40.141837,426.858163
ingv,ECPN,sim1,template3,634113,2022-12-02 11:57:35,0.2467858586825207,-0.8059842391435119,0.911382715864233,0.911382715864233,-0.8059842391435119,clean,,,2022-12-02 11:57:35,2022-12-02 11:48:40.141837,534.858163
ingv,ECPN,sim4,template1,635955,2022-12-02 14:42:37,0.2630392313640036,-0.229128305231621,0.9739655252364504,0.9739655252364504,-0.229128305231621,clean,,,2022-12-02 14:42:37,2022-12-02 14:52:01.879417,-564.879417
ingv,ECPN,sim4,template4,635982,2022-12-02 14:43:04,0.2227503671300008,1.2722981532814457,1.157750314561599,1.157750314561599,1.2722981532814457,clean,,,2022-12-02 14:43:04,2022-12-02 14:52:01.879417,-537.879417
ingv,ECPN,sim3,template4,636136,2022-12-02 15:03:54,0.2155749819382001,1.385379109423675,1.1729215225956586,1.1729215225956586,1.385379109423675,clean,,,2022-12-02 15:03:54,2022-12-02 14:56:17.207145,456.792855
ingv,ECPN,sim2,template3,636235,2022-12-02 15:05:33,0.3733659814166593,-0.04411573461613,0.9949338647259952,0.9949338647259952,-0.04411573461613,clean,,,2022-12-02 15:05:33,2022-12-02 14:56:17.207145,555.792855
ingv,ECPN,sim2,template1,636262,2022-12-02 15:06:00,0.2118593436724735,-0.0343967195973962,0.9960477620422148,0.9960477620422148,-0.0343967195973962,clean,,,2022-12-02 15:06:00,2022-12-02 14:56:17.207145,582.792855
ingv,EC1,sim1,template2,637217,2022-12-02 15:08:41,0.2278216054679169,1.0587024973649113,1.1296271577862265,1.1296271577862265,1.0587024973649113,clean,,,2022-12-02 15:08:41,2022-12-02 15:16:46.505971,-485.505971
ingv,ECPN,sim4,template3,636517,2022-12-02 15:24:15,0.2618824476720198,0.1549559258957941,1.018000042881832,1.018000042881832,0.1549559258957941,clean,,,2022-12-02 15:24:15,2022-12-02 15:16:46.505971,448.494029
ingv,ECPN,sim1,template3,636536,2022-12-02 15:24:34,0.3126143452376366,0.1563638954132119,1.0181650725177185,1.0181650725177185,0.1563638954132119,clean,,,2022-12-02 15:24:34,2022-12-02 15:16:46.505971,467.494029
ingv,EC1,sim4,template3,643589,2022-12-02 17:48:53,0.2255689222890371,-1.2083252633564812,0.8701291875289875,0.8701291875289875,-1.2083252633564812,clean,,,2022-12-02 17:48:53,2022-12-02 17:58:46.766204,-593.766204
ingv,EC1,sim4,template1,643617,2022-12-02 17:49:21,0.3022772587720282,-1.3368066221689043,0.8573529941596562,0.8573529941596562,-1.3368066221689043,clean,,,2022-12-02 17:49:21,2022-12-02 17:58:46.766204,-565.766204
ingv,EC1,sim1,template4,648767,2022-12-02 21:21:47,0.2323549758594592,-1.6315217354828055,0.8287507095189866,0.8287507095189866,-1.6315217354828055,clean,,,2022-12-02 21:21:47,2022-12-02 21:14:34.376573,432.623427
ingv,ECPN,sim2,template3,648043,2022-12-02 21:22:57,0.3305451894201398,-0.5417300443677628,0.939536156319018,0.939536156319018,-0.5417300443677628,clean,,,2022-12-02 21:22:57,2022-12-02 21:31:08.084801,-491.084801
ingv,ECPN,sim3,template1,648105,2022-12-02 21:23:59,0.2262376957209976,-0.4119703898735032,0.9536773770483954,0.9536773770483954,-0.4119703898735032,clean,,,2022-12-02 21:23:59,2022-12-02 21:31:08.084801,-429.084801
ingv,EC1,sim2,template3,650296,2022-12-02 22:27:38,0.2730085761315516,0.5144699016678657,1.06101981614983,1.06101981614983,0.5144699016678657,clean,,,2022-12-02 22:27:38,2022-12-02 22:36:41.976873,-543.976873
ingv,EC1,sim4,template2,650340,2022-12-02 22:28:22,0.2341142842138024,0.5820160733513117,1.0693030453050911,1.0693030453050911,0.5820160733513117,clean,,,2022-12-02 22:28:22,2022-12-02 22:36:41.976873,-499.976873
ingv,ECPN,sim4,template1,649746,2022-12-02 22:45:42,0.2965855743054974,-0.3946747939922029,0.9555782590755444,0.9555782590755444,-0.3946747939922029,clean,,,2022-12-02 22:45:42,2022-12-02 22:36:41.976873,540.023127
ingv,ECPN,sim3,template2,651375,2022-12-02 23:49:19,0.2477567249197981,-0.5112907277974358,0.9428344953444664,0.9428344953444664,-0.5112907277974358,clean,,,2022-12-02 23:49:19,2022-12-02 23:41:24.965587,474.034413
ingv,EC1,sim1,template3,652282,2022-12-02 23:51:12,0.3475762017589688,-0.5845397459622965,0.934916905032496,0.934916905032496,-0.5845397459622965,clean,,,2022-12-02 23:51:12,2022-12-02 23:41:24.965587,587.034413
ingv,ECPN,sim1,template2,651500,2022-12-02 23:51:24,0.2257422295900775,-0.521396945224965,0.9417381252944712,0.9417381252944712,-0.521396945224965,clean,,,2022-12-02 23:51:24,2022-12-02 23:41:24.965587,599.034413
ingv,EC1,sim4,template1,658602,2022-12-03 03:42:50,0.2105147829673124,-0.8685286239310903,0.904843703859173,0.904843703859173,-0.8685286239310903,clean,,,2022-12-03 03:42:50,2022-12-03 03:51:52.006738,-542.006738
ingv,ECPN,sim4,template2,657901,2022-12-03 03:44:23,0.2927566068615385,-1.0170782158794858,0.8895002801583811,0.8895002801583811,-1.0170782158794858,clean,,,2022-12-03 03:44:23,2022-12-03 03:51:52.006738,-449.006738
ingv,ECPN,sim2,template2,658727,2022-12-03 04:33:51,0.3675719225204625,-1.8860990736420429,0.8048131176167556,0.8048131176167556,-1.8860990736420429,clean,,,2022-12-03 04:33:51,2022-12-03 04:43:39.955802,-588.955802
ingv,EC1,sim4,template2,659526,2022-12-03 04:33:56,0.2113707882589942,-1.8483403229355848,0.8083193659067552,0.8083193659067552,-1.8483403229355848,clean,,,2022-12-03 04:33:56,2022-12-03 04:43:39.955802,-583.955802
ingv,EC1,sim3,template2,659617,2022-12-03 04:35:27,0.2166405192984579,-1.7446392607928318,0.8180277508358097,0.8180277508358097,-1.7446392607928318,clean,,,2022-12-03 04:35:27,2022-12-03 04:43:39.955802,-492.955802
ingv,ECPN,sim2,template3,658860,2022-12-03 04:36:04,0.2905599894152099,-1.9373213716975168,0.8000809527145512,0.8000809527145512,-1.9373213716975168,clean,,,2022-12-03 04:36:04,2022-12-03 04:43:39.955802,-455.955802
ingv,ECPN,sim2,template1,659076,2022-12-03 05:48:43,0.3319417333955851,-1.9017695357377589,0.803362440234404,0.803362440234404,-1.9017695357377589,clean,,,2022-12-03 05:48:43,2022-12-03 05:41:42.538336,420.461664
ingv,ECPN,sim1,template3,659236,2022-12-03 05:51:23,0.2189786834131212,-1.9613844111121537,0.7978675080471919,0.7978675080471919,-1.9613844111121537,clean,,,2022-12-03 05:51:23,2022-12-03 05:41:42.538336,580.461664
ingv,ECPN,sim1,template3,664894,2022-12-03 07:45:41,0.3437624271336193,-7.532129185713881,0.4201395255941849,0.4201395255941849,-7.532129185713881,clean,,,2022-12-03 07:45:41,2022-12-03 07:54:54.572606,-553.572606
ingv,ECPN,sim4,template1,664956,2022-12-03 07:46:43,0.2709204461979401,-7.651167779344268,0.4144208632450019,0.4144208632450019,-7.651167779344268,clean,,,2022-12-03 07:46:43,2022-12-03 07:54:54.572606,-491.572606
ingv,EC1,sim4,template2,673615,2022-12-03 12:59:57,0.2171207178364815,-2.9092325316055345,0.7153826011046825,0.7153826011046825,-2.9092325316055345,clean,,,2022-12-03 12:59:57,2022-12-03 13:09:32.824205,-575.824205
ingv,EC1,sim3,template2,673718,2022-12-03 13:01:40,0.2212078602633458,-3.249987532724238,0.6878608996279798,0.6878608996279798,-3.249987532724238,clean,,,2022-12-03 13:01:40,2022-12-03 13:09:32.824205,-472.824205
ingv,ECPN,sim2,template1,673005,2022-12-03 13:17:01,0.391740701262931,-1.187786053808891,0.8721891852363559,0.8721891852363559,-1.187786053808891,clean,,,2022-12-03 13:17:01,2022-12-03 13:09:32.824205,448.175795
ingv,ECPN,sim1,template3,673091,2022-12-03 13:18:27,0.2388818106701906,-1.1146335222227275,0.8795657786670464,0.8795657786670464,-1.1146335222227275,clean,,,2022-12-03 13:18:27,2022-12-03 13:09:32.824205,534.175795
ingv,ECPN,sim4,template2,673151,2022-12-03 13:19:27,0.2950356474261472,-1.1256492843692756,0.8784509883136139,0.8784509883136139,-1.1256492843692756,clean,,,2022-12-03 13:19:27,2022-12-03 13:09:32.824205,594.175795
ingv,ECPN,sim3,template1,681930,2022-12-03 16:25:46,0.2998786645874496,0.6104654995999673,1.0728111410568526,1.0728111410568526,0.6104654995999673,clean,,,2022-12-03 16:25:46,2022-12-03 16:35:00.402731,-554.402731
ingv,EC1,sim2,template1,682831,2022-12-03 16:27:33,0.3270023590731105,0.2639097008710398,1.0308500232164624,1.0308500232164624,0.2639097008710398,clean,,,2022-12-03 16:27:33,2022-12-03 16:35:00.402731,-447.402731
ingv,EC1,sim3,template3,683250,2022-12-03 16:48:32,0.2011415718111891,0.4037337738010043,1.0475787703949455,1.0475787703949455,0.4037337738010043,clean,,,2022-12-03 16:48:32,2022-12-03 16:57:52.184874,-560.184874
ingv,ECPN,sim2,template4,682673,2022-12-03 17:06:09,0.2525313869351895,4.568923139304967,1.692178438246292,1.692178438246292,4.568923139304967,clean,,,2022-12-03 17:06:09,2022-12-03 16:57:52.184874,496.815126
ingv,ECPN,sim2,template2,682674,2022-12-03 17:06:10,0.2905742139836033,0.6410307597974805,1.0765929659904483,1.0765929659904483,0.6410307597974805,clean,,,2022-12-03 17:06:10,2022-12-03 16:57:52.184874,497.815126
ingv,EC1,sim2,template2,683523,2022-12-03 17:07:05,0.3598916584586041,0.2505824585825555,1.029269545660606,1.029269545660606,0.2505824585825555,clean,,,2022-12-03 17:07:05,2022-12-03 16:57:52.184874,552.815126
ingv,EC1,sim4,template1,683525,2022-12-03 17:07:07,0.3755031563868495,0.2509449481480171,1.0293125012208668,1.0293125012208668,0.2509449481480171,clean,,,2022-12-03 17:07:07,2022-12-03 16:57:52.184874,554.815126
ingv,EC1,sim1,template3,683555,2022-12-03 17:07:37,0.2982725815149862,0.2432520609328229,1.028401267048819,1.028401267048819,0.2432520609328229,clean,,,2022-12-03 17:07:37,2022-12-03 16:57:52.184874,584.815126
ingv,ECPN,sim1,template1,684980,2022-12-03 18:04:36,0.4334219511539284,-0.9899677687385348,0.8922809306230592,0.8922809306230592,-0.9899677687385348,clean,,,2022-12-03 18:04:36,2022-12-03 17:54:45.841736,590.158264
ingv,ECPN,sim4,template4,687620,2022-12-03 19:14:16,0.3247523054020391,5.263097267627512,1.8329679167562096,1.8329679167562096,5.263097267627512,clean,,,2022-12-03 19:14:16,2022-12-03 19:05:19.173893,536.826107
ingv,ECPN,sim3,template4,687670,2022-12-03 19:15:06,0.2439817929851691,5.258485763890571,1.8319950175728985,1.8319950175728985,5.258485763890571,clean,,,2022-12-03 19:15:06,2022-12-03 19:05:19.173893,586.826107
ingv,ECPN,sim3,template2,688984,2022-12-03 20:17:42,0.2010830029455399,-1.4993133633877056,0.8414616582105429,0.8414616582105429,-1.4993133633877056,clean,,,2022-12-03 20:17:42,2022-12-03 20:10:41.836472,420.163528
ingv,ECPN,sim1,template3,689113,2022-12-03 20:19:51,0.2677797716533219,-0.8905503712841145,0.9025525164696908,0.9025525164696908,-0.8905503712841145,clean,,,2022-12-03 20:19:51,2022-12-03 20:10:41.836472,549.163528
ingv,EC1,sim2,template3,689955,2022-12-03 20:20:39,0.3688979522578394,-1.0448869155254965,0.8866570145517211,0.8866570145517211,-1.0448869155254965,clean,,,2022-12-03 20:20:39,2022-12-03 20:10:41.836472,597.163528
ingv,ECPN,sim4,template3,700211,2022-12-04 00:31:31,0.4960441858712777,-35.8959310718589,0.0160399661120641,0.0160399661120641,-35.8959310718589,clean,,,2022-12-04 00:31:31,2022-12-04 00:41:16.461931,-585.461931
ingv,ECPN,sim3,template2,700231,2022-12-04 00:31:51,0.3006579317778716,-35.88867857326714,0.0160533646718255,0.0160533646718255,-35.88867857326714,clean,,,2022-12-04 00:31:51,2022-12-04 00:41:16.461931,-565.461931
ingv,ECPN,sim3,template3,700315,2022-12-04 00:33:15,0.392625826618081,-35.6990428468667,0.0164077057012776,0.0164077057012776,-35.6990428468667,clean,,,2022-12-04 00:33:15,2022-12-04 00:41:16.461931,-481.461931
ingv,EC1,sim2,template2,701175,2022-12-04 00:52:40,0.3718063986313196,-31.083501231322312,0.0279141840998696,0.0279141840998696,-31.083501231322312,clean,,,2022-12-04 00:52:40,2022-12-04 00:45:35.987292,424.012708
ingv,ECPN,sim1,template1,700408,2022-12-04 00:53:07,0.2874828473329812,-35.64711661429789,0.0165060884987492,0.0165060884987492,-35.64711661429789,clean,,,2022-12-04 00:53:07,2022-12-04 00:45:35.987292,451.012708
ingv,EC1,sim1,template3,705725,2022-12-04 03:08:17,0.3082755918129981,-29.50536161326111,0.0334758735984385,0.0334758735984385,-29.50536161326111,clean,,,2022-12-04 03:08:17,2022-12-04 03:15:32.935005,-435.935005
ingv,ECPN,sim4,template1,704989,2022-12-04 03:23:15,0.3141319317447566,-37.79053581670859,0.0128965399903903,0.0128965399903903,-37.79053581670859,clean,,,2022-12-04 03:23:15,2022-12-04 03:15:32.935005,462.064995
ingv,ECPN,sim1,template1,705016,2022-12-04 03:23:42,0.4184080764280805,-37.748020425880654,0.0129598202709894,0.0129598202709894,-37.748020425880654,clean,,,2022-12-04 03:23:42,2022-12-04 03:15:32.935005,489.064995
ingv,ECPN,sim3,template3,710402,2022-12-04 05:43:28,0.4125312187725738,43.84637097517529,155.71073286842517,155.71073286842517,43.84637097517529,clean,,,2022-12-04 05:43:28,2022-12-04 05:51:22.264075,-474.264075
ingv,ECPN,sim3,template2,710411,2022-12-04 05:43:37,0.4539346157165657,43.85193697954334,155.81054583007287,155.81054583007287,43.85193697954334,clean,,,2022-12-04 05:43:37,2022-12-04 05:51:22.264075,-465.264075
ingv,EC1,sim4,template2,711297,2022-12-04 05:59:09,0.2941082320214437,38.27507278662564,81.98863184258212,81.98863184258212,38.27507278662564,clean,,,2022-12-04 05:59:09,2022-12-04 05:51:22.264075,466.735925
ingv,ECPN,sim4,template3,710545,2022-12-04 05:59:51,0.3807408520175658,44.02411477192909,158.92994701217722,158.92994701217722,44.02411477192909,clean,,,2022-12-04 05:59:51,2022-12-04 05:51:22.264075,508.735925
ingv,EC1,sim3,template2,711392,2022-12-04 06:00:44,0.2301554863563874,38.32905556366417,82.49977767361081,82.49977767361081,38.32905556366417,clean,,,2022-12-04 06:00:44,2022-12-04 05:51:22.264075,561.735925
ingv,ECPN,sim4,template2,710634,2022-12-04 06:01:20,0.4363676735795502,44.189094857344685,161.97751909286342,161.97751909286342,44.189094857344685,clean,,,2022-12-04 06:01:20,2022-12-04 05:51:22.264075,597.735925
ingv,EC1,sim1,template2,711988,2022-12-04 07:29:09,0.2478739520310469,38.43920571299271,83.55266094461292,83.55266094461292,38.43920571299271,clean,,,2022-12-04 07:29:09,2022-12-04 07:21:39.666891,449.333109
ingv,ECPN,sim2,template2,711202,2022-12-04 07:29:17,0.3272889956179061,44.50926874920614,168.05964330971983,168.05964330971983,44.50926874920614,clean,,,2022-12-04 07:29:17,2022-12-04 07:21:39.666891,457.333109
ingv,ECPN,sim1,template2,711272,2022-12-04 07:30:27,0.2254544203068145,44.528417901885256,168.4305609678649,168.4305609678649,44.528417901885256,clean,,,2022-12-04 07:30:27,2022-12-04 07:21:39.666891,527.333109
ingv,ECPN,sim2,template3,711312,2022-12-04 07:31:07,0.3684624973483932,44.52330948432986,168.33153131135933,168.33153131135933,44.52330948432986,clean,,,2022-12-04 07:31:07,2022-12-04 07:21:39.666891,567.333109
ingv,ECPN,sim3,template3,711954,2022-12-04 07:41:49,0.441440383532533,44.68215334268749,171.43822720332847,171.43822720332847,44.68215334268749,clean,,,2022-12-04 07:41:49,2022-12-04 07:50:59.056454,-550.056454
ingv,EC1,sim4,template3,712795,2022-12-04 07:42:36,0.2656695488121534,38.47180331300351,83.86681798725085,83.86681798725085,38.47180331300351,clean,,,2022-12-04 07:42:36,2022-12-04 07:50:59.056454,-503.056454
ingv,ECPN,sim3,template2,712185,2022-12-04 08:03:22,0.3721618824592791,44.56836933461314,169.20705498753014,169.20705498753014,44.56836933461314,clean,,,2022-12-04 08:03:22,2022-12-04 07:54:41.598291,520.401709
ingv,EC1,sim2,template1,713937,2022-12-04 08:33:20,0.2578607955863812,3.2874931301920918,1.4600732909557044,1.4600732909557044,3.2874931301920918,clean,,,2022-12-04 08:33:20,2022-12-04 08:26:19.326736,420.673264
ingv,EC1,sim3,template2,718568,2022-12-04 10:53:06,0.4429514214980318,-30.03151963256081,0.0315082308236148,0.0315082308236148,-30.03151963256081,clean,,,2022-12-04 10:53:06,2022-12-04 10:45:50.614047,435.385953
ingv,ECPN,sim4,template1,717776,2022-12-04 10:53:08,0.3708983415392424,-37.6614064903964,0.0130896994670184,0.0130896994670184,-37.6614064903964,clean,,,2022-12-04 10:53:08,2022-12-04 10:45:50.614047,437.385953
ingv,EC1,sim2,template2,718606,2022-12-04 10:53:44,0.3015405701239612,-30.08668715194936,0.0313087437728546,0.0313087437728546,-30.08668715194936,clean,,,2022-12-04 10:53:44,2022-12-04 10:45:50.614047,473.385953
ingv,ECPN,sim3,template4,717838,2022-12-04 10:54:10,0.3076628519623514,-37.66123818646847,0.013089953104731,0.013089953104731,-37.66123818646847,clean,,,2022-12-04 10:54:10,2022-12-04 10:45:50.614047,499.385953
ingv,ECPN,sim2,template4,717869,2022-12-04 10:54:41,0.2926562068754375,-37.72756244354821,0.012990380670043,0.012990380670043,-37.72756244354821,clean,,,2022-12-04 10:54:41,2022-12-04 10:45:50.614047,530.385953
ingv,EC1,sim2,template1,718686,2022-12-04 10:55:04,0.2261390470510985,-30.225059376293277,0.0308139257102137,0.0308139257102137,-30.225059376293277,clean,,,2022-12-04 10:55:04,2022-12-04 10:45:50.614047,553.385953
ingv,EC1,sim2,template1,721031,2022-12-04 12:50:55,0.2382033363726101,-31.139893494006728,0.0277335411118837,0.0277335411118837,-31.139893494006728,clean,,,2022-12-04 12:50:55,2022-12-04 12:42:34.333173,500.666827
ingv,ECPN,sim3,template1,720917,2022-12-04 13:22:15,0.2708437390299242,-38.01995713965978,0.0125603616156367,0.0125603616156367,-38.01995713965978,clean,,,2022-12-04 13:22:15,2022-12-04 13:32:12.940819,-597.940819
ingv,ECPN,sim3,template3,720942,2022-12-04 13:22:40,0.2983807479334553,-38.02009905089908,0.0125601564044268,0.0125601564044268,-38.02009905089908,clean,,,2022-12-04 13:22:40,2022-12-04 13:32:12.940819,-572.940819
ingv,EC1,sim3,template1,721743,2022-12-04 13:22:47,0.2866196783559721,-32.11338158317243,0.0247931050671526,0.0247931050671526,-32.11338158317243,clean,,,2022-12-04 13:22:47,2022-12-04 13:32:12.940819,-565.940819
ingv,EC1,sim4,template1,727483,2022-12-04 17:20:36,0.2624179807656782,-0.8161563004990444,0.910316018614284,0.910316018614284,-0.8161563004990444,clean,,,2022-12-04 17:20:36,2022-12-04 17:29:27.116640,-531.11664
ingv,EC1,sim2,template1,727583,2022-12-04 17:22:16,0.2793648188284391,-0.7768100363286684,0.9144490186535936,0.9144490186535936,-0.7768100363286684,clean,,,2022-12-04 17:22:16,2022-12-04 17:29:27.116640,-431.11664
ingv,ECPN,sim4,template2,726803,2022-12-04 17:36:30,0.414748168498801,5.356287375758134,1.852739534606867,1.852739534606867,5.356287375758134,clean,,,2022-12-04 17:36:30,2022-12-04 17:29:27.116640,422.88336
ingv,ECPN,sim3,template2,726854,2022-12-04 17:37:21,0.4159995862229984,6.130391365023633,2.025440866199371,2.025440866199371,6.130391365023633,clean,,,2022-12-04 17:37:21,2022-12-04 17:29:27.116640,473.88336
ingv,ECPN,sim3,template3,726876,2022-12-04 17:37:43,0.3897181393662112,6.495313461622944,2.1123489982010017,2.1123489982010017,6.495313461622944,clean,,,2022-12-04 17:37:43,2022-12-04 17:29:27.116640,495.88336
ingv,EC1,sim4,template1,735315,2022-12-04 23:37:29,0.2120598499725903,-0.5737482708676522,0.9360791812017148,0.9360791812017148,-0.5737482708676522,clean,,,2022-12-04 23:37:29,2022-12-04 23:46:52.936521,-563.936521
ingv,EC1,sim1,template1,735341,2022-12-04 23:37:55,0.3635515435775948,-0.5863296350511418,0.9347242678667578,0.9347242678667578,-0.5863296350511418,clean,,,2022-12-04 23:37:55,2022-12-04 23:46:52.936521,-537.936521
ingv,ECPN,sim1,template3,734560,2022-12-04 23:38:08,0.4408068675628492,-4.9813830292539,0.5635479165659099,0.5635479165659099,-4.9813830292539,clean,,,2022-12-04 23:38:08,2022-12-04 23:46:52.936521,-524.936521
ingv,ECPN,sim4,template2,734563,2022-12-04 23:38:11,0.2834753044881827,-4.985780596245477,0.563262670888968,0.563262670888968,-4.985780596245477,clean,,,2022-12-04 23:38:11,2022-12-04 23:46:52.936521,-521.936521
ingv,EC1,sim3,template1,735516,2022-12-04 23:54:50,0.2957969448971152,-0.4362218303990907,0.9510183756286916,0.9510183756286916,-0.4362218303990907,clean,,,2022-12-04 23:54:50,2022-12-04 23:46:52.936521,477.063479
ingv,EC1,sim3,template2,735534,2022-12-04 23:55:08,0.3147450000796994,-0.4335411430213268,0.9513119294849616,0.9513119294849616,-0.4335411430213268,clean,,,2022-12-04 23:55:08,2022-12-04 23:46:52.936521,495.063479
ingv,EC1,sim1,template3,735591,2022-12-04 23:56:05,0.2785251909015693,-0.3803708793652819,0.9571532008756526,0.9571532008756526,-0.3803708793652819,clean,,,2022-12-04 23:56:05,2022-12-04 23:46:52.936521,552.063479
ingv,EC1,sim2,template2,735619,2022-12-04 23:56:33,0.2211834833956557,-0.2384779617979978,0.9729176943015418,0.9729176943015418,-0.2384779617979978,clean,,,2022-12-04 23:56:33,2022-12-04 23:46:52.936521,580.063479
ingv,ECPN,sim1,template2,736937,2022-12-05 02:18:10,0.2979497053429767,-5.107949937995963,0.5553956873135112,0.5553956873135112,-5.107949937995963,clean,,,2022-12-05 02:18:10,2022-12-05 02:11:02.712247,427.287753
ingv,ECPN,sim4,template3,736988,2022-12-05 02:19:01,0.3017028401187817,-5.202206955640236,0.5494012614153908,0.5494012614153908,-5.202206955640236,clean,,,2022-12-05 02:19:01,2022-12-05 02:11:02.712247,478.287753
ingv,EC1,sim1,template3,737795,2022-12-05 02:19:14,0.3414322371530115,0.6604954550300413,1.0790082685825375,1.0790082685825375,0.6604954550300413,clean,,,2022-12-05 02:19:14,2022-12-05 02:11:02.712247,491.287753
ingv,ECPN,sim4,template2,737026,2022-12-05 02:19:39,0.3811917646494706,-5.25219113910996,0.5462487334928953,0.5462487334928953,-5.25219113910996,clean,,,2022-12-05 02:19:39,2022-12-05 02:11:02.712247,516.287753
ingv,ECPN,sim3,template2,737086,2022-12-05 02:20:39,0.3850615277155661,-5.207192405347221,0.5490860114450101,0.5490860114450101,-5.207192405347221,clean,,,2022-12-05 02:20:39,2022-12-05 02:11:02.712247,576.287753
ingv,ECPN,sim3,template3,737094,2022-12-05 02:20:47,0.377063200815488,-5.173639034287532,0.5512112189295053,0.5512112189295053,-5.173639034287532,clean,,,2022-12-05 02:20:47,2022-12-05 02:11:02.712247,584.287753
ingv,EC1,sim1,template1,742980,2022-12-05 05:04:59,0.2789093379969298,0.657045246744331,1.0785797501306793,1.0785797501306793,0.657045246744331,clean,,,2022-12-05 05:04:59,2022-12-05 05:14:43.673013,-584.673013
ingv,ECPN,sim3,template4,742568,2022-12-05 05:40:17,0.2381517883995436,0.6936970333677446,1.0831406414307354,1.0831406414307354,0.6936970333677446,clean,,,2022-12-05 05:40:17,2022-12-05 05:49:36.084330,-559.08433
ingv,EC1,sim4,template3,743408,2022-12-05 05:41:03,0.2338631240983705,0.902422105019631,1.1094841574958318,1.1094841574958318,0.902422105019631,clean,,,2022-12-05 05:41:03,2022-12-05 05:49:36.084330,-513.08433
ingv,ECPN,sim2,template4,742663,2022-12-05 05:41:52,0.2570446201298151,0.8212950586067325,1.099169712465736,1.099169712465736,0.8212950586067325,clean,,,2022-12-05 05:41:52,2022-12-05 05:49:36.084330,-464.08433
ingv,ECPN,sim2,template2,742724,2022-12-05 05:56:53,0.2322032640065451,1.2185968446660282,1.1506144987994444,1.1506144987994444,1.2185968446660282,clean,,,2022-12-05 05:56:53,2022-12-05 05:49:36.084330,436.91567
ingv,ECPN,sim1,template3,744914,2022-12-05 08:56:27,0.3322198887233663,2.65821604300755,1.3580344971592275,1.3580344971592275,2.65821604300755,clean,,,2022-12-05 08:56:27,2022-12-05 08:48:58.539729,448.460271
ingv,EC1,sim3,template3,754973,2022-12-05 13:04:52,0.2479393037294984,-1.7101832024728958,0.821279230259786,0.821279230259786,-1.7101832024728958,clean,,,2022-12-05 13:04:52,2022-12-05 12:55:38.919486,553.080514
ingv,EC1,sim1,template2,758588,2022-12-05 14:05:07,0.2889938549878612,1.5118130753362502,1.1901197264600052,1.1901197264600052,1.5118130753362502,clean,,,2022-12-05 14:05:07,2022-12-05 14:14:53.893816,-586.893816
ingv,ECPN,sim2,template3,757941,2022-12-05 14:07:34,0.2226383482183922,-0.8589267992481652,0.9058445172362914,0.9058445172362914,-0.8589267992481652,clean,,,2022-12-05 14:07:34,2022-12-05 14:14:53.893816,-439.893816
ingv,EC1,sim4,template1,758799,2022-12-05 14:22:38,0.2902018665477713,1.39173147138288,1.1737796439382409,1.1737796439382409,1.39173147138288,clean,,,2022-12-05 14:22:38,2022-12-05 14:14:53.893816,464.106184
ingv,EC1,sim1,template3,758854,2022-12-05 14:23:33,0.2049220841772027,1.62207154084643,1.205323369636366,1.205323369636366,1.62207154084643,clean,,,2022-12-05 14:23:33,2022-12-05 14:14:53.893816,519.106184
ingv,ECPN,sim3,template3,762653,2022-12-05 19:23:56,0.2384921469074417,-1.5398788532508785,0.8375409636772638,0.8375409636772638,-1.5398788532508785,clean,,,2022-12-05 19:23:56,2022-12-05 19:31:53.810459,-477.810459
ingv,EC1,sim2,template1,763467,2022-12-05 19:24:16,0.3364799934571415,-0.7384644629393494,0.9184949584807311,0.9184949584807311,-0.7384644629393494,clean,,,2022-12-05 19:24:16,2022-12-05 19:31:53.810459,-457.810459
ingv,EC1,sim3,template1,763486,2022-12-05 19:24:35,0.2885087107821935,-0.7342285262649366,0.9189429995567449,0.9189429995567449,-0.7342285262649366,clean,,,2022-12-05 19:24:35,2022-12-05 19:31:53.810459,-438.810459
ingv,EC1,sim1,template3,763501,2022-12-05 19:24:50,0.3538250169262483,-0.734073880731842,0.9189593607702834,0.9189593607702834,-0.734073880731842,clean,,,2022-12-05 19:24:50,2022-12-05 19:31:53.810459,-423.810459
ingv,EC1,sim4,template2,763564,2022-12-05 19:39:53,0.2986423345688851,-0.8251914543564391,0.9093695906342932,0.9093695906342932,-0.8251914543564391,clean,,,2022-12-05 19:39:53,2022-12-05 19:31:53.810459,479.189541
ingv,EC1,sim1,template2,763585,2022-12-05 19:40:14,0.3740126601420504,-0.7583297669207489,0.9163966895646148,0.9163966895646148,-0.7583297669207489,clean,,,2022-12-05 19:40:14,2022-12-05 19:31:53.810459,500.189541
ingv,ECPN,sim1,template2,762830,2022-12-05 19:40:53,0.2347306874078445,-1.697213877380295,0.8225064382744671,0.8225064382744671,-1.697213877380295,clean,,,2022-12-05 19:40:53,2022-12-05 19:31:53.810459,539.189541
ingv,EC1,sim3,template2,763655,2022-12-05 19:41:24,0.2562369666326421,-0.8890007176150527,0.902713555655166,0.902713555655166,-0.8890007176150527,clean,,,2022-12-05 19:41:24,2022-12-05 19:31:53.810459,570.189541
ingv,EC1,sim3,template3,763670,2022-12-05 19:41:39,0.2838737082676169,-0.9333872534538654,0.8981122856569522,0.8981122856569522,-0.9333872534538654,clean,,,2022-12-05 19:41:39,2022-12-05 19:31:53.810459,585.189541
ingv,ECPN,sim1,template1,763218,2022-12-05 19:47:21,0.3085193372086392,-2.077450632358471,0.7872768268872845,0.7872768268872845,-2.077450632358471,clean,,,2022-12-05 19:47:21,2022-12-05 19:56:15.235079,-534.235079
ingv,ECPN,sim4,template1,763356,2022-12-05 20:03:39,0.3604070886439278,-2.032246685653329,0.7913847291720225,0.7913847291720225,-2.032246685653329,clean,,,2022-12-05 20:03:39,2022-12-05 19:56:15.235079,443.764921
ingv,ECPN,sim2,template2,763462,2022-12-05 20:05:25,0.3674797843768924,-2.0607082127932,0.7887957997334629,0.7887957997334629,-2.0607082127932,clean,,,2022-12-05 20:05:25,2022-12-05 19:56:15.235079,549.764921
ingv,ECPN,sim4,template2,763481,2022-12-05 20:05:44,0.3670939108647091,-2.058015020118529,0.7890404158338638,0.7890404158338638,-2.058015020118529,clean,,,2022-12-05 20:05:44,2022-12-05 19:56:15.235079,568.764921
ingv,ECPN,sim2,template2,764525,2022-12-05 20:23:08,0.2983135556644535,-3.9471415173440376,0.6348087789899582,0.6348087789899582,-3.9471415173440376,clean,,,2022-12-05 20:23:08,2022-12-05 20:32:47.650000,-579.65
ingv,EC1,sim1,template2,765463,2022-12-05 20:25:32,0.226077762758901,-0.3046845664403856,0.9655299986244232,0.9655299986244232,-0.3046845664403856,clean,,,2022-12-05 20:25:32,2022-12-05 20:32:47.650000,-435.65
ingv,EC1,sim1,template1,765533,2022-12-05 20:40:42,0.3202828790189383,-0.153014251188147,0.9825378452029122,0.9825378452029122,-0.153014251188147,clean,,,2022-12-05 20:40:42,2022-12-05 20:32:47.650000,474.35
ingv,EC1,sim4,template2,765605,2022-12-05 20:41:54,0.4063891913247258,-0.1991984544698614,0.977327405876652,0.977327405876652,-0.1991984544698614,clean,,,2022-12-05 20:41:54,2022-12-05 20:32:47.650000,546.35
ingv,ECPN,sim2,template2,771069,2022-12-05 22:26:12,0.3294097251681862,1.5867034320938,1.2004253874116286,1.2004253874116286,1.5867034320938,clean,,,2022-12-05 22:26:12,2022-12-05 22:35:31.787034,-559.787034
ingv,EC1,sim4,template3,771873,2022-12-05 22:26:22,0.3160503887529871,-0.3114475610946052,0.9647785116714124,0.9647785116714124,-0.3114475610946052,clean,,,2022-12-05 22:26:22,2022-12-05 22:35:31.787034,-549.787034
ingv,ECPN,sim4,template3,771173,2022-12-05 22:27:56,0.2856800021328254,1.6472927695407982,1.2088283548769574,1.2088283548769574,1.6472927695407982,clean,,,2022-12-05 22:27:56,2022-12-05 22:35:31.787034,-455.787034
ingv,ECPN,sim4,template1,771182,2022-12-05 22:28:05,0.3594622480467264,1.6459789617368703,1.208645524091956,1.208645524091956,1.6459789617368703,clean,,,2022-12-05 22:28:05,2022-12-05 22:35:31.787034,-446.787034
ingv,EC1,sim4,template1,775013,2022-12-05 23:32:42,0.2771383574164619,-3.067846753682742,0.7024374575535635,0.7024374575535635,-3.067846753682742,clean,,,2022-12-05 23:32:42,2022-12-05 23:42:36.382603,-594.382603
ingv,ECPN,sim4,template1,774313,2022-12-05 23:34:16,0.2737622447540415,3.3374980242740246,1.468503213482394,1.468503213482394,3.3374980242740246,clean,,,2022-12-05 23:34:16,2022-12-05 23:42:36.382603,-500.382603
ingv,EC1,sim4,template2,775160,2022-12-05 23:35:09,0.2010675542996285,-2.9165919487389087,0.714776725433905,0.714776725433905,-2.9165919487389087,clean,,,2022-12-05 23:35:09,2022-12-05 23:42:36.382603,-447.382603
ingv,EC1,sim3,template2,775290,2022-12-05 23:51:19,0.2248715545126788,-2.784851907431187,0.7257004704610789,0.7257004704610789,-2.784851907431187,clean,,,2022-12-05 23:51:19,2022-12-05 23:42:36.382603,522.617397
ingv,ECPN,sim3,template1,775069,2022-12-06 01:00:44,0.2767653211794468,2.4829458958591104,1.330905729823541,1.330905729823541,2.4829458958591104,clean,,,2022-12-06 01:00:44,2022-12-06 00:53:34.189189,429.810811
ingv,EC1,sim2,template2,775927,2022-12-06 01:01:48,0.3571825650290295,-3.993062308400421,0.6314615111567933,0.6314615111567933,-3.993062308400421,clean,,,2022-12-06 01:01:48,2022-12-06 00:53:34.189189,493.810811
ingv,EC1,sim3,template4,775956,2022-12-06 01:02:17,0.254591286779281,-2.584619072330569,0.7426241125305403,0.7426241125305403,-2.584619072330569,clean,,,2022-12-06 01:02:17,2022-12-06 00:53:34.189189,522.810811
ingv,ECPN,sim4,template3,775217,2022-12-06 01:03:12,0.3717649334330498,2.468268110271439,1.3286586079141411,1.3286586079141411,2.468268110271439,clean,,,2022-12-06 01:03:12,2022-12-06 00:53:34.189189,577.810811
ingv,EC1,sim2,template1,785220,2022-12-06 06:58:57,0.3318624507036797,-1.8956304850275585,0.8039304449252612,0.8039304449252612,-1.8956304850275585,clean,,,2022-12-06 06:58:57,2022-12-06 07:08:52.700824,-595.700824
ingv,EC1,sim4,template1,785270,2022-12-06 06:59:47,0.3290980799790867,-1.8608454032328203,0.807156465366873,0.807156465366873,-1.8608454032328203,clean,,,2022-12-06 06:59:47,2022-12-06 07:08:52.700824,-545.700824
ingv,EC1,sim2,template3,785386,2022-12-06 07:01:43,0.3902226654350059,-1.8678534004983376,0.8065054935923274,0.8065054935923274,-1.8678534004983376,clean,,,2022-12-06 07:01:43,2022-12-06 07:08:52.700824,-429.700824
ingv,ECPN,sim1,template2,784613,2022-12-06 07:16:04,0.2740575356978516,-0.8528504830934702,0.9064784331177111,0.9064784331177111,-0.8528504830934702,clean,,,2022-12-06 07:16:04,2022-12-06 07:08:52.700824,431.299176
ingv,EC1,sim3,template3,785449,2022-12-06 07:16:46,0.2630573904409806,-1.9688697272149305,0.7971802188808735,0.7971802188808735,-1.9688697272149305,clean,,,2022-12-06 07:16:46,2022-12-06 07:08:52.700824,473.299176
ingv,EC1,sim1,template2,785488,2022-12-06 07:17:25,0.3526891845874886,-1.878502936495411,0.805517264812173,0.805517264812173,-1.878502936495411,clean,,,2022-12-06 07:17:25,2022-12-06 07:08:52.700824,512.299176
ingv,EC1,sim4,template3,785511,2022-12-06 07:17:48,0.2417514517836685,-1.8837538152058195,0.8050304528206871,0.8050304528206871,-1.8837538152058195,clean,,,2022-12-06 07:17:48,2022-12-06 07:08:52.700824,535.299176
ingv,ECPN,sim2,template2,786767,2022-12-06 09:43:20,0.455990135498569,-0.4757588330880496,0.9466993051232618,0.9466993051232618,-0.4757588330880496,clean,,,2022-12-06 09:43:20,2022-12-06 09:35:46.197664,453.802336
ingv,ECPN,sim4,template2,786839,2022-12-06 09:44:32,0.4253222292829809,-0.6563188285217538,0.9272227068648496,0.9272227068648496,-0.6563188285217538,clean,,,2022-12-06 09:44:32,2022-12-06 09:35:46.197664,525.802336
ingv,ECPN,sim1,template3,786864,2022-12-06 09:44:57,0.3140764748912836,-0.6520834990606335,0.9276749404773436,0.9276749404773436,-0.6520834990606335,clean,,,2022-12-06 09:44:57,2022-12-06 09:53:42.655960,-525.65596
ingv,ECPN,sim3,template2,786913,2022-12-06 09:45:46,0.3328084470319172,-0.6526866768157178,0.9276105218071576,0.9276105218071576,-0.6526866768157178,clean,,,2022-12-06 09:45:46,2022-12-06 09:53:42.655960,-476.65596
ingv,EC1,sim1,template4,787760,2022-12-06 09:46:39,0.2751841115013617,3.899444988894855,1.566650961023413,1.566650961023413,3.899444988894855,clean,,,2022-12-06 09:46:39,2022-12-06 09:53:42.655960,-423.65596
ingv,EC1,sim1,template3,792375,2022-12-06 12:06:53,0.2883242751002939,0.4279200653288934,1.0504998706498938,1.0504998706498938,0.4279200653288934,clean,,,2022-12-06 12:06:53,2022-12-06 12:15:59.345136,-546.345136
ingv,ECPN,sim4,template2,791755,2022-12-06 12:23:47,0.2876827657655713,0.312712617889499,1.036658304007991,1.036658304007991,0.312712617889499,clean,,,2022-12-06 12:23:47,2022-12-06 12:15:59.345136,467.654864
ingv,EC1,sim3,template1,792565,2022-12-06 12:24:03,0.2718132937084457,0.2384097659121422,1.0278281035963766,1.0278281035963766,0.2384097659121422,clean,,,2022-12-06 12:24:03,2022-12-06 12:15:59.345136,483.654864
ingv,ECPN,sim2,template1,791795,2022-12-06 12:24:27,0.2379685052236529,0.2377764975779053,1.0277531697333806,1.0277531697333806,0.2377764975779053,clean,,,2022-12-06 12:24:27,2022-12-06 12:15:59.345136,507.654864
ingv,ECPN,sim3,template2,791845,2022-12-06 12:25:17,0.2950392370743807,0.209319846546189,1.0243915616145567,1.0243915616145567,0.209319846546189,clean,,,2022-12-06 12:25:17,2022-12-06 12:15:59.345136,557.654864
ingv,EC1,sim2,template4,792681,2022-12-06 12:25:59,0.2511499800128926,-1.5929686772747726,0.8324373655829322,0.8324373655829322,-1.5929686772747726,clean,,,2022-12-06 12:25:59,2022-12-06 12:15:59.345136,599.654864
ingv,EC1,sim4,template1,793010,2022-12-06 12:31:28,0.242487597257177,-0.8555840795473364,0.9061931939023156,0.9061931939023156,-0.8555840795473364,clean,,,2022-12-06 12:31:28,2022-12-06 12:39:51.799051,-503.799051
ingv,EC1,sim3,template2,793018,2022-12-06 12:31:36,0.2389806461986004,-0.8537072638377508,0.9063890220158578,0.9063890220158578,-0.8537072638377508,clean,,,2022-12-06 12:31:36,2022-12-06 12:39:51.799051,-495.799051
ingv,EC1,sim2,template1,793020,2022-12-06 12:31:38,0.3610851247301198,-0.8535155359910479,0.906409029400327,0.906409029400327,-0.8535155359910479,clean,,,2022-12-06 12:31:38,2022-12-06 12:39:51.799051,-493.799051
ingv,ECPN,sim4,template1,792774,2022-12-06 13:12:41,0.2379588033756647,-0.7363500500994647,0.9187185756361886,0.9187185756361886,-0.7363500500994647,clean,,,2022-12-06 13:12:41,2022-12-06 13:22:17.176785,-576.176785
ingv,EC1,sim2,template4,793717,2022-12-06 13:15:10,0.2216895115615334,-1.6443703655900423,0.8275256836587984,0.8275256836587984,-1.6443703655900423,clean,,,2022-12-06 13:15:10,2022-12-06 13:22:17.176785,-427.176785
ingv,ECPN,sim1,template2,792946,2022-12-06 13:29:33,0.2624272421764924,-1.724150028168183,0.819959682473982,0.819959682473982,-1.724150028168183,clean,,,2022-12-06 13:29:33,2022-12-06 13:22:17.176785,435.823215
ingv,ECPN,sim2,template2,792999,2022-12-06 13:30:26,0.2645870198514945,-1.5059788905415474,0.8408161706171404,0.8408161706171404,-1.5059788905415474,clean,,,2022-12-06 13:30:26,2022-12-06 13:22:17.176785,488.823215
ingv,EC1,sim1,template3,793825,2022-12-06 13:30:58,0.3312090678861894,-1.7451320018965608,0.8179813463244919,0.8179813463244919,-1.7451320018965608,clean,,,2022-12-06 13:30:58,2022-12-06 13:22:17.176785,520.823215
ingv,EC1,sim1,template2,793886,2022-12-06 13:31:59,0.3852481251863371,-1.9906381888183056,0.7951848378147792,0.7951848378147792,-1.9906381888183056,clean,,,2022-12-06 13:31:59,2022-12-06 13:22:17.176785,581.823215
ingv,EC1,sim3,template1,793890,2022-12-06 13:32:03,0.2942939761055682,-2.02592866759317,0.7919605828987508,0.7919605828987508,-2.02592866759317,clean,,,2022-12-06 13:32:03,2022-12-06 13:22:17.176785,585.823215
ingv,ECPN,sim4,template2,795356,2022-12-06 14:29:43,0.3031077400617757,-0.5471084035094189,0.9389545695233048,0.9389545695233048,-0.5471084035094189,clean,,,2022-12-06 14:29:43,2022-12-06 14:39:30.190232,-587.190232
ingv,EC1,sim1,template2,796155,2022-12-06 14:29:48,0.2430940782536168,-3.868210324251531,0.6406037605557856,0.6406037605557856,-3.868210324251531,clean,,,2022-12-06 14:29:48,2022-12-06 14:39:30.190232,-582.190232
ingv,EC1,sim3,template2,796167,2022-12-06 14:30:00,0.2633844497979251,-3.866746419277399,0.6407117359159639,0.6407117359159639,-3.866746419277399,clean,,,2022-12-06 14:30:00,2022-12-06 14:39:30.190232,-570.190232
ingv,EC1,sim4,template3,796375,2022-12-06 14:47:28,0.3312195433616641,-4.065814979761694,0.6261945031943582,0.6261945031943582,-4.065814979761694,clean,,,2022-12-06 14:47:28,2022-12-06 14:39:30.190232,477.809768
ingv,EC1,sim2,template3,796388,2022-12-06 14:47:41,0.3392429373277828,-4.073388485397956,0.6256487420997353,0.6256487420997353,-4.073388485397956,clean,,,2022-12-06 14:47:41,2022-12-06 14:55:47.791369,-486.791369
ingv,EC1,sim2,template3,810363,2022-12-06 22:10:59,0.382450940966938,4.706456295995649,1.719185797838947,1.719185797838947,4.706456295995648,clean,,,2022-12-06 22:10:59,2022-12-06 22:03:12.670833,466.329167
ingv,ECPN,sim1,template3,816847,2022-12-07 00:56:40,0.2555199852966681,0.1714868849453072,1.0199393423524428,1.0199393423524428,0.1714868849453072,clean,,,2022-12-07 00:56:40,2022-12-07 01:05:44.215983,-544.215983
ingv,EC1,sim1,template2,817691,2022-12-07 00:57:30,0.2273912102432699,-2.871364092134008,0.7185083100090739,0.7185083100090739,-2.871364092134008,clean,,,2022-12-07 00:57:30,2022-12-07 01:05:44.215983,-494.215983
ingv,EC1,sim1,template3,817750,2022-12-07 00:58:29,0.2953014528973883,-2.8038297067730222,0.7241166184898158,0.7241166184898158,-2.8038297067730222,clean,,,2022-12-07 00:58:29,2022-12-07 01:05:44.215983,-435.215983
ingv,ECPN,sim2,template4,821195,2022-12-07 03:07:17,0.2325386778609577,-1.2084873860349108,0.8701129466643404,0.8701129466643404,-1.2084873860349108,clean,,,2022-12-07 03:07:17,2022-12-07 02:58:07.530846,549.469154
ingv,ECPN,sim1,template1,821220,2022-12-07 03:07:42,0.2542366112496886,-1.5797361884720216,0.8337065059230742,0.8337065059230742,-1.5797361884720216,clean,,,2022-12-07 03:07:42,2022-12-07 02:58:07.530846,574.469154
ingv,ECPN,sim1,template3,825055,2022-12-07 05:05:38,0.3291505644171443,-0.9129889637701992,0.9002239269327563,0.9002239269327563,-0.9129889637701992,clean,,,2022-12-07 05:05:38,2022-12-07 05:14:51.377404,-553.377404
ingv,ECPN,sim4,template1,825094,2022-12-07 05:06:17,0.2640987993102066,-0.8813454461912107,0.9035095090631384,0.9035095090631384,-0.8813454461912107,clean,,,2022-12-07 05:06:17,2022-12-07 05:14:51.377404,-514.377404
ingv,EC1,sim2,template3,825913,2022-12-07 05:06:42,0.2099785286851549,-1.38224586623137,0.8528795607823226,0.8528795607823226,-1.38224586623137,clean,,,2022-12-07 05:06:42,2022-12-07 05:14:51.377404,-489.377404
ingv,ECPN,sim3,template1,828332,2022-12-07 07:03:14,0.3385861342090777,-0.275999801119594,0.9687238895635883,0.9687238895635883,-0.275999801119594,clean,,,2022-12-07 07:03:14,2022-12-07 07:11:45.521113,-511.521113
ingv,ECPN,sim2,template4,829212,2022-12-07 07:57:48,0.3569280168011353,1.7504318346385377,1.223267934505472,1.223267934505472,1.7504318346385377,clean,,,2022-12-07 07:57:48,2022-12-07 08:06:42.412044,-534.412044
ingv,ECPN,sim2,template3,829338,2022-12-07 08:44:28,0.3225597146110566,-0.3261513426627055,0.9631466820408536,0.9631466820408536,-0.3261513426627055,clean,,,2022-12-07 08:44:28,2022-12-07 08:37:16.074064,431.925936
ingv,EC1,sim3,template1,830172,2022-12-07 08:45:08,0.2981594963777921,1.5635657976630524,1.1972319272168068,1.1972319272168068,1.5635657976630524,clean,,,2022-12-07 08:45:08,2022-12-07 08:37:16.074064,471.925936
ingv,ECPN,sim4,template2,829426,2022-12-07 08:45:56,0.4864191317774111,-0.3100464680680722,0.9649341495542118,0.9649341495542118,-0.3100464680680722,clean,,,2022-12-07 08:45:56,2022-12-07 08:37:16.074064,519.925936
ingv,ECPN,sim3,template2,829477,2022-12-07 08:46:47,0.449967120551309,-0.3099435011901827,0.964945588433797,0.964945588433797,-0.3099435011901827,clean,,,2022-12-07 08:46:47,2022-12-07 08:37:16.074064,570.925936
ingv,EC1,sim2,template3,834123,2022-12-07 11:00:59,0.38903429879765,-1.67988983100807,0.8241485681784155,0.8241485681784155,-1.67988983100807,clean,,,2022-12-07 11:00:59,2022-12-07 11:08:07.749316,-428.749316
ingv,EC1,sim2,template1,834149,2022-12-07 11:15:25,0.392780284590581,-1.679901167831324,0.824147492500397,0.824147492500397,-1.679901167831324,clean,,,2022-12-07 11:15:25,2022-12-07 11:08:07.749316,437.250684
ingv,EC1,sim2,template2,834226,2022-12-07 11:16:42,0.326989318964814,-1.6128239649763965,0.8305366499098334,0.8305366499098334,-1.6128239649763965,clean,,,2022-12-07 11:16:42,2022-12-07 11:08:07.749316,514.250684
ingv,ECPN,sim3,template1,833455,2022-12-07 11:17:05,0.4126657100495974,1.4790894073594458,1.1856444436060762,1.1856444436060762,1.4790894073594458,clean,,,2022-12-07 11:17:05,2022-12-07 11:08:07.749316,537.250684
ingv,ECPN,sim2,template2,833487,2022-12-07 11:17:37,0.3721579923509966,1.481573897550004,1.185983630890977,1.185983630890977,1.481573897550004,clean,,,2022-12-07 11:17:37,2022-12-07 11:08:07.749316,569.250684
ingv,EC1,sim3,template3,848479,2022-12-07 19:46:30,0.2173685249798529,-0.012311241127404,0.998583619999498,0.998583619999498,-0.012311241127404,clean,,,2022-12-07 19:46:30,2022-12-07 19:38:01.939869,508.060131
ingv,EC1,sim1,template1,848486,2022-12-07 19:46:37,0.317191573540094,-0.0012367781910906,0.9998576207855752,0.9998576207855752,-0.0012367781910906,clean,,,2022-12-07 19:46:37,2022-12-07 19:38:01.939869,515.060131
ingv,ECPN,sim4,template1,850605,2022-12-07 20:35:10,0.3720915095547095,-1.392098051037223,0.8519127095211554,0.8519127095211554,-1.392098051037223,clean,,,2022-12-07 20:35:10,2022-12-07 20:44:38.558131,-568.558131
ingv,ECPN,sim3,template1,851238,2022-12-07 21:25:29,0.4645358026267295,-0.6895582025137079,0.9236811691731978,0.9236811691731978,-0.6895582025137079,clean,,,2022-12-07 21:25:29,2022-12-07 21:35:05.395603,-576.395603
ingv,ECPN,sim4,template2,851247,2022-12-07 21:25:38,0.2641862116403127,-0.6824405493173714,0.9244383900164111,0.9244383900164111,-0.6824405493173714,clean,,,2022-12-07 21:25:38,2022-12-07 21:35:05.395603,-567.395603
ingv,ECPN,sim3,template2,851297,2022-12-07 21:26:28,0.2418773195660806,-0.7046622205840598,0.9220763624551792,0.9220763624551792,-0.7046622205840598,clean,,,2022-12-07 21:26:28,2022-12-07 21:35:05.395603,-517.395603
ingv,EC1,sim1,template2,852278,2022-12-07 21:43:35,0.2746841803166195,-0.8301583210290446,0.9088497329632838,0.9088497329632838,-0.8301583210290446,clean,,,2022-12-07 21:43:35,2022-12-07 21:35:05.395603,509.604397
ingv,ECPN,sim1,template1,851514,2022-12-07 21:44:05,0.2529551759486044,-0.7285234381564238,0.919546780300034,0.919546780300034,-0.7285234381564238,clean,,,2022-12-07 21:44:05,2022-12-07 21:35:05.395603,539.604397
ingv,ECPN,sim1,template2,851574,2022-12-07 21:45:05,0.2904182248421437,-0.7493646873990513,0.9173430302179916,0.9173430302179916,-0.7493646873990513,clean,,,2022-12-07 21:45:05,2022-12-07 21:35:05.395603,599.604397
ingv,ECPN,sim2,template2,851574,2022-12-07 21:45:05,0.4944636124661521,-0.7493646873990513,0.9173430302179916,0.9173430302179916,-0.7493646873990513,clean,,,2022-12-07 21:45:05,2022-12-07 21:35:05.395603,599.604397
ingv,ECPN,sim2,template3,857344,2022-12-08 00:30:11,0.4605407397684827,0.2568832849763936,1.0300164583879403,1.0300164583879403,0.2568832849763936,clean,,,2022-12-08 00:30:11,2022-12-08 00:40:10.466882,-599.466882
ingv,EC1,sim1,template1,858140,2022-12-08 00:30:13,0.2393305181758721,0.6763192644217192,1.0809757795594208,1.0809757795594208,0.6763192644217192,clean,,,2022-12-08 00:30:13,2022-12-08 00:40:10.466882,-597.466882
ingv,EC1,sim4,template3,858168,2022-12-08 00:30:41,0.2300127088711816,0.5863515768658591,1.0698369139705617,1.0698369139705617,0.5863515768658591,clean,,,2022-12-08 00:30:41,2022-12-08 00:40:10.466882,-569.466882
ingv,ECPN,sim4,template4,857375,2022-12-08 00:30:42,0.2663319999594538,1.2517926972183848,1.155020346928259,1.155020346928259,1.2517926972183848,clean,,,2022-12-08 00:30:42,2022-12-08 00:40:10.466882,-568.466882
ingv,ECPN,sim3,template2,857393,2022-12-08 00:31:00,0.2459465269407866,0.3500362487849625,1.041122452526018,1.041122452526018,0.3500362487849625,clean,,,2022-12-08 00:31:00,2022-12-08 00:40:10.466882,-550.466882
ingv,EC1,sim2,template2,858197,2022-12-08 00:31:10,0.2597767409498465,0.3987798793076651,1.046981466573749,1.046981466573749,0.3987798793076651,clean,,,2022-12-08 00:31:10,2022-12-08 00:40:10.466882,-540.466882
ingv,ECPN,sim4,template1,857521,2022-12-08 00:33:08,0.2455290195175395,0.2604759506222554,1.030442582861951,1.030442582861951,0.2604759506222554,clean,,,2022-12-08 00:33:08,2022-12-08 00:40:10.466882,-422.466882
ingv,EC1,sim2,template1,858322,2022-12-08 00:47:15,0.3108015408235896,0.2539960391836739,1.029674131166318,1.029674131166318,0.2539960391836739,clean,,,2022-12-08 00:47:15,2022-12-08 00:40:10.466882,424.533118
ingv,ECPN,sim2,template4,857665,2022-12-08 00:49:32,0.3157266679310843,1.3423528394633413,1.167125726024773,1.167125726024773,1.3423528394633413,clean,,,2022-12-08 00:49:32,2022-12-08 00:40:10.466882,561.533118
ingv,EC1,sim4,template2,867570,2022-12-08 04:45:32,0.2477028517047571,2.115010928625737,1.2757058481112125,1.2757058481112125,2.115010928625737,clean,,,2022-12-08 04:45:32,2022-12-08 04:54:36.157810,-544.15781
ingv,EC1,sim1,template1,867593,2022-12-08 04:45:55,0.3204806111353916,2.0901825200769792,1.2720644802051284,1.2720644802051284,2.0901825200769792,clean,,,2022-12-08 04:45:55,2022-12-08 04:54:36.157810,-521.15781
ingv,EC1,sim3,template1,867601,2022-12-08 04:46:03,0.3195897017726863,2.093321013716834,1.2725242014103926,1.2725242014103926,2.093321013716834,clean,,,2022-12-08 04:46:03,2022-12-08 04:54:36.157810,-513.15781
ingv,ECPN,sim1,template1,866827,2022-12-08 04:46:23,0.3750340339744539,-1.1048601786932235,0.8805560211122581,0.8805560211122581,-1.1048601786932235,clean,,,2022-12-08 04:46:23,2022-12-08 04:54:36.157810,-493.15781
ingv,ECPN,sim1,template2,866832,2022-12-08 04:46:28,0.4541188627561947,-1.115631497917119,0.8794647257087268,0.8794647257087268,-1.115631497917119,clean,,,2022-12-08 04:46:28,2022-12-08 04:54:36.157810,-488.15781
ingv,ECPN,sim3,template1,866854,2022-12-08 04:46:50,0.2276713395386073,-1.19074963394587,0.8718916496076141,0.8718916496076141,-1.19074963394587,clean,,,2022-12-08 04:46:50,2022-12-08 04:54:36.157810,-466.15781
ingv,ECPN,sim2,template3,869407,2022-12-08 07:35:09,0.3094415657043118,-1.847337486119859,0.8084126964980419,0.8084126964980419,-1.847337486119859,clean,,,2022-12-08 07:35:09,2022-12-08 07:28:05.813055,423.186945
ingv,ECPN,sim3,template1,869473,2022-12-08 07:36:15,0.2814514357112226,-2.0083422432884435,0.7935656993336728,0.7935656993336728,-2.0083422432884435,clean,,,2022-12-08 07:36:15,2022-12-08 07:28:05.813055,489.186945
ingv,EC1,sim1,template3,871641,2022-12-08 08:24:20,0.2988843344912653,-2.8469528388458043,0.7205304815293905,0.7205304815293905,-2.8469528388458043,clean,,,2022-12-08 08:24:20,2022-12-08 08:15:48.194177,511.805823
ingv,EC1,sim2,template1,871643,2022-12-08 08:24:22,0.3157684910525578,-2.844063201661084,0.7207702287666896,0.7207702287666896,-2.844063201661084,clean,,,2022-12-08 08:24:22,2022-12-08 08:15:48.194177,513.805823
ingv,EC1,sim1,template2,871694,2022-12-08 08:25:13,0.2357942861560922,-2.827728229605235,0.7221270085605047,0.7221270085605047,-2.827728229605235,clean,,,2022-12-08 08:25:13,2022-12-08 08:33:16.750415,-483.750415
ingv,EC1,sim1,template4,871762,2022-12-08 08:51:42,0.2096062989698613,-1.7317913311287612,0.8192386503870017,0.8192386503870017,-1.7317913311287612,clean,,,2022-12-08 08:51:42,2022-12-08 08:44:37.605031,424.394969
ingv,ECPN,sim1,template3,871021,2022-12-08 08:52:35,0.3781360397232636,-1.328478819837664,0.8581753958264018,0.8581753958264018,-1.328478819837664,clean,,,2022-12-08 08:52:35,2022-12-08 08:44:37.605031,477.394969
ingv,EC1,sim1,template1,871889,2022-12-08 08:53:49,0.3808600163838003,-2.4396066014331748,0.7551264278383191,0.7551264278383191,-2.4396066014331748,clean,,,2022-12-08 08:53:49,2022-12-08 09:02:39.621952,-530.621952
ingv,EC1,sim2,template3,872131,2022-12-08 09:25:35,0.3110105262025822,-2.828783099746821,0.7220393141506676,0.7220393141506676,-2.828783099746821,clean,,,2022-12-08 09:25:35,2022-12-08 09:16:23.916787,551.083213
ingv,ECPN,sim4,template2,871357,2022-12-08 09:25:55,0.2503883788147522,-1.925611996618794,0.8011602624871851,0.8011602624871851,-1.925611996618794,clean,,,2022-12-08 09:25:55,2022-12-08 09:16:23.916787,571.083213
ingv,EC1,sim3,template1,872161,2022-12-08 09:26:05,0.3054249945194953,-2.8392070738378568,0.7211733113669846,0.7211733113669846,-2.8392070738378568,clean,,,2022-12-08 09:26:05,2022-12-08 09:16:23.916787,581.083213
ingv,ECPN,sim3,template1,875622,2022-12-08 11:38:48,0.2463158126566846,-0.8475931753955158,0.907027263321892,0.907027263321892,-0.8475931753955158,clean,,,2022-12-08 11:38:48,2022-12-08 11:47:42.498199,-534.498199
ingv,EC1,sim4,template1,876450,2022-12-08 11:39:22,0.2039293398969797,-0.6668997388087952,0.9260938775275516,0.9260938775275516,-0.6668997388087952,clean,,,2022-12-08 11:39:22,2022-12-08 11:47:42.498199,-500.498199
ingv,EC1,sim2,template3,876469,2022-12-08 11:39:41,0.2580184020870875,-0.67462337988874,0.925270745096282,0.925270745096282,-0.67462337988874,clean,,,2022-12-08 11:39:41,2022-12-08 11:47:42.498199,-481.498199
ingv,EC1,sim3,template1,877933,2022-12-08 12:28:29,0.2790776619014605,-1.257333008745368,0.8652335468422231,0.8652335468422231,-1.257333008745368,clean,,,2022-12-08 12:28:29,2022-12-08 12:37:29.383130,-540.38313
ingv,EC1,sim1,template1,877984,2022-12-08 12:29:20,0.2648151162150619,-1.324104375448793,0.858607704568202,0.858607704568202,-1.324104375448793,clean,,,2022-12-08 12:29:20,2022-12-08 12:37:29.383130,-489.38313
ingv,ECPN,sim4,template3,877198,2022-12-08 12:29:28,0.2885518037304287,-1.329626366710004,0.8580620244296302,0.8580620244296302,-1.329626366710004,clean,,,2022-12-08 12:29:28,2022-12-08 12:37:29.383130,-481.38313
ingv,EC1,sim1,template4,882984,2022-12-08 14:43:49,0.2061857249059226,1.9484214969575384,1.2514718200395742,1.2514718200395742,1.9484214969575384,clean,,,2022-12-08 14:43:49,2022-12-08 14:52:56.208564,-547.208564
ingv,ECPN,sim4,template3,882238,2022-12-08 14:44:37,0.2132100011511629,-0.3811795313771197,0.9570640945359216,0.9570640945359216,-0.3811795313771197,clean,,,2022-12-08 14:44:37,2022-12-08 14:52:56.208564,-499.208564
ingv,EC1,sim2,template3,883037,2022-12-08 14:44:42,0.4070157464364116,5.218904773331702,1.8236657370124685,1.8236657370124685,5.218904773331702,clean,,,2022-12-08 14:44:42,2022-12-08 14:52:56.208564,-494.208564
ingv,EC1,sim4,template2,883079,2022-12-08 14:45:24,0.4378969013535939,5.307358675156374,1.8423321620635984,1.8423321620635984,5.307358675156374,clean,,,2022-12-08 14:45:24,2022-12-08 14:52:56.208564,-452.208564
ingv,ECPN,sim2,template3,882287,2022-12-08 14:45:26,0.2063396989982238,-0.4328057330400876,0.9513924778150664,0.9513924778150664,-0.4328057330400876,clean,,,2022-12-08 14:45:26,2022-12-08 14:52:56.208564,-450.208564
ingv,ECPN,sim2,template2,882314,2022-12-08 14:45:53,0.211314084461397,-0.5048777529184425,0.9435308669100336,0.9435308669100336,-0.5048777529184425,clean,,,2022-12-08 14:45:53,2022-12-08 14:52:56.208564,-423.208564
ingv,EC1,sim3,template2,883139,2022-12-08 15:00:24,0.4152841592410202,5.354568404565868,1.852372906558672,1.852372906558672,5.354568404565868,clean,,,2022-12-08 15:00:24,2022-12-08 14:52:56.208564,447.791436
ingv,EC1,sim1,template1,883221,2022-12-08 15:01:46,0.2443429247645276,5.39986961974178,1.862059185861084,1.862059185861084,5.39986961974178,clean,,,2022-12-08 15:01:46,2022-12-08 14:52:56.208564,529.791436
ingv,EC1,sim4,template3,883289,2022-12-08 15:02:54,0.3584748657937123,5.488638931321307,1.8811869033486643,1.8811869033486643,5.488638931321307,clean,,,2022-12-08 15:02:54,2022-12-08 14:52:56.208564,597.791436
ingv,EC1,sim4,template2,888892,2022-12-08 17:24:59,0.3165684708204527,-3.680737227369316,0.6545806132388734,0.6545806132388734,-3.680737227369316,clean,,,2022-12-08 17:24:59,2022-12-08 17:16:38.961346,500.038654
ingv,ECPN,sim2,template2,888110,2022-12-08 17:25:11,0.4238763549348338,-0.981265494419968,0.893175342688024,0.893175342688024,-0.981265494419968,clean,,,2022-12-08 17:25:11,2022-12-08 17:16:38.961346,512.038654
ingv,EC1,sim4,template2,893440,2022-12-08 18:40:47,0.2182719803097683,-1.0684820626502474,0.8842516866351329,0.8842516866351329,-1.0684820626502474,clean,,,2022-12-08 18:40:47,2022-12-08 18:49:05.871868,-498.871868
ingv,ECPN,sim4,template2,892646,2022-12-08 18:40:47,0.2368847507056667,-1.741781591197332,0.8182969273642903,0.8182969273642903,-1.741781591197332,clean,,,2022-12-08 18:40:47,2022-12-08 18:49:05.871868,-498.871868
ingv,EC1,sim3,template2,893497,2022-12-08 18:41:44,0.2393429133338462,-0.8379592434582817,0.9080338483781176,0.9080338483781176,-0.8379592434582817,clean,,,2022-12-08 18:41:44,2022-12-08 18:49:05.871868,-441.871868
ingv,EC1,sim3,template4,893519,2022-12-08 18:56:06,0.2048148091575243,-0.2243499277235573,0.9745014813142072,0.9745014813142072,-0.2243499277235573,clean,,,2022-12-08 18:56:06,2022-12-08 18:49:05.871868,420.128132
ingv,ECPN,sim2,template2,892852,2022-12-08 18:58:13,0.3161706811326077,-1.7081743959699702,0.8214691914402166,0.8214691914402166,-1.7081743959699702,clean,,,2022-12-08 18:58:13,2022-12-08 18:49:05.871868,547.128132
ingv,EC1,sim1,template1,893669,2022-12-08 18:58:36,0.2918912801589057,-0.5738942517306471,0.9360634489619454,0.9360634489619454,-0.5738942517306471,clean,,,2022-12-08 18:58:36,2022-12-08 18:49:05.871868,570.128132
ingv,ECPN,sim2,template3,905054,2022-12-08 23:22:31,0.23310752781982,-1.089664392928413,0.8820978841456518,0.8820978841456518,-1.089664392928413,clean,,,2022-12-08 23:22:31,2022-12-08 23:30:03.847376,-452.847376
ingv,ECPN,sim3,template4,905122,2022-12-09 00:14:55,0.2350273692020592,-1.5974021340785685,0.8320125808408488,0.8320125808408488,-1.5974021340785685,clean,,,2022-12-09 00:14:55,2022-12-09 00:07:19.037174,455.962826
ingv,ECPN,sim2,template4,905250,2022-12-09 00:17:03,0.2778238204223403,-1.6595768128724069,0.8260781961330957,0.8260781961330957,-1.6595768128724069,clean,,,2022-12-09 00:17:03,2022-12-09 00:07:19.037174,583.962826
ingv,ECPN,sim2,template2,910096,2022-12-09 01:57:49,0.3692688941478842,-1.1294008847674513,0.8780716506059224,0.8780716506059224,-1.1294008847674513,clean,,,2022-12-09 01:57:49,2022-12-09 02:07:11.787870,-562.78787
ingv,ECPN,sim1,template2,910101,2022-12-09 01:57:54,0.4026291689399544,-1.1239280828997518,0.8786250799741648,0.8786250799741648,-1.1239280828997518,clean,,,2022-12-09 01:57:54,2022-12-09 02:07:11.787870,-557.78787
ingv,ECPN,sim3,template4,910113,2022-12-09 01:58:06,0.2481651313687122,-3.36493109894569,0.6788181488110456,0.6788181488110456,-3.36493109894569,clean,,,2022-12-09 01:58:06,2022-12-09 02:07:11.787870,-545.78787
ingv,EC1,sim2,template1,911303,2022-12-09 02:37:03,0.2646919497837835,-0.8808344731856834,0.9035626622309072,0.9035626622309072,-0.8808344731856834,clean,,,2022-12-09 02:37:03,2022-12-09 02:46:40.743353,-577.743353
ingv,EC1,sim3,template3,911395,2022-12-09 02:38:35,0.2830604828013934,-0.865483443066493,0.905160988088306,0.905160988088306,-0.865483443066493,clean,,,2022-12-09 02:38:35,2022-12-09 02:46:40.743353,-485.743353
ingv,ECPN,sim4,template3,910630,2022-12-09 02:54:05,0.3569091550801412,-0.9977348751749704,0.8914833907626757,0.8914833907626757,-0.9977348751749704,clean,,,2022-12-09 02:54:05,2022-12-09 02:46:40.743353,444.256647
ingv,ECPN,sim2,template3,910729,2022-12-09 02:55:44,0.2950412277351164,-1.2046531312135187,0.8704971296753554,0.8704971296753554,-1.2046531312135187,clean,,,2022-12-09 02:55:44,2022-12-09 02:46:40.743353,543.256647
ingv,EC1,sim3,template1,911594,2022-12-09 02:55:54,0.295021780178135,-0.8409982346233491,0.9077162039835456,0.9077162039835456,-0.8409982346233491,clean,,,2022-12-09 02:55:54,2022-12-09 02:46:40.743353,553.256647
ingv,ECPN,sim3,template4,913310,2022-12-09 03:38:45,0.2090443022686659,-3.046929425184036,0.7041311034351668,0.7041311034351668,-3.046929425184036,clean,,,2022-12-09 03:38:45,2022-12-09 03:46:45.420835,-480.420835
ingv,ECPN,sim2,template1,913318,2022-12-09 03:38:53,0.2672203471286332,-1.8529643821667603,0.8078891599009128,0.8078891599009128,-1.8529643821667603,clean,,,2022-12-09 03:38:53,2022-12-09 03:46:45.420835,-472.420835
ingv,EC1,sim4,template3,914184,2022-12-09 03:39:04,0.3101617034742482,-2.864120509744647,0.7191077586705323,0.7191077586705323,-2.864120509744647,clean,,,2022-12-09 03:39:04,2022-12-09 03:46:45.420835,-461.420835
ingv,EC1,sim1,template3,917925,2022-12-09 07:46:11,0.2728819057818039,0.6609096788642533,1.0790597269383695,1.0790597269383695,0.6609096788642533,clean,,,2022-12-09 07:46:11,2022-12-09 07:38:47.595263,443.404737
ingv,ECPN,sim1,template3,917093,2022-12-09 07:46:34,0.2689283386569279,-2.917767134408711,0.7146800239355613,0.7146800239355613,-2.917767134408711,clean,,,2022-12-09 07:46:34,2022-12-09 07:38:47.595263,466.404737
ingv,ECPN,sim4,template2,919764,2022-12-09 09:09:50,0.4438907492545255,-2.676817646258761,0.7347830301326751,0.7347830301326751,-2.676817646258761,clean,,,2022-12-09 09:09:50,2022-12-09 09:19:36.027220,-586.02722
ingv,ECPN,sim3,template2,919820,2022-12-09 09:10:46,0.4157678382900523,-2.5976549333978234,0.7415104115375751,0.7415104115375751,-2.5976549333978234,clean,,,2022-12-09 09:10:46,2022-12-09 09:19:36.027220,-530.02722
ingv,EC1,sim1,template2,920711,2022-12-09 09:11:22,0.2195295816117296,3.535686257450714,1.5023956340674525,1.5023956340674525,3.535686257450714,clean,,,2022-12-09 09:11:22,2022-12-09 09:19:36.027220,-494.02722
ingv,ECPN,sim3,template3,919880,2022-12-09 09:11:46,0.3206929518947309,-2.584740700373716,0.7426137136780373,0.7426137136780373,-2.584740700373716,clean,,,2022-12-09 09:11:46,2022-12-09 09:19:36.027220,-470.02722
ingv,ECPN,sim4,template4,920044,2022-12-09 09:28:30,0.2095046300166689,0.8849400493925387,1.107253348855078,1.107253348855078,0.8849400493925387,clean,,,2022-12-09 09:28:30,2022-12-09 09:19:36.027220,533.97278
ingv,EC1,sim2,template2,920928,2022-12-09 09:28:59,0.2919863719278237,3.889991095815958,1.5649467149469791,1.5649467149469791,3.889991095815958,clean,,,2022-12-09 09:28:59,2022-12-09 09:19:36.027220,562.97278
ingv,ECPN,sim3,template1,924237,2022-12-09 10:38:23,0.2731296479101273,0.498378851290059,1.0590560427704951,1.0590560427704951,0.498378851290059,clean,,,2022-12-09 10:38:23,2022-12-09 10:48:14.916637,-591.916637
ingv,ECPN,sim4,template1,924313,2022-12-09 10:39:39,0.4023706882641614,0.6383638338997664,1.0762624583464802,1.0762624583464802,0.6383638338997664,clean,,,2022-12-09 10:39:39,2022-12-09 10:48:14.916637,-515.916637
ingv,EC1,sim1,template3,925169,2022-12-09 10:39:40,0.2691302358140882,-0.015934829380006,0.9981671167563276,0.9981671167563276,-0.015934829380006,clean,,,2022-12-09 10:39:40,2022-12-09 10:48:14.916637,-514.916637
ingv,ECPN,sim2,template2,924336,2022-12-09 10:40:02,0.2894844824353779,0.670247634583572,1.0802204175108174,1.0802204175108174,0.670247634583572,clean,,,2022-12-09 10:40:02,2022-12-09 10:48:14.916637,-492.916637
ingv,ECPN,sim3,template3,924523,2022-12-09 10:57:09,0.213148551101077,0.8132436301979457,1.0981513037405783,1.0981513037405783,0.8132436301979457,clean,,,2022-12-09 10:57:09,2022-12-09 10:48:14.916637,534.083363
ingv,EC1,sim4,template3,926036,2022-12-09 12:10:56,0.2750519030531549,-0.6862337053087402,0.924034772929754,0.924034772929754,-0.6862337053087402,clean,,,2022-12-09 12:10:56,2022-12-09 12:03:30.941644,445.058356
ingv,ECPN,sim4,template4,925199,2022-12-09 12:11:14,0.2400493142181544,3.3869630384852667,1.476890006880571,1.476890006880571,3.3869630384852667,clean,,,2022-12-09 12:11:14,2022-12-09 12:03:30.941644,463.058356
ingv,EC1,sim2,template3,926060,2022-12-09 12:11:20,0.319134730197783,-0.6342390407350312,0.9295827327055092,0.9295827327055092,-0.6342390407350312,clean,,,2022-12-09 12:11:20,2022-12-09 12:03:30.941644,469.058356
ingv,EC1,sim1,template1,943014,2022-12-09 18:14:22,0.2437004423412194,-0.6971099188343322,0.9228784480875436,0.9228784480875436,-0.6971099188343322,clean,,,2022-12-09 18:14:22,2022-12-09 18:21:38.501493,-436.501493
ingv,EC1,sim3,template4,943062,2022-12-09 20:07:17,0.2195815923074419,-0.2641099404868661,0.970050855417236,0.970050855417236,-0.2641099404868661,clean,,,2022-12-09 20:07:17,2022-12-09 19:59:45.226528,451.773472
ingv,ECPN,sim2,template3,942227,2022-12-09 20:07:37,0.2890174508424901,-2.7969747845180764,0.7246883184021643,0.7246883184021643,-2.7969747845180764,clean,,,2022-12-09 20:07:37,2022-12-09 19:59:45.226528,471.773472
ingv,ECPN,sim1,template1,942240,2022-12-09 20:07:50,0.2413558267500067,-2.794644230707293,0.7248827891811681,0.7248827891811681,-2.794644230707293,clean,,,2022-12-09 20:07:50,2022-12-09 19:59:45.226528,484.773472
ingv,ECPN,sim2,template4,942252,2022-12-09 20:08:02,0.3332849069794947,-2.957549525431724,0.7114141904481749,0.7114141904481749,-2.957549525431724,clean,,,2022-12-09 20:08:02,2022-12-09 19:59:45.226528,496.773472
ingv,ECPN,sim4,template3,942326,2022-12-09 20:09:16,0.3216002433399104,-2.878557429840594,0.7179135139024859,0.7179135139024859,-2.878557429840594,clean,,,2022-12-09 20:09:16,2022-12-09 19:59:45.226528,570.773472
ingv,EC1,sim3,template2,947627,2022-12-09 23:59:39,0.414226207863149,-0.6248631445472076,0.9305867031999588,0.9305867031999588,-0.6248631445472076,clean,,,2022-12-09 23:59:39,2022-12-10 00:09:27.448144,-588.448144
ingv,ECPN,sim1,template1,946780,2022-12-09 23:59:47,0.2118623582212802,-1.8963109950038624,0.8038674621704318,0.8038674621704318,-1.8963109950038624,clean,,,2022-12-09 23:59:47,2022-12-10 00:09:27.448144,-580.448144
ingv,EC1,sim3,template3,947649,2022-12-10 00:00:01,0.4168153569969018,-0.6492359609061548,0.9279791145974507,0.9279791145974507,-0.6492359609061548,clean,,,2022-12-10 00:00:01,2022-12-10 00:09:27.448144,-566.448144
ingv,EC1,sim2,template1,947672,2022-12-10 00:00:24,0.3174695724165802,-0.7413224902907236,0.9181927842662247,0.9181927842662247,-0.7413224902907236,clean,,,2022-12-10 00:00:24,2022-12-10 00:09:27.448144,-543.448144
ingv,ECPN,sim4,template1,948913,2022-12-10 01:07:01,0.3537741221548461,-2.3163584984501253,0.7659176454965079,0.7659176454965079,-2.3163584984501253,clean,,,2022-12-10 01:07:01,2022-12-10 01:15:38.513027,-517.513027
ingv,EC1,sim3,template2,950008,2022-12-10 01:25:01,0.3891291169069114,-1.3398863817994178,0.8570490560261242,0.8570490560261242,-1.3398863817994178,clean,,,2022-12-10 01:25:01,2022-12-10 01:15:38.513027,562.486973
ingv,ECPN,sim2,template3,949209,2022-12-10 01:50:31,0.4915922328108156,-2.2336039462364123,0.7732497756833981,0.7732497756833981,-2.2336039462364123,clean,,,2022-12-10 01:50:31,2022-12-10 01:43:20.180194,430.819806
ingv,ECPN,sim1,template2,949213,2022-12-10 01:50:35,0.3703028297757413,-2.236547652435333,0.7729877605550389,0.7729877605550389,-2.236547652435333,clean,,,2022-12-10 01:50:35,2022-12-10 01:43:20.180194,434.819806
ingv,ECPN,sim1,template3,949279,2022-12-10 01:51:41,0.4349954579501903,-2.2205530989640665,0.7744124832938298,0.7744124832938298,-2.2205530989640665,clean,,,2022-12-10 01:51:41,2022-12-10 01:43:20.180194,500.819806
ingv,EC1,sim3,template3,950141,2022-12-10 01:51:48,0.3265101566441207,-0.9174267543064164,0.89976410243572,0.89976410243572,-0.9174267543064164,clean,,,2022-12-10 01:51:48,2022-12-10 01:43:20.180194,507.819806
ingv,EC1,sim2,template3,950168,2022-12-10 01:52:15,0.2053413389801101,-0.7818944751032019,0.9139138864235968,0.9139138864235968,-0.7818944751032019,clean,,,2022-12-10 01:52:15,2022-12-10 01:43:20.180194,534.819806
ingv,ECPN,sim4,template3,951412,2022-12-10 02:27:14,0.4627872952124426,-1.9945806768246903,0.7948239887318245,0.7948239887318245,-1.9945806768246903,clean,,,2022-12-10 02:27:14,2022-12-10 02:36:10.220155,-536.220155
ingv,EC1,sim3,template3,952303,2022-12-10 02:27:50,0.2382652920344957,0.9503408458974107,1.1156219289847664,1.1156219289847664,0.9503408458974107,clean,,,2022-12-10 02:27:50,2022-12-10 02:36:10.220155,-500.220155
ingv,EC1,sim1,template2,952445,2022-12-10 02:44:12,0.2623275854399646,1.2290098561837373,1.151994731254653,1.151994731254653,1.2290098561837373,clean,,,2022-12-10 02:44:12,2022-12-10 02:36:10.220155,481.779845
ingv,ECPN,sim3,template3,955070,2022-12-10 04:41:35,0.2473018430231477,-1.0882700016480682,0.8822395032984311,0.8822395032984311,-1.0882700016480682,clean,,,2022-12-10 04:41:35,2022-12-10 04:49:13.485613,-458.485613
ingv,EC1,sim3,template2,956057,2022-12-10 05:00:35,0.4960791407279294,2.298125910382054,1.302885634208304,1.302885634208304,2.298125910382054,clean,,,2022-12-10 05:00:35,2022-12-10 04:52:01.881199,513.118801
ingv,ECPN,sim4,template2,955253,2022-12-10 05:01:26,0.4441942842550707,-1.122902155782558,0.878728864223038,0.878728864223038,-1.122902155782558,clean,,,2022-12-10 05:01:26,2022-12-10 04:52:01.881199,564.118801
ingv,EC1,sim2,template4,956814,2022-12-10 05:13:12,0.2571505304231885,-0.5660828550841756,0.9369056484458216,0.9369056484458216,-0.5660828550841756,clean,,,2022-12-10 05:13:12,2022-12-10 05:21:01.270396,-469.270396
ingv,ECPN,sim1,template2,955993,2022-12-10 05:13:46,0.4819896471064205,-0.7282610229144283,0.9195745617646918,0.9195745617646918,-0.7282610229144283,clean,,,2022-12-10 05:13:46,2022-12-10 05:21:01.270396,-435.270396
ingv,EC1,sim4,template2,956861,2022-12-10 05:13:59,0.4206416889626202,-0.056969365177373,0.9934626216958278,0.9934626216958278,-0.056969365177373,clean,,,2022-12-10 05:13:59,2022-12-10 05:21:01.270396,-422.270396
ingv,EC1,sim3,template1,956865,2022-12-10 05:28:03,0.2041205543665207,-0.0565849138645756,0.993506594907296,0.993506594907296,-0.0565849138645756,clean,,,2022-12-10 05:28:03,2022-12-10 05:21:01.270396,421.729604
ingv,ECPN,sim2,template1,956085,2022-12-10 05:29:18,0.3952377843662007,-0.8401174092716142,0.9078082590313866,0.9078082590313866,-0.8401174092716142,clean,,,2022-12-10 05:29:18,2022-12-10 05:21:01.270396,496.729604
ingv,ECPN,sim2,template4,956086,2022-12-10 05:29:19,0.2240031876821045,-1.4464575905532675,0.846597770577088,0.846597770577088,-1.4464575905532675,clean,,,2022-12-10 05:29:19,2022-12-10 05:21:01.270396,497.729604
ingv,ECPN,sim1,template1,956116,2022-12-10 05:29:49,0.3776033693183081,-0.8668571164933394,0.9050178481991478,0.9050178481991478,-0.8668571164933394,clean,,,2022-12-10 05:29:49,2022-12-10 05:21:01.270396,527.729604
ingv,ECPN,sim2,template3,956134,2022-12-10 05:30:07,0.3133952785086178,-0.8650000093332364,0.9052113683661536,0.9052113683661536,-0.8650000093332364,clean,,,2022-12-10 05:30:07,2022-12-10 05:21:01.270396,545.729604
ingv,EC1,sim3,template3,960114,2022-12-10 06:42:42,0.2546323666390627,-1.035962464144467,0.8875684921631388,0.8875684921631388,-1.035962464144467,clean,,,2022-12-10 06:42:42,2022-12-10 06:50:57.220324,-495.220324
ingv,EC1,sim4,template3,960187,2022-12-10 06:43:55,0.2968147116875543,-0.7881561020210338,0.9132552865761234,0.9132552865761234,-0.7881561020210338,clean,,,2022-12-10 06:43:55,2022-12-10 06:50:57.220324,-422.220324
ingv,EC1,sim4,template1,960195,2022-12-10 07:31:05,0.2224796680383167,-0.7213525725896976,0.9203062498847508,0.9203062498847508,-0.7213525725896976,clean,,,2022-12-10 07:31:05,2022-12-10 07:23:59.845282,425.154718
ingv,ECPN,sim4,template1,959340,2022-12-10 07:31:05,0.3578991699992055,-1.7155989666720195,0.8207673116793306,0.8207673116793306,-1.7155989666720195,clean,,,2022-12-10 07:31:05,2022-12-10 07:23:59.845282,425.154718
ingv,ECPN,sim4,template2,959411,2022-12-10 07:32:16,0.2277605077897218,-1.6789893349399965,0.8242340149256855,0.8242340149256855,-1.6789893349399965,clean,,,2022-12-10 07:32:16,2022-12-10 07:23:59.845282,496.154718
ingv,ECPN,sim3,template2,959455,2022-12-10 07:33:00,0.2300964667419765,-1.6856220838484537,0.8236048507662238,0.8236048507662238,-1.6856220838484537,clean,,,2022-12-10 07:33:00,2022-12-10 07:23:59.845282,540.154718
ingv,EC1,sim2,template2,961594,2022-12-10 08:24:24,0.3522995447856446,-1.0028480564051825,0.8909587496600987,0.8909587496600987,-1.0028480564051825,clean,,,2022-12-10 08:24:24,2022-12-10 08:33:00.235736,-516.235736
ingv,ECPN,sim2,template3,966551,2022-12-10 12:06:12,0.2025901808333334,1.9161161533386424,1.2468258784068558,1.2468258784068558,1.9161161533386424,clean,,,2022-12-10 12:06:12,2022-12-10 11:58:52.302269,439.697731
ingv,EC1,sim1,template2,967457,2022-12-10 12:07:03,0.3005606593425855,-1.5237486404770886,0.8390977720703594,0.8390977720703594,-1.5237486404770886,clean,,,2022-12-10 12:07:03,2022-12-10 11:58:52.302269,490.697731
ingv,ECPN,sim3,template3,966655,2022-12-10 12:07:56,0.4916169696166235,1.9704687548013136,1.254652446349957,1.254652446349957,1.9704687548013136,clean,,,2022-12-10 12:07:56,2022-12-10 11:58:52.302269,543.697731
ingv,EC1,sim2,template3,967534,2022-12-10 12:08:20,0.2134782121776102,-1.0843489081845037,0.8826378648528078,0.8826378648528078,-1.0843489081845037,clean,,,2022-12-10 12:08:20,2022-12-10 11:58:52.302269,567.697731
ingv,EC1,sim3,template3,967555,2022-12-10 12:08:41,0.2218605083130032,-0.9820406811882376,0.8930956333155865,0.8930956333155865,-0.9820406811882376,clean,,,2022-12-10 12:08:41,2022-12-10 11:58:52.302269,588.697731
ingv,ECPN,sim4,template2,969242,2022-12-10 14:24:59,0.3751784045732536,1.3881662867580535,1.1732979566726771,1.1732979566726771,1.3881662867580535,clean,,,2022-12-10 14:24:59,2022-12-10 14:32:48.467608,-469.467608
ingv,ECPN,sim1,template3,969252,2022-12-10 14:25:09,0.2424035055757172,1.3794056057317636,1.1721151524213025,1.1721151524213025,1.3794056057317636,clean,,,2022-12-10 14:25:09,2022-12-10 14:32:48.467608,-459.467608
ingv,ECPN,sim3,template2,969312,2022-12-10 14:40:09,0.2582367245364782,1.3516340572356225,1.1683735127157469,1.1683735127157469,1.3516340572356225,clean,,,2022-12-10 14:40:09,2022-12-10 14:32:48.467608,440.532392
ingv,ECPN,sim3,template4,972878,2022-12-10 16:42:16,0.2639289567236695,0.1787832825803827,1.02079648075613,1.02079648075613,0.1787832825803827,clean,,,2022-12-10 16:42:16,2022-12-10 16:34:10.961286,485.038714
ingv,ECPN,sim3,template1,972881,2022-12-10 16:42:19,0.2058419972795151,-0.4801854286929303,0.946216961057652,0.946216961057652,-0.4801854286929303,clean,,,2022-12-10 16:42:19,2022-12-10 16:34:10.961286,488.038714
ingv,EC1,sim4,template3,980733,2022-12-10 19:18:56,0.2749327141333125,-0.045621962324795,0.9947613473341348,0.9947613473341348,-0.045621962324795,clean,,,2022-12-10 19:18:56,2022-12-10 19:28:41.254882,-585.254882
ingv,ECPN,sim3,template1,980062,2022-12-10 19:36:00,0.288719942956456,-0.7465527268487822,0.9176400579390572,0.9176400579390572,-0.7465527268487822,clean,,,2022-12-10 19:36:00,2022-12-10 19:28:41.254882,438.745118
ingv,EC1,sim2,template1,980921,2022-12-10 19:36:04,0.4152653026483258,-0.1912547947227849,0.9782216271770526,0.9782216271770526,-0.1912547947227849,clean,,,2022-12-10 19:36:04,2022-12-10 19:28:41.254882,442.745118
ingv,EC1,sim4,template1,980960,2022-12-10 19:36:43,0.3025433017759757,-0.4563082881719222,0.9488216496152514,0.9488216496152514,-0.4563082881719222,clean,,,2022-12-10 19:36:43,2022-12-10 19:28:41.254882,481.745118
ingv,EC1,sim4,template3,988500,2022-12-10 23:48:18,0.2647071271722002,0.8508822665103799,1.102920256938598,1.102920256938598,0.8508822665103799,clean,,,2022-12-10 23:48:18,2022-12-10 23:57:17.648667,-539.648667
ingv,ECPN,sim1,template1,987658,2022-12-10 23:48:31,0.3084089601292418,-2.204473092336258,0.7758474648651139,0.7758474648651139,-2.204473092336258,clean,,,2022-12-10 23:48:31,2022-12-10 23:57:17.648667,-526.648667
ingv,EC1,sim3,template2,988549,2022-12-10 23:49:07,0.2563375990828334,0.8682796101498773,1.1051315573894396,1.1051315573894396,0.8682796101498773,clean,,,2022-12-10 23:49:07,2022-12-10 23:57:17.648667,-490.648667
ingv,ECPN,sim3,template4,987702,2022-12-10 23:49:15,0.2072305010317514,3.221924951757442,1.4490929634242251,1.4490929634242251,3.221924951757442,clean,,,2022-12-10 23:49:15,2022-12-10 23:57:17.648667,-482.648667
ingv,ECPN,sim4,template2,987810,2022-12-11 00:05:03,0.2850976215147464,-2.9046547931596867,0.7157597297230889,0.7157597297230889,-2.9046547931596867,clean,,,2022-12-11 00:05:03,2022-12-10 23:57:17.648667,465.351333
ingv,ECPN,sim3,template1,987833,2022-12-11 00:05:26,0.4654306592528647,-2.895280757325035,0.7165326130432256,0.7165326130432256,-2.895280757325035,clean,,,2022-12-11 00:05:26,2022-12-10 23:57:17.648667,488.351333
ingv,ECPN,sim1,template2,995262,2022-12-11 04:27:03,0.3662594878793706,6.709755510405597,2.165148934044176,2.165148934044176,6.709755510405597,clean,,,2022-12-11 04:27:03,2022-12-11 04:35:41.164460,-518.16446
ingv,EC1,sim4,template2,996189,2022-12-11 04:28:15,0.3229903395473944,-1.0861247588369614,0.8824574259027731,0.8824574259027731,-1.0861247588369614,clean,,,2022-12-11 04:28:15,2022-12-11 04:35:41.164460,-446.16446
ingv,ECPN,sim1,template1,995343,2022-12-11 04:28:24,0.2328918078566722,6.758896237426425,2.177433056676867,2.177433056676867,6.758896237426425,clean,,,2022-12-11 04:28:24,2022-12-11 04:35:41.164460,-437.16446
ingv,EC1,sim3,template2,996272,2022-12-11 04:43:38,0.31581473931,-0.991157398797061,0.8921587311049698,0.8921587311049698,-0.991157398797061,clean,,,2022-12-11 04:43:38,2022-12-11 04:35:41.164460,476.83554
ingv,ECPN,sim3,template1,995486,2022-12-11 04:44:47,0.3798473613945767,6.802674425419713,2.188435349544904,2.188435349544904,6.802674425419713,clean,,,2022-12-11 04:44:47,2022-12-11 04:35:41.164460,545.83554
ingv,ECPN,sim2,template1,995510,2022-12-11 04:45:11,0.2702241739486127,6.799450810763625,2.1876233010830903,2.1876233010830903,6.799450810763625,clean,,,2022-12-11 04:45:11,2022-12-11 04:35:41.164460,569.83554
ingv,ECPN,sim2,template2,995539,2022-12-11 04:45:40,0.3882206611087262,6.807645494024425,2.189688183322134,2.189688183322134,6.807645494024425,clean,,,2022-12-11 04:45:40,2022-12-11 04:35:41.164460,598.83554
ingv,ECPN,sim3,template1,998548,2022-12-11 05:35:49,0.3851715255547158,-2.40698849926205,0.7579674836112023,0.7579674836112023,-2.40698849926205,clean,,,2022-12-11 05:35:49,2022-12-11 05:45:01.716984,-552.716984
ingv,EC1,sim1,template3,999568,2022-12-11 05:52:34,0.4392470242237756,-1.330847413141275,0.8579414081225375,0.8579414081225375,-1.330847413141275,clean,,,2022-12-11 05:52:34,2022-12-11 05:59:43.832175,-429.832175
ingv,ECPN,sim3,template4,998737,2022-12-11 06:06:58,0.3848372575966827,-0.0886024011040618,0.9898511225749828,0.9898511225749828,-0.0886024011040618,clean,,,2022-12-11 06:06:58,2022-12-11 05:59:43.832175,434.167825
ingv,EC1,sim4,template2,1000884,2022-12-11 06:28:30,0.221770841774164,-1.132786371900494,0.8777294725284317,0.8777294725284317,-1.132786371900494,clean,,,2022-12-11 06:28:30,2022-12-11 06:37:48.926722,-558.926722
ingv,ECPN,sim4,template2,1000157,2022-12-11 06:30:38,0.2780594836998175,-2.406161914501662,0.7580396183272977,0.7580396183272977,-2.406161914501662,clean,,,2022-12-11 06:30:38,2022-12-11 06:37:48.926722,-430.926722
ingv,ECPN,sim3,template2,1000216,2022-12-11 07:41:41,0.296025410178068,-2.3424594388047657,0.7636195315294861,0.7636195315294861,-2.3424594388047657,clean,,,2022-12-11 07:41:41,2022-12-11 07:34:04.958639,456.041361
ingv,EC1,sim2,template1,1001071,2022-12-11 07:41:41,0.2490361795803745,-1.2745711339615584,0.8635180963383948,0.8635180963383948,-1.2745711339615584,clean,,,2022-12-11 07:41:41,2022-12-11 07:34:04.958639,456.041361
ingv,ECPN,sim3,template4,1000227,2022-12-11 07:41:52,0.3227009726535434,-1.7462675388355988,0.8178744157324909,0.8178744157324909,-1.7462675388355988,clean,,,2022-12-11 07:41:52,2022-12-11 07:34:04.958639,467.041361
ingv,EC1,sim1,template3,1001093,2022-12-11 07:42:03,0.2159208479265726,-1.248827475933121,0.8660812293522565,0.8660812293522565,-1.248827475933121,clean,,,2022-12-11 07:42:03,2022-12-11 07:34:04.958639,478.041361
ingv,EC1,sim3,template2,1002506,2022-12-11 08:25:36,0.2050716847968882,-0.9063902425530056,0.9009080921704602,0.9009080921704602,-0.9063902425530056,clean,,,2022-12-11 08:25:36,2022-12-11 08:33:55.655047,-499.655047
ingv,ECPN,sim4,template2,1001714,2022-12-11 08:26:39,0.3586800230033581,-1.3834349023745518,0.8527628156638444,0.8527628156638444,-1.3834349023745518,clean,,,2022-12-11 08:26:39,2022-12-11 08:33:55.655047,-436.655047
ingv,EC1,sim4,template1,1002591,2022-12-11 08:46:49,0.401093273704104,-0.5734050636906252,0.9361161694037192,0.9361161694037192,-0.5734050636906252,clean,,,2022-12-11 08:46:49,2022-12-11 08:39:43.559636,425.440364
ingv,ECPN,sim3,template2,1001750,2022-12-11 08:47:03,0.4302727886326331,-1.3922680175200297,0.8518960393588301,0.8518960393588301,-1.3922680175200297,clean,,,2022-12-11 08:47:03,2022-12-11 08:39:43.559636,439.440364
ingv,ECPN,sim2,template2,1001824,2022-12-11 08:48:17,0.2780972552632182,-1.434935618097988,0.8477215413359359,0.8477215413359359,-1.434935618097988,clean,,,2022-12-11 08:48:17,2022-12-11 08:39:43.559636,513.440364
ingv,EC1,sim1,template1,1002685,2022-12-11 08:48:23,0.3186944455839934,-0.466317979090752,0.9477288495108122,0.9477288495108122,-0.466317979090752,clean,,,2022-12-11 08:48:23,2022-12-11 08:39:43.559636,519.440364
ingv,ECPN,sim1,template1,1001832,2022-12-11 08:48:25,0.3901376784864979,-1.4091740804517248,0.8502395364974034,0.8502395364974034,-1.4091740804517248,clean,,,2022-12-11 08:48:25,2022-12-11 08:39:43.559636,521.440364
ingv,ECPN,sim3,template1,1002408,2022-12-11 08:58:01,0.3516442443574916,-1.0679373039322502,0.8843071465754794,0.8843071465754794,-1.0679373039322502,clean,,,2022-12-11 08:58:01,2022-12-11 09:07:34.498138,-573.498138
ingv,EC1,sim4,template1,1009899,2022-12-11 13:51:02,0.2809887244331606,-0.0441734604804939,0.9949272524814388,0.9949272524814388,-0.0441734604804939,clean,,,2022-12-11 13:51:02,2022-12-11 13:43:55.115216,426.884784
ingv,ECPN,sim1,template3,1009122,2022-12-11 13:52:20,0.2894246754038108,-1.9610619473154476,0.7978971294414898,0.7978971294414898,-1.9610619473154476,clean,,,2022-12-11 13:52:20,2022-12-11 13:43:55.115216,504.884784
ingv,ECPN,sim4,template2,1009167,2022-12-11 13:53:05,0.3442896753690559,-1.976584197248388,0.7964725086799254,0.7964725086799254,-1.976584197248388,clean,,,2022-12-11 13:53:05,2022-12-11 13:43:55.115216,549.884784
ingv,ECPN,sim2,template2,1010610,2022-12-11 15:52:20,0.2017109293150755,-0.6736421607120925,0.9253752760907402,0.9253752760907402,-0.6736421607120925,clean,,,2022-12-11 15:52:20,2022-12-11 16:00:43.620668,-503.620668
ingv,EC1,sim1,template4,1011474,2022-12-11 15:52:29,0.216060465753688,1.8355743245476777,1.2353178480875826,1.2353178480875826,1.8355743245476777,clean,,,2022-12-11 15:52:29,2022-12-11 16:00:43.620668,-494.620668
ingv,ECPN,sim1,template1,1010676,2022-12-11 15:53:26,0.3625989014030301,-1.1288163963320956,0.8781307395438189,0.8781307395438189,-1.1288163963320956,clean,,,2022-12-11 15:53:26,2022-12-11 16:00:43.620668,-437.620668
ingv,EC1,sim1,template2,1011817,2022-12-11 17:05:43,0.3316824873695214,-0.0809932440688736,0.9907186483017602,0.9907186483017602,-0.0809932440688736,clean,,,2022-12-11 17:05:43,2022-12-11 16:58:30.769981,432.230019
ingv,ECPN,sim2,template1,1011115,2022-12-11 17:08:16,0.2709379111103322,-2.3664888811378098,0.7615099038476244,0.7615099038476244,-2.3664888811378098,clean,,,2022-12-11 17:08:16,2022-12-11 16:58:30.769981,585.230019
ingv,EC1,sim1,template3,1013747,2022-12-11 17:58:14,0.263327577627426,1.3011432028188852,1.1616014892240434,1.1616014892240434,1.3011432028188852,clean,,,2022-12-11 17:58:14,2022-12-11 17:49:36.131218,517.868782
ingv,ECPN,sim1,template3,1013365,2022-12-11 18:58:35,0.410672037564095,-2.2861288766288075,0.7685879232767342,0.7685879232767342,-2.2861288766288075,clean,,,2022-12-11 18:58:35,2022-12-11 18:50:12.527558,502.472442
ingv,ECPN,sim2,template1,1013428,2022-12-11 18:59:38,0.341580791902203,-2.7446156294798763,0.7290699838973779,0.7290699838973779,-2.7446156294798763,clean,,,2022-12-11 18:59:38,2022-12-11 18:50:12.527558,565.472442
ingv,EC1,sim4,template2,1014291,2022-12-11 18:59:46,0.2793710367039267,1.725585814082902,1.219773771812117,1.219773771812117,1.725585814082902,clean,,,2022-12-11 18:59:46,2022-12-11 18:50:12.527558,573.472442
ingv,ECPN,sim4,template2,1013452,2022-12-11 19:00:02,0.3697731979585223,-2.7976694366923214,0.7246303639256934,0.7246303639256934,-2.7976694366923214,clean,,,2022-12-11 19:00:02,2022-12-11 18:50:12.527558,589.472442
ingv,EC1,sim3,template1,1014310,2022-12-11 19:00:05,0.3164583715317867,1.7284608792376923,1.220177588770682,1.220177588770682,1.7284608792376923,clean,,,2022-12-11 19:00:05,2022-12-11 18:50:12.527558,592.472442
ingv,ECPN,sim1,template3,1019777,2022-12-11 22:52:12,0.2391748491566851,0.2675289811279278,1.0312796525017445,1.0312796525017445,0.2675289811279278,clean,,,2022-12-11 22:52:12,2022-12-11 23:01:58.990982,-586.990982
ingv,EC1,sim1,template1,1020808,2022-12-11 23:09:08,0.2246991249768826,1.577778439933126,1.1991925505754937,1.1991925505754937,1.577778439933126,clean,,,2022-12-11 23:09:08,2022-12-11 23:01:58.990982,429.009018
ingv,ECPN,sim2,template1,1019983,2022-12-11 23:09:38,0.3471984554119069,0.2902956911980316,1.0339863000761311,1.0339863000761311,0.2902956911980316,clean,,,2022-12-11 23:09:38,2022-12-11 23:01:58.990982,459.009018
ingv,ECPN,sim4,template1,1019990,2022-12-11 23:09:45,0.4385315680640571,0.2840302430136505,1.0332407170823643,1.0332407170823643,0.2840302430136505,clean,,,2022-12-11 23:09:45,2022-12-11 23:01:58.990982,466.009018
ingv,ECPN,sim1,template1,1020019,2022-12-11 23:10:14,0.2307963777477887,0.2702732738322047,1.0316055351089917,1.0316055351089917,0.2702732738322047,clean,,,2022-12-11 23:10:14,2022-12-11 23:01:58.990982,495.009018
ingv,EC1,sim2,template3,1020939,2022-12-11 23:11:19,0.255212305162923,1.573173903267453,1.19855700683998,1.19855700683998,1.573173903267453,clean,,,2022-12-11 23:11:19,2022-12-11 23:01:58.990982,560.009018
ingv,ECPN,sim1,template4,1020120,2022-12-11 23:11:55,0.3310022018517066,-2.6349039365214844,0.7383372899878958,0.7383372899878958,-2.6349039365214844,clean,,,2022-12-11 23:11:55,2022-12-11 23:01:58.990982,596.009018
ingv,EC1,sim4,template2,1022104,2022-12-11 23:57:08,0.2845756191922824,0.5803504937214576,1.06909801868202,1.06909801868202,0.5803504937214576,clean,,,2022-12-11 23:57:08,2022-12-11 23:48:12.392110,535.60789
ingv,EC1,sim4,template3,1022290,2022-12-12 00:00:14,0.316879348245455,0.1745642023046557,1.0203007599204703,1.0203007599204703,0.1745642023046557,clean,,,2022-12-12 00:00:14,2022-12-12 00:09:54.010944,-580.010944
ingv,EC1,sim1,template1,1022390,2022-12-12 00:01:54,0.254592288164969,0.2327163746073522,1.0271546078020946,1.0271546078020946,0.2327163746073522,clean,,,2022-12-12 00:01:54,2022-12-12 00:09:54.010944,-480.010944
ingv,ECPN,sim2,template1,1021631,2022-12-12 00:28:43,0.212943848118709,1.0161317425855427,1.124104243107993,1.124104243107993,1.0161317425855427,clean,,,2022-12-12 00:28:43,2022-12-12 00:21:07.468885,455.531115
ingv,EC1,sim1,template2,1022508,2022-12-12 00:29:05,0.2092645431270071,0.322545160928783,1.0378324795147802,1.0378324795147802,0.322545160928783,clean,,,2022-12-12 00:29:05,2022-12-12 00:21:07.468885,477.531115
ingv,ECPN,sim4,template2,1024760,2022-12-12 01:40:52,0.2344506737565257,-2.06473691332823,0.7884300242820161,0.7884300242820161,-2.06473691332823,clean,,,2022-12-12 01:40:52,2022-12-12 01:49:40.753397,-528.753397
ingv,ECPN,sim2,template2,1024765,2022-12-12 01:40:57,0.2285508083846116,-2.0975330106044168,0.7854586909911897,0.7854586909911897,-2.0975330106044168,clean,,,2022-12-12 01:40:57,2022-12-12 01:49:40.753397,-523.753397
ingv,EC1,sim3,template2,1025877,2022-12-12 01:59:14,0.2019646191845191,-1.546637946034631,0.8368894685195056,0.8368894685195056,-1.546637946034631,clean,,,2022-12-12 01:59:14,2022-12-12 01:49:40.753397,573.246603
ingv,ECPN,sim1,template3,1028148,2022-12-12 03:21:20,0.3463776972764193,-4.557370772561238,0.5917407275754452,0.5917407275754452,-4.557370772561238,clean,,,2022-12-12 03:21:20,2022-12-12 03:28:53.834147,-453.834147
ingv,ECPN,sim1,template1,1028171,2022-12-12 03:21:43,0.2085915702368692,-4.521717106018883,0.594174685124139,0.594174685124139,-4.521717106018883,clean,,,2022-12-12 03:21:43,2022-12-12 03:28:53.834147,-430.834147
ingv,ECPN,sim2,template4,1028317,2022-12-12 03:38:09,0.247459774046811,-3.0256836397994977,0.705855524283244,0.705855524283244,-3.0256836397994977,clean,,,2022-12-12 03:38:09,2022-12-12 03:28:53.834147,555.165853
ingv,EC1,sim1,template2,1029220,2022-12-12 03:38:57,0.224652951630412,-3.0769344851320586,0.7017029070401299,0.7017029070401299,-3.0769344851320586,clean,,,2022-12-12 03:38:57,2022-12-12 03:47:32.140710,-515.14071
ingv,EC1,sim1,template3,1029251,2022-12-12 03:39:28,0.235995411435749,-3.033274634491592,0.7052389144620784,0.7052389144620784,-3.033274634491592,clean,,,2022-12-12 03:39:28,2022-12-12 03:47:32.140710,-484.14071
ingv,ECPN,sim2,template1,1028462,2022-12-12 03:54:34,0.2119894003074621,-4.308704280972819,0.6089263756795159,0.6089263756795159,-4.308704280972819,clean,,,2022-12-12 03:54:34,2022-12-12 03:47:32.140710,421.85929
ingv,ECPN,sim1,template1,1034560,2022-12-12 06:51:01,0.3989887680316303,-2.377379991866132,0.7605556560349479,0.7605556560349479,-2.377379991866132,clean,,,2022-12-12 06:51:01,2022-12-12 06:42:37.286948,503.713052
ingv,ECPN,sim3,template2,1036587,2022-12-12 08:47:48,0.2678425363372665,0.8879534622185304,1.1076375570867796,1.1076375570867796,0.8879534622185304,clean,,,2022-12-12 08:47:48,2022-12-12 08:57:32.525067,-584.525067
ingv,EC1,sim2,template3,1037480,2022-12-12 08:48:26,0.2527672376524429,0.0952583469371172,1.011027380721346,1.011027380721346,0.0952583469371172,clean,,,2022-12-12 08:48:26,2022-12-12 08:57:32.525067,-546.525067
ingv,EC1,sim3,template3,1037554,2022-12-12 08:49:40,0.26192052244065,0.1070289250721644,1.0123983909744043,1.0123983909744043,0.1070289250721644,clean,,,2022-12-12 08:49:40,2022-12-12 08:57:32.525067,-472.525067
ingv,EC1,sim4,template3,1037625,2022-12-12 09:27:04,0.2435803268264511,0.0607232508122118,1.0070155168511263,1.0070155168511263,0.0607232508122118,clean,,,2022-12-12 09:27:04,2022-12-12 09:19:45.525206,438.474794
ingv,ECPN,sim4,template3,1036796,2022-12-12 09:27:30,0.4053326697619761,1.161017565234916,1.1430122325749403,1.1430122325749403,1.161017565234916,clean,,,2022-12-12 09:27:30,2022-12-12 09:19:45.525206,464.474794
ingv,ECPN,sim1,template3,1036884,2022-12-12 09:28:58,0.3084153029743021,1.2624352084129873,1.1564364195737111,1.1564364195737111,1.2624352084129873,clean,,,2022-12-12 09:28:58,2022-12-12 09:19:45.525206,552.474794
ingv,ECPN,sim3,template3,1036922,2022-12-12 09:29:36,0.3388492663921805,1.4041498045587693,1.1754590126957296,1.1754590126957296,1.4041498045587693,clean,,,2022-12-12 09:29:36,2022-12-12 09:19:45.525206,590.474794
ingv,EC1,sim2,template2,1043891,2022-12-12 11:54:52,0.2633292828092958,0.9380392249703606,1.11404301827247,1.11404301827247,0.9380392249703606,clean,,,2022-12-12 11:54:52,2022-12-12 12:04:21.654742,-569.654742
ingv,EC1,sim1,template3,1052642,2022-12-12 16:29:04,0.3599455878419924,0.4590680492698551,1.0542737722364657,1.0542737722364657,0.4590680492698551,clean,,,2022-12-12 16:29:04,2022-12-12 16:37:53.777287,-529.777287
ingv,EC1,sim3,template1,1052953,2022-12-12 16:48:15,0.2533492097095828,0.5847672362205851,1.069641789279764,1.069641789279764,0.5847672362205851,clean,,,2022-12-12 16:48:15,2022-12-12 16:55:40.266147,-445.266147
ingv,ECPN,sim2,template2,1052102,2022-12-12 16:48:19,0.300644993950459,-4.291911413743405,0.6101047824324941,0.6101047824324941,-4.291911413743405,clean,,,2022-12-12 16:48:19,2022-12-12 16:55:40.266147,-441.266147
ingv,EC1,sim1,template2,1053942,2022-12-12 17:51:53,0.2664127361181619,0.4484864779977226,1.0529901869076017,1.0529901869076017,0.4484864779977226,clean,,,2022-12-12 17:51:53,2022-12-12 18:01:52.313847,-599.313847
ingv,EC1,sim1,template1,1054031,2022-12-12 17:53:22,0.3466437064884232,0.3886015517024214,1.0457553078881017,1.0457553078881017,0.3886015517024214,clean,,,2022-12-12 17:53:22,2022-12-12 18:01:52.313847,-510.313847
ingv,EC1,sim3,template3,1054038,2022-12-12 17:53:29,0.2187399331944166,0.3905550177581252,1.0459905258471367,1.0459905258471367,0.3905550177581252,clean,,,2022-12-12 17:53:29,2022-12-12 18:01:52.313847,-503.313847
ingv,ECPN,sim4,template3,1053347,2022-12-12 18:10:13,0.2905935143257975,-5.287998638453932,0.5440014635210085,0.5440014635210085,-5.287998638453932,clean,,,2022-12-12 18:10:13,2022-12-12 18:01:52.313847,500.686153
ingv,ECPN,sim1,template1,1053389,2022-12-12 18:10:55,0.4481525664929698,-5.396981802512592,0.5372184381226278,0.5372184381226278,-5.396981802512592,clean,,,2022-12-12 18:10:55,2022-12-12 18:01:52.313847,542.686153
ingv,EC1,sim1,template2,1055201,2022-12-12 18:26:52,0.2143255695796925,0.2031743498140258,1.0236670338226466,1.0236670338226466,0.2031743498140258,clean,,,2022-12-12 18:26:52,2022-12-12 18:36:39.827927,-587.827927
ingv,EC1,sim3,template3,1055271,2022-12-12 18:28:02,0.2456467916830772,0.0394634121831775,1.0045537300904843,1.0045537300904843,0.0394634121831775,clean,,,2022-12-12 18:28:02,2022-12-12 18:36:39.827927,-517.827927
ingv,EC1,sim2,template3,1056322,2022-12-12 20:54:26,0.212606084239479,0.1288576407916677,1.0149458731644712,1.0149458731644712,0.1288576407916677,clean,,,2022-12-12 20:54:26,2022-12-12 20:47:21.184560,424.81544
ingv,EC1,sim1,template2,1056325,2022-12-12 20:54:29,0.3604154954939445,0.1317166438246176,1.01528000254705,1.01528000254705,0.1317166438246176,clean,,,2022-12-12 20:54:29,2022-12-12 20:47:21.184560,427.81544
ingv,ECPN,sim1,template3,1055504,2022-12-12 20:55:03,0.2906301215673341,-4.203180958324083,0.6163692329439853,0.6163692329439853,-4.203180958324083,clean,,,2022-12-12 20:55:03,2022-12-12 20:47:21.184560,461.81544
ingv,EC1,sim1,template1,1056361,2022-12-12 20:55:05,0.2780357587928524,0.1902511741182909,1.0221451180429408,1.0221451180429408,0.1902511741182909,clean,,,2022-12-12 20:55:05,2022-12-12 20:47:21.184560,463.81544
ingv,ECPN,sim3,template3,1057266,2022-12-12 21:38:25,0.319875774603935,1.2048126357244655,1.1487899611765746,1.1487899611765746,1.2048126357244655,clean,,,2022-12-12 21:38:25,2022-12-12 21:30:44.384735,460.615265
ingv,EC1,sim3,template3,1058137,2022-12-12 21:38:41,0.2633527345014184,0.834548189977346,1.100848131203366,1.100848131203366,0.834548189977346,clean,,,2022-12-12 21:38:41,2022-12-12 21:30:44.384735,476.615265
ingv,ECPN,sim2,template1,1057287,2022-12-12 21:38:46,0.4006083065127875,1.1777579554271076,1.1452172941671217,1.1452172941671217,1.1777579554271076,clean,,,2022-12-12 21:38:46,2022-12-12 21:30:44.384735,481.615265
ingv,EC1,sim4,template2,1058897,2022-12-12 22:23:13,0.2971282205594527,1.1507045457500271,1.1416559049428554,1.1416559049428554,1.1507045457500271,clean,,,2022-12-12 22:23:13,2022-12-12 22:30:17.532713,-424.532713
ingv,EC1,sim3,template2,1062762,2022-12-13 00:43:31,0.3586655678118007,-0.4595516245426052,0.9484674229994512,0.9484674229994512,-0.4595516245426052,clean,,,2022-12-13 00:43:31,2022-12-13 00:52:51.191825,-560.191825
ingv,ECPN,sim2,template3,1062013,2022-12-13 00:45:17,0.2990396915370794,-1.832065518542093,0.8098353386330638,0.8098353386330638,-1.832065518542093,clean,,,2022-12-13 00:45:17,2022-12-13 00:52:51.191825,-454.191825
ingv,EC1,sim1,template2,1062887,2022-12-13 00:45:36,0.2740123397633633,-0.4854800113396998,0.945640359520738,0.945640359520738,-0.4854800113396998,clean,,,2022-12-13 00:45:36,2022-12-13 00:52:51.191825,-435.191825
ingv,ECPN,sim1,template3,1062091,2022-12-13 01:00:35,0.3644910141689114,-1.86313586616683,0.8069436468409982,0.8069436468409982,-1.86313586616683,clean,,,2022-12-13 01:00:35,2022-12-13 00:52:51.191825,463.808175
ingv,EC1,sim4,template3,1062958,2022-12-13 01:00:47,0.2571269773063738,-0.6637515647431514,0.926429598250564,0.926429598250564,-0.6637515647431514,clean,,,2022-12-13 01:00:47,2022-12-13 00:52:51.191825,475.808175
ingv,EC1,sim3,template2,1063951,2022-12-13 01:17:20,0.3480905753435798,-0.9159973810336598,0.8999121822112107,0.8999121822112107,-0.9159973810336598,clean,,,2022-12-13 01:17:20,2022-12-13 01:26:32.601007,-552.601007
ingv,ECPN,sim3,template1,1063198,2022-12-13 01:19:02,0.3163002682533543,-1.746672038863502,0.8178363283822546,0.8178363283822546,-1.746672038863502,clean,,,2022-12-13 01:19:02,2022-12-13 01:26:32.601007,-450.601007
ingv,EC1,sim1,template4,1064096,2022-12-13 01:33:45,0.2003082603476471,-0.8251585475097554,0.9093730358245536,0.9093730358245536,-0.8251585475097554,clean,,,2022-12-13 01:33:45,2022-12-13 01:26:32.601007,432.398993
ingv,EC1,sim4,template3,1064194,2022-12-13 01:35:23,0.2947826974163303,-1.137509404220107,0.8772523287982466,0.8772523287982466,-1.137509404220107,clean,,,2022-12-13 01:35:23,2022-12-13 01:26:32.601007,530.398993
ingv,ECPN,sim2,template3,1063372,2022-12-13 01:35:56,0.249822895696582,-1.7293758439508635,0.8194665067975113,0.8194665067975113,-1.7293758439508635,clean,,,2022-12-13 01:35:56,2022-12-13 01:26:32.601007,563.398993
ingv,EC1,sim1,template3,1076035,2022-12-13 06:37:55,0.3245937489299079,1.1485086100802016,1.1413673120468235,1.1413673120468235,1.1485086100802016,clean,,,2022-12-13 06:37:55,2022-12-13 06:30:35.573835,439.426165
ingv,EC1,sim1,template1,1076064,2022-12-13 06:38:24,0.3085003093261225,0.951750900534738,1.1158030521204874,1.1158030521204874,0.951750900534738,clean,,,2022-12-13 06:38:24,2022-12-13 06:30:35.573835,468.426165
ingv,ECPN,sim2,template1,1075257,2022-12-13 06:39:12,0.2191116733607635,-1.1365982740149694,0.8773443554127885,0.8773443554127885,-1.1365982740149694,clean,,,2022-12-13 06:39:12,2022-12-13 06:30:35.573835,516.426165
ingv,EC1,sim4,template4,1076145,2022-12-13 06:39:45,0.212118091880084,0.5295711192770102,1.0628661011402845,1.0628661011402845,0.5295711192770102,clean,,,2022-12-13 06:39:45,2022-12-13 06:30:35.573835,549.426165
ingv,ECPN,sim3,template1,1075290,2022-12-13 06:39:45,0.2064604454802432,-1.154801101060611,0.8755076494716872,0.8755076494716872,-1.154801101060611,clean,,,2022-12-13 06:39:45,2022-12-13 06:30:35.573835,549.426165
ingv,EC1,sim4,template3,1089287,2022-12-13 12:50:46,0.2020869105770679,1.0056559846028643,1.1227493161956417,1.1227493161956417,1.0056559846028643,clean,,,2022-12-13 12:50:46,2022-12-13 13:00:15.781994,-569.781994
ingv,ECPN,sim3,template1,1088507,2022-12-13 12:52:01,0.2466815693692657,3.745426383441803,1.5391158803113536,1.5391158803113536,3.745426383441803,clean,,,2022-12-13 12:52:01,2022-12-13 13:00:15.781994,-494.781994
ingv,EC1,sim4,template1,1089417,2022-12-13 12:52:56,0.2613631135847565,0.9110207996828484,1.1105830477227356,1.1105830477227356,0.9110207996828484,clean,,,2022-12-13 12:52:56,2022-12-13 13:00:15.781994,-439.781994
ingv,EC1,sim2,template1,1089864,2022-12-13 15:19:01,0.216320635134166,0.4240283119150472,1.0500292947069545,1.0500292947069545,0.4240283119150472,clean,,,2022-12-13 15:19:01,2022-12-13 15:11:40.353575,440.646425
ingv,ECPN,sim1,template3,1089040,2022-12-13 15:19:32,0.2759378204856023,4.077969604308516,1.5991841629195636,1.5991841629195636,4.077969604308516,clean,,,2022-12-13 15:19:32,2022-12-13 15:11:40.353575,471.646425
ingv,ECPN,sim2,template1,1089091,2022-12-13 15:20:23,0.3258591334980014,4.073361981256646,1.5983360651322318,1.5983360651322318,4.073361981256646,clean,,,2022-12-13 15:20:23,2022-12-13 15:11:40.353575,522.646425
ingv,ECPN,sim2,template3,1092851,2022-12-13 17:47:51,0.41030237539957,2.359563364012266,1.3121339369448437,1.3121339369448437,2.359563364012266,clean,,,2022-12-13 17:47:51,2022-12-13 17:39:53.324013,477.675987
ingv,EC1,sim1,template2,1102699,2022-12-13 20:57:44,0.4078577666054612,0.475427921193346,1.0562613679701784,1.0562613679701784,0.475427921193346,clean,,,2022-12-13 20:57:44,2022-12-13 21:07:27.712941,-583.712941
ingv,ECPN,sim4,template1,1101897,2022-12-13 20:58:37,0.2107518319431989,-0.5705173552181025,0.9364274420670576,0.9364274420670576,-0.5705173552181025,clean,,,2022-12-13 20:58:37,2022-12-13 21:07:27.712941,-530.712941
ingv,ECPN,sim4,template4,1101972,2022-12-13 20:59:52,0.2248618122865123,-3.8822356644094977,0.6395701950814278,0.6395701950814278,-3.8822356644094977,clean,,,2022-12-13 20:59:52,2022-12-13 21:07:27.712941,-455.712941
ingv,EC1,sim3,template1,1102960,2022-12-13 21:16:05,0.2209208563849264,0.3072644851385772,1.036008274893498,1.036008274893498,0.3072644851385772,clean,,,2022-12-13 21:16:05,2022-12-13 21:07:27.712941,517.287059
ingv,ECPN,sim1,template1,1102125,2022-12-13 21:16:25,0.3992052916247248,-0.7320183420180475,0.9191768606640304,0.9191768606640304,-0.7320183420180475,clean,,,2022-12-13 21:16:25,2022-12-13 21:07:27.712941,537.287059
ingv,ECPN,sim3,template3,1103573,2022-12-13 21:40:33,0.3046635459048835,-1.84435689973548,0.8086901530908132,0.8086901530908132,-1.84435689973548,clean,,,2022-12-13 21:40:33,2022-12-13 21:49:45.050987,-552.050987
ingv,ECPN,sim2,template2,1103685,2022-12-13 21:42:25,0.2841221677062221,-2.0016688797772786,0.7941756296327097,0.7941756296327097,-2.0016688797772786,clean,,,2022-12-13 21:42:25,2022-12-13 21:49:45.050987,-440.050987
ingv,ECPN,sim4,template1,1103769,2022-12-13 21:57:49,0.2666031960851656,-2.378707983178674,0.7604393830750906,0.7604393830750906,-2.378707983178674,clean,,,2022-12-13 21:57:49,2022-12-13 21:49:45.050987,483.949013
ingv,EC1,sim1,template3,1104676,2022-12-13 21:58:41,0.2037696582243229,-0.9782130793682248,0.8934892795532428,0.8934892795532428,-0.9782130793682248,clean,,,2022-12-13 21:58:41,2022-12-13 21:49:45.050987,535.949013
ingv,ECPN,sim4,template3,1104060,2022-12-13 22:02:40,0.4649877145026148,-3.25426560807549,0.6875221897997617,0.6875221897997617,-3.25426560807549,clean,,,2022-12-13 22:02:40,2022-12-13 22:12:37.457255,-597.457255
ingv,ECPN,sim2,template1,1104081,2022-12-13 22:03:01,0.2329859114869713,-3.363612930627654,0.6789211738914047,0.6789211738914047,-3.363612930627654,clean,,,2022-12-13 22:03:01,2022-12-13 22:12:37.457255,-576.457255
ingv,ECPN,sim1,template1,1104205,2022-12-13 22:05:05,0.2340646777029485,-3.863556729907013,0.640947065489543,0.640947065489543,-3.863556729907013,clean,,,2022-12-13 22:05:05,2022-12-13 22:12:37.457255,-452.457255
ingv,EC1,sim2,template1,1116147,2022-12-14 03:14:46,0.2139298238517893,1.153763920729954,1.142058093877334,1.142058093877334,1.153763920729954,clean,,,2022-12-14 03:14:46,2022-12-14 03:22:29.583133,-463.583133
ingv,ECPN,sim1,template1,1115357,2022-12-14 03:42:56,0.2689117915054841,-0.974054579875574,0.8939171533181651,0.8939171533181651,-0.974054579875574,clean,,,2022-12-14 03:42:56,2022-12-14 03:35:34.808461,441.191539
ingv,ECPN,sim4,template1,1115397,2022-12-14 03:43:36,0.3988286995211498,-0.9154728034234672,0.8999665333550949,0.8999665333550949,-0.9154728034234672,clean,,,2022-12-14 03:43:36,2022-12-14 03:35:34.808461,481.191539
ingv,EC1,sim2,template4,1116331,2022-12-14 03:44:55,0.2094685728933449,1.087926867723763,1.1334342797945425,1.1334342797945425,1.087926867723763,clean,,,2022-12-14 03:44:55,2022-12-14 03:35:34.808461,560.191539
ingv,ECPN,sim2,template3,1115751,2022-12-14 03:49:30,0.497518055441179,-0.4884891180455505,0.9453128121968796,0.9453128121968796,-0.4884891180455505,clean,,,2022-12-14 03:49:30,2022-12-14 03:58:10.329389,-520.329389
ingv,EC1,sim3,template1,1116640,2022-12-14 03:50:04,0.2551678827579511,1.051538750139683,1.1286958741117556,1.1286958741117556,1.051538750139683,clean,,,2022-12-14 03:50:04,2022-12-14 03:58:10.329389,-486.329389
ingv,EC1,sim2,template3,1116679,2022-12-14 03:50:43,0.3651538950045502,1.0558047289485084,1.129250356783089,1.129250356783089,1.0558047289485084,clean,,,2022-12-14 03:50:43,2022-12-14 03:58:10.329389,-447.329389
ingv,ECPN,sim3,template1,1115824,2022-12-14 03:50:43,0.3190848181638064,-0.4916100165514674,0.9449732159653244,0.9449732159653244,-0.4916100165514674,clean,,,2022-12-14 03:50:43,2022-12-14 03:58:10.329389,-447.329389
ingv,ECPN,sim4,template3,1115886,2022-12-14 04:41:25,0.3055277959691772,-0.5057085158837836,0.9434406271016776,0.9434406271016776,-0.5057085158837836,clean,,,2022-12-14 04:41:25,2022-12-14 04:33:50.768910,454.23109
ingv,EC1,sim2,template2,1116809,2022-12-14 04:42:33,0.38625690562047,1.2805744982521232,1.1588540020267255,1.1588540020267255,1.2805744982521232,clean,,,2022-12-14 04:42:33,2022-12-14 04:33:50.768910,522.23109
ingv,EC1,sim1,template2,1116813,2022-12-14 04:42:37,0.270570440260654,1.279849600637013,1.1587572916741546,1.1587572916741546,1.279849600637013,clean,,,2022-12-14 04:42:37,2022-12-14 04:33:50.768910,526.23109
ingv,EC1,sim4,template4,1116814,2022-12-14 04:42:38,0.2211275755464055,1.0220214468670994,1.1248667311213365,1.1248667311213365,1.0220214468670994,clean,,,2022-12-14 04:42:38,2022-12-14 04:33:50.768910,527.23109
ingv,ECPN,sim4,template1,1133976,2022-12-14 14:28:32,0.2767580016054352,3.043191831693421,1.4195790831270647,1.4195790831270647,3.043191831693421,clean,,,2022-12-14 14:28:32,2022-12-14 14:18:44.916882,587.083118
ingv,EC1,sim1,template1,1136903,2022-12-14 15:57:04,0.2009391143758061,0.9584367921657424,1.1166622629239482,1.1166622629239482,0.9584367921657424,clean,,,2022-12-14 15:57:04,2022-12-14 15:48:09.840012,534.159988
ingv,ECPN,sim2,template2,1136053,2022-12-14 15:57:09,0.3958282250254585,4.313901875121696,1.6432176600953252,1.6432176600953252,4.313901875121696,clean,,,2022-12-14 15:57:09,2022-12-14 15:48:09.840012,539.159988
ingv,ECPN,sim4,template1,1136100,2022-12-14 15:57:56,0.2874142990375323,4.284937967777474,1.637747323624845,1.637747323624845,4.284937967777474,clean,,,2022-12-14 15:57:56,2022-12-14 15:48:09.840012,586.159988
ingv,ECPN,sim4,template2,1136797,2022-12-14 16:23:33,0.3046977265152039,3.237392096873293,1.45167569241118,1.45167569241118,3.237392096873293,clean,,,2022-12-14 16:23:33,2022-12-14 16:16:20.622612,432.377388
ingv,ECPN,sim3,template2,1136864,2022-12-14 16:24:40,0.2430804761921028,3.4963127775399694,1.4956006281216,1.4956006281216,3.4963127775399694,clean,,,2022-12-14 16:24:40,2022-12-14 16:16:20.622612,499.377388
ingv,ECPN,sim1,template1,1141863,2022-12-14 18:27:59,0.2764516881796821,0.48725118885607,1.0577001341674666,1.0577001341674666,0.48725118885607,clean,,,2022-12-14 18:27:59,2022-12-14 18:37:57.906772,-598.906772
ingv,EC1,sim1,template3,1142804,2022-12-14 18:29:25,0.4980406392891018,2.5294268098740007,1.3380469132508903,1.3380469132508903,2.5294268098740007,clean,,,2022-12-14 18:29:25,2022-12-14 18:37:57.906772,-512.906772
ingv,EC1,sim3,template1,1143073,2022-12-14 18:47:54,0.2037499346375657,1.2911221253522234,1.160262100094994,1.160262100094994,1.2911221253522234,clean,,,2022-12-14 18:47:54,2022-12-14 18:37:57.906772,596.093228
ingv,ECPN,sim3,template4,1142583,2022-12-14 19:40:21,0.2066342975788745,-0.5118165114674788,0.9427774243939684,0.9427774243939684,-0.5118165114674788,clean,,,2022-12-14 19:40:21,2022-12-14 19:50:14.364649,-593.364649
ingv,ECPN,sim1,template2,1142625,2022-12-14 19:41:03,0.2227756491345872,-0.3453604058451676,0.9610190125172884,0.9610190125172884,-0.3453604058451676,clean,,,2022-12-14 19:41:03,2022-12-14 19:50:14.364649,-551.364649
ingv,EC1,sim2,template2,1143865,2022-12-14 21:29:56,0.2298955877459283,1.4881995128874126,1.1868886468910742,1.1868886468910742,1.4881995128874126,clean,,,2022-12-14 21:29:56,2022-12-14 21:21:08.467915,527.532085
ingv,ECPN,sim1,template2,1143672,2022-12-14 22:30:38,0.3557392106893752,-3.6994485220802966,0.6531720220338084,0.6531720220338084,-3.6994485220802966,clean,,,2022-12-14 22:30:38,2022-12-14 22:23:25.263733,432.736267
ingv,ECPN,sim1,template3,1143713,2022-12-14 22:31:19,0.3157549085716526,-3.727946116497592,0.6510325371466034,0.6510325371466034,-3.727946116497592,clean,,,2022-12-14 22:31:19,2022-12-14 22:23:25.263733,473.736267
ingv,EC1,sim1,template3,1144647,2022-12-14 22:32:38,0.3751272905359834,0.7385890937773429,1.088753225616541,1.088753225616541,0.7385890937773429,clean,,,2022-12-14 22:32:38,2022-12-14 22:23:25.263733,552.736267
ingv,ECPN,sim2,template3,1143799,2022-12-14 22:32:45,0.2325993319557018,-4.668268530794623,0.5842336582349694,0.5842336582349694,-4.668268530794623,clean,,,2022-12-14 22:32:45,2022-12-14 22:23:25.263733,559.736267
ingv,ECPN,sim3,template3,1150476,2022-12-15 01:51:21,0.3292875525580619,-0.7209362497759576,0.9203503620811756,0.9203503620811756,-0.7209362497759576,clean,,,2022-12-15 01:51:21,2022-12-15 02:00:35.233800,-554.2338
ingv,EC1,sim1,template3,1151521,2022-12-15 02:08:31,0.2823077229308269,-0.8054814233421641,0.911435476250786,0.911435476250786,-0.8054814233421641,clean,,,2022-12-15 02:08:31,2022-12-15 02:00:35.233800,475.7662
ingv,ECPN,sim4,template2,1150679,2022-12-15 02:08:44,0.2983540800476805,0.0212626134063044,1.002450947506485,1.002450947506485,0.0212626134063044,clean,,,2022-12-15 02:08:44,2022-12-15 02:00:35.233800,488.7662
ingv,ECPN,sim3,template2,1150740,2022-12-15 02:09:45,0.2531020763655848,0.2164986050457885,1.0252385559584365,1.0252385559584365,0.2164986050457885,clean,,,2022-12-15 02:09:45,2022-12-15 02:00:35.233800,549.7662
ingv,ECPN,sim3,template4,1156783,2022-12-15 05:24:14,0.2040721581442001,-1.5419069730524038,0.8373454241082338,0.8373454241082338,-1.5419069730524038,clean,,,2022-12-15 05:24:14,2022-12-15 05:31:19.150177,-425.150177
ingv,ECPN,sim3,template1,1159264,2022-12-15 08:13:03,0.348020245618815,-4.233523365441899,0.6142198275374762,0.6142198275374762,-4.233523365441899,clean,,,2022-12-15 08:13:03,2022-12-15 08:03:08.327079,594.672921
ingv,ECPN,sim1,template1,1162957,2022-12-15 10:14:23,0.2864080532044558,-0.5512554125932747,0.9385063801155834,0.9385063801155834,-0.5512554125932747,clean,,,2022-12-15 10:14:23,2022-12-15 10:24:18.680419,-595.680419
ingv,EC1,sim2,template2,1163842,2022-12-15 10:14:53,0.3492128965024863,-0.2457610443891721,0.972102248754392,0.972102248754392,-0.2457610443891721,clean,,,2022-12-15 10:14:53,2022-12-15 10:24:18.680419,-565.680419
ingv,EC1,sim3,template2,1163898,2022-12-15 10:15:49,0.3153238188214881,-0.2535219103120814,0.9712340606835242,0.9712340606835242,-0.2535219103120814,clean,,,2022-12-15 10:15:49,2022-12-15 10:24:18.680419,-509.680419
ingv,ECPN,sim4,template2,1163049,2022-12-15 10:15:55,0.3848966517471415,-0.6602842521464269,0.9267994926859096,0.9267994926859096,-0.6602842521464269,clean,,,2022-12-15 10:15:55,2022-12-15 10:24:18.680419,-503.680419
ingv,EC1,sim1,template2,1163943,2022-12-15 10:16:34,0.2215654017016354,-0.2421495597299642,0.9725065207939207,0.9725065207939207,-0.2421495597299642,clean,,,2022-12-15 10:16:34,2022-12-15 10:24:18.680419,-464.680419
ingv,ECPN,sim3,template1,1163148,2022-12-15 10:31:34,0.4740615637564018,-0.6647244087688584,0.9263258413451848,0.9263258413451848,-0.6647244087688584,clean,,,2022-12-15 10:31:34,2022-12-15 10:24:18.680419,435.319581
ingv,EC1,sim4,template1,1164077,2022-12-15 10:32:48,0.3563353401087086,-0.3006483023598171,0.9659787770269262,0.9659787770269262,-0.3006483023598171,clean,,,2022-12-15 10:32:48,2022-12-15 10:24:18.680419,509.319581
ingv,ECPN,sim2,template1,1166200,2022-12-15 11:22:26,0.4562255123721951,-0.5182138372086652,0.9420833062306057,0.9420833062306057,-0.5182138372086652,clean,,,2022-12-15 11:22:26,2022-12-15 11:32:02.293858,-576.293858
ingv,EC1,sim2,template3,1167104,2022-12-15 11:23:15,0.4181537670263405,-1.7736886366226572,0.8152964816605519,0.8152964816605519,-1.7736886366226572,clean,,,2022-12-15 11:23:15,2022-12-15 11:32:02.293858,-527.293858
ingv,ECPN,sim3,template1,1166253,2022-12-15 11:23:19,0.3515167239867003,-0.2923866485747849,0.966898012609382,0.966898012609382,-0.2923866485747849,clean,,,2022-12-15 11:23:19,2022-12-15 11:32:02.293858,-523.293858
ingv,EC1,sim1,template1,1167151,2022-12-15 11:24:02,0.3047633754218242,-1.7497686490813855,0.8175448131713522,0.8175448131713522,-1.7497686490813855,clean,,,2022-12-15 11:24:02,2022-12-15 11:32:02.293858,-480.293858
ingv,ECPN,sim2,template3,1166408,2022-12-15 11:56:26,0.3130730199540164,-0.2295327991273721,0.9739201696133724,0.9739201696133724,-0.2295327991273721,clean,,,2022-12-15 11:56:26,2022-12-15 11:48:34.377414,471.622586
ingv,EC1,sim4,template2,1167279,2022-12-15 11:56:42,0.4488972141260376,-1.7977953864742902,0.81303685134216,0.81303685134216,-1.7977953864742902,clean,,,2022-12-15 11:56:42,2022-12-15 11:48:34.377414,487.622586
ingv,ECPN,sim1,template2,1166461,2022-12-15 11:57:19,0.2773139511564134,-0.1846691829334113,0.9789635927083736,0.9789635927083736,-0.1846691829334113,clean,,,2022-12-15 11:57:19,2022-12-15 11:48:34.377414,524.622586
ingv,ECPN,sim4,template4,1166464,2022-12-15 11:57:22,0.2343920328093761,1.0441016247714328,1.1277298636758593,1.1277298636758593,1.0441016247714328,clean,,,2022-12-15 11:57:22,2022-12-15 11:48:34.377414,527.622586
ingv,ECPN,sim1,template3,1166479,2022-12-15 11:57:37,0.245587152641069,-0.1376373841836911,0.984278799286256,0.984278799286256,-0.1376373841836911,clean,,,2022-12-15 11:57:37,2022-12-15 11:48:34.377414,542.622586
ingv,EC1,sim3,template4,1167362,2022-12-15 11:58:05,0.2261192461368101,-0.095333711498139,0.9890843140750872,0.9890843140750872,-0.095333711498139,clean,,,2022-12-15 11:58:05,2022-12-15 11:48:34.377414,570.622586
ingv,EC1,sim3,template3,1167370,2022-12-15 11:58:13,0.2916047906557362,-1.8153117438933628,0.8113988966415819,0.8113988966415819,-1.8153117438933628,clean,,,2022-12-15 11:58:13,2022-12-15 11:48:34.377414,578.622586
ingv,ECPN,sim4,template1,1167736,2022-12-15 12:38:34,0.478583138816979,2.170613716271041,1.2838984832936255,1.2838984832936255,2.170613716271041,clean,,,2022-12-15 12:38:34,2022-12-15 12:48:21.864319,-587.864319
ingv,ECPN,sim1,template3,1167952,2022-12-15 12:56:10,0.2007114299597123,2.509648448014754,1.335003555644413,1.335003555644413,2.509648448014754,clean,,,2022-12-15 12:56:10,2022-12-15 12:48:21.864319,468.135681
ingv,EC1,sim1,template2,1175400,2022-12-15 15:42:32,0.2798451304214009,1.2792099364884342,1.158671959228673,1.158671959228673,1.2792099364884342,clean,,,2022-12-15 15:42:32,2022-12-15 15:34:12.984596,499.015404
ingv,ECPN,sim2,template1,1174619,2022-12-15 15:43:46,0.2546369343825151,-0.7368936744213918,0.9186610775381598,0.9186610775381598,-0.7368936744213918,clean,,,2022-12-15 15:43:46,2022-12-15 15:34:12.984596,573.015404
ingv,EC1,sim4,template2,1175603,2022-12-15 16:42:37,0.3101152003644271,0.449414629688756,1.0531027127262491,1.0531027127262491,0.449414629688756,clean,,,2022-12-15 16:42:37,2022-12-15 16:34:14.414447,502.585553
ingv,EC1,sim3,template4,1177157,2022-12-15 17:08:31,0.2224765725861688,0.1379802936617543,1.0160124147925331,1.0160124147925331,0.1379802936617543,clean,,,2022-12-15 17:08:31,2022-12-15 17:17:24.513964,-533.513964
ingv,EC1,sim3,template1,1177357,2022-12-15 18:10:40,0.2251793897533766,-0.356865214756942,0.95974694695935,0.95974694695935,-0.356865214756942,clean,,,2022-12-15 18:10:40,2022-12-15 18:18:09.284891,-449.284891
ingv,EC1,sim4,template3,1177378,2022-12-15 18:11:01,0.2231949116809573,-0.3358019112641529,0.9620771598835088,0.9620771598835088,-0.3358019112641529,clean,,,2022-12-15 18:11:01,2022-12-15 18:18:09.284891,-428.284891
ingv,EC1,sim2,template2,1180307,2022-12-15 20:07:40,0.261059044011568,-0.1012230331383774,0.9884139093658428,0.9884139093658428,-0.1012230331383774,clean,,,2022-12-15 20:07:40,2022-12-15 20:15:49.591039,-489.591039
ingv,ECPN,sim1,template1,1179462,2022-12-15 20:07:50,0.2803830216945583,-1.1245700281516515,0.8785601461125176,0.8785601461125176,-1.1245700281516515,clean,,,2022-12-15 20:07:50,2022-12-15 20:15:49.591039,-479.591039
ingv,EC1,sim1,template1,1180368,2022-12-15 20:08:41,0.2528895344272753,-0.0880824554819605,0.9899103777789688,0.9899103777789688,-0.0880824554819605,clean,,,2022-12-15 20:08:41,2022-12-15 20:15:49.591039,-428.591039
ingv,ECPN,sim4,template3,1179522,2022-12-15 20:22:50,0.204701900985028,-1.2752709325733629,0.8634485278257883,0.8634485278257883,-1.2752709325733629,clean,,,2022-12-15 20:22:50,2022-12-15 20:15:49.591039,420.408961
ingv,ECPN,sim2,template1,1179600,2022-12-15 20:24:08,0.3834413331139115,-1.33603958394212,0.8574287090933554,0.8574287090933554,-1.33603958394212,clean,,,2022-12-15 20:24:08,2022-12-15 20:15:49.591039,498.408961
ingv,ECPN,sim4,template2,1179685,2022-12-15 20:25:33,0.2467347448254298,-1.0615117411379036,0.8849615727316498,0.8849615727316498,-1.0615117411379036,clean,,,2022-12-15 20:25:33,2022-12-15 20:15:49.591039,583.408961
ingv,ECPN,sim1,template2,1179693,2022-12-15 20:25:41,0.2176224071145472,-1.0427563643519573,0.8868745282347344,0.8868745282347344,-1.0427563643519573,clean,,,2022-12-15 20:25:41,2022-12-15 20:15:49.591039,591.408961
ingv,ECPN,sim1,template1,1181369,2022-12-15 20:53:37,0.3158926059771912,-2.8157176168631097,0.7231262369068839,0.7231262369068839,-2.8157176168631097,clean,,,2022-12-15 20:53:37,2022-12-15 21:03:18.514319,-581.514319
ingv,EC1,sim1,template3,1182242,2022-12-15 20:53:55,0.2784590023754926,0.2142316784184786,1.0249710142998574,1.0249710142998574,0.2142316784184786,clean,,,2022-12-15 20:53:55,2022-12-15 21:03:18.514319,-563.514319
ingv,ECPN,sim4,template3,1181396,2022-12-15 20:54:04,0.2468816700583587,-2.837135962402184,0.721345292412496,0.721345292412496,-2.837135962402184,clean,,,2022-12-15 20:54:04,2022-12-15 21:03:18.514319,-554.514319
ingv,ECPN,sim4,template2,1181462,2022-12-15 20:55:10,0.3275157972869851,-2.8726364713268926,0.7184030648235908,0.7184030648235908,-2.8726364713268926,clean,,,2022-12-15 20:55:10,2022-12-15 21:03:18.514319,-488.514319
ingv,ECPN,sim3,template2,1181496,2022-12-15 20:55:44,0.3234054259535286,-2.844949475133504,0.7206966880044977,0.7206966880044977,-2.844949475133504,clean,,,2022-12-15 20:55:44,2022-12-15 21:03:18.514319,-454.514319
ingv,ECPN,sim3,template3,1181525,2022-12-15 20:56:13,0.3281039058397591,-2.8632280058047623,0.7191816531717938,0.7191816531717938,-2.8632280058047623,clean,,,2022-12-15 20:56:13,2022-12-15 21:03:18.514319,-425.514319
ingv,ECPN,sim2,template1,1181591,2022-12-15 21:11:19,0.2465021919924271,-2.789871058364516,0.7252812447783277,0.7252812447783277,-2.789871058364516,clean,,,2022-12-15 21:11:19,2022-12-15 21:03:18.514319,480.485681
ingv,EC1,sim2,template2,1182467,2022-12-15 21:11:40,0.2337957124048084,0.2669732295103347,1.0312136699687162,1.0312136699687162,0.2669732295103347,clean,,,2022-12-15 21:11:40,2022-12-15 21:03:18.514319,501.485681
ingv,ECPN,sim1,template3,1182290,2022-12-15 21:22:58,0.4682791915552554,-3.103391173308577,0.6995688147435538,0.6995688147435538,-3.103391173308577,clean,,,2022-12-15 21:22:58,2022-12-15 21:32:17.061370,-559.06137
ingv,ECPN,sim4,template3,1182451,2022-12-15 21:49:04,0.3612952397129736,-3.060793148452708,0.7030081220542155,0.7030081220542155,-3.060793148452708,clean,,,2022-12-15 21:49:04,2022-12-15 21:41:42.433051,441.566949
ingv,ECPN,sim3,template3,1182536,2022-12-15 21:50:29,0.2477564174962539,-2.053581828698224,0.7894432369797928,0.7894432369797928,-2.053581828698224,clean,,,2022-12-15 21:50:29,2022-12-15 21:41:42.433051,526.566949
ingv,ECPN,sim1,template2,1182556,2022-12-15 21:50:49,0.3061349666450855,-2.0334676152964883,0.7912734962172129,0.7912734962172129,-2.0334676152964883,clean,,,2022-12-15 21:50:49,2022-12-15 21:41:42.433051,546.566949
ingv,EC1,sim3,template1,1189089,2022-12-15 23:47:16,0.2117767272919204,-1.384287121803494,0.8526791506140917,0.8526791506140917,-1.384287121803494,clean,,,2022-12-15 23:47:16,2022-12-15 23:56:08.220824,-532.220824
ingv,ECPN,sim3,template2,1188287,2022-12-15 23:48:09,0.2430853383697073,-0.0910677503329103,0.9895702092186952,0.9895702092186952,-0.0910677503329103,clean,,,2022-12-15 23:48:09,2022-12-15 23:56:08.220824,-479.220824
ingv,ECPN,sim2,template1,1188473,2022-12-16 00:05:15,0.4333783438068222,0.3066444236361855,1.0359343197840554,1.0359343197840554,0.3066444236361855,clean,,,2022-12-16 00:05:15,2022-12-15 23:56:08.220824,546.779176
ingv,ECPN,sim2,template3,1188642,2022-12-16 00:41:44,0.3849035805720421,0.8032906980722665,1.0968936817655464,1.0968936817655464,0.8032906980722665,clean,,,2022-12-16 00:41:44,2022-12-16 00:32:05.072261,578.927739
ingv,EC1,sim2,template1,1189716,2022-12-16 01:11:38,0.3334012836920059,-0.4946959974142524,0.9446375392062232,0.9446375392062232,-0.4946959974142524,clean,,,2022-12-16 01:11:38,2022-12-16 01:02:18.469486,559.530514
ingv,ECPN,sim1,template1,1190734,2022-12-16 01:42:51,0.3845091289807278,1.1598762406574583,1.1428620508085603,1.1428620508085603,1.1598762406574583,clean,,,2022-12-16 01:42:51,2022-12-16 01:52:28.310514,-577.310514
ingv,EC1,sim2,template2,1191831,2022-12-16 02:00:53,0.2637849035619643,-0.6303605194845054,0.9299979131437076,0.9299979131437076,-0.6303605194845054,clean,,,2022-12-16 02:00:53,2022-12-16 01:52:28.310514,504.689486
ingv,ECPN,sim3,template1,1190985,2022-12-16 02:01:02,0.2540298423040585,1.4541996600593396,1.182251797532848,1.182251797532848,1.4541996600593396,clean,,,2022-12-16 02:01:02,2022-12-16 01:52:28.310514,513.689486
ingv,EC1,sim2,template2,1194448,2022-12-16 04:01:38,0.2952771708446657,0.1518949129863886,1.0176413505210444,1.0176413505210444,0.1518949129863886,clean,,,2022-12-16 04:01:38,2022-12-16 03:52:19.915374,558.084626
ingv,ECPN,sim1,template4,1197579,2022-12-16 05:48:04,0.2268548625358132,-0.8674538094376758,0.904955678491876,0.904955678491876,-0.8674538094376758,clean,,,2022-12-16 05:48:04,2022-12-16 05:55:43.539539,-459.539539
ingv,ECPN,sim1,template1,1197593,2022-12-16 05:48:18,0.3095318349025449,-1.893954452958496,0.8040855865710969,0.8040855865710969,-1.893954452958496,clean,,,2022-12-16 05:48:18,2022-12-16 05:55:43.539539,-445.539539
ingv,ECPN,sim4,template2,1197653,2022-12-16 06:03:18,0.2545772647589074,-2.024785874928325,0.7920647871107886,0.7920647871107886,-2.024785874928325,clean,,,2022-12-16 06:03:18,2022-12-16 05:55:43.539539,454.460461
ingv,ECPN,sim3,template1,1197687,2022-12-16 06:03:52,0.3684458459868793,-2.0870585694681134,0.7864064584435042,0.7864064584435042,-2.0870585694681134,clean,,,2022-12-16 06:03:52,2022-12-16 05:55:43.539539,488.460461
ingv,EC1,sim2,template4,1198547,2022-12-16 06:03:57,0.2157120099757677,0.966123960686232,1.1176509665523136,1.1176509665523136,0.966123960686232,clean,,,2022-12-16 06:03:57,2022-12-16 05:55:43.539539,493.460461
ingv,EC1,sim1,template1,1198584,2022-12-16 06:04:34,0.2614564485338652,1.0586590073886997,1.1296215017927385,1.1296215017927385,1.0586590073886997,clean,,,2022-12-16 06:04:34,2022-12-16 05:55:43.539539,530.460461
ingv,EC1,sim2,template1,1200011,2022-12-16 06:48:21,0.4098178540093134,1.5710127288566376,1.1982588256959732,1.1982588256959732,1.5710127288566376,clean,,,2022-12-16 06:48:21,2022-12-16 06:56:08.793655,-467.793655
ingv,EC1,sim3,template1,1200012,2022-12-16 06:48:22,0.3357950179686922,1.574369547605313,1.1987220039324145,1.1987220039324145,1.574369547605313,clean,,,2022-12-16 06:48:22,2022-12-16 06:56:08.793655,-466.793655
ingv,EC1,sim2,template3,1200035,2022-12-16 06:48:45,0.2021229213773766,1.6291585955855636,1.2063072272384432,1.2063072272384432,1.6291585955855636,clean,,,2022-12-16 06:48:45,2022-12-16 06:56:08.793655,-443.793655
ingv,EC1,sim4,template3,1200055,2022-12-16 06:49:05,0.298368403211656,1.620557291028444,1.205113258561487,1.205113258561487,1.620557291028444,clean,,,2022-12-16 06:49:05,2022-12-16 06:56:08.793655,-423.793655
ingv,EC1,sim4,template2,1200120,2022-12-16 07:04:10,0.2772548374074102,1.5037915102439174,1.1890211382468854,1.1890211382468854,1.5037915102439174,clean,,,2022-12-16 07:04:10,2022-12-16 06:56:08.793655,481.206345
ingv,EC1,sim3,template3,1200203,2022-12-16 07:05:33,0.3153731218564664,1.5608141915467333,1.1968527157505102,1.1968527157505102,1.5608141915467333,clean,,,2022-12-16 07:05:33,2022-12-16 06:56:08.793655,564.206345
ingv,EC1,sim1,template1,1200214,2022-12-16 07:05:44,0.3782472136735951,1.5689527971271868,1.1979746822393604,1.1979746822393604,1.5689527971271868,clean,,,2022-12-16 07:05:44,2022-12-16 06:56:08.793655,575.206345
ingv,EC1,sim3,template2,1201996,2022-12-16 07:49:26,0.2817091094197953,1.2078717625337745,1.1491946305018852,1.1491946305018852,1.2078717625337745,clean,,,2022-12-16 07:49:26,2022-12-16 07:42:05.893903,440.106097
ingv,EC1,sim1,template2,1202124,2022-12-16 07:51:34,0.2121734710639985,1.3560769700834772,1.1689712994423864,1.1689712994423864,1.3560769700834772,clean,,,2022-12-16 07:51:34,2022-12-16 07:42:05.893903,568.106097
ingv,EC1,sim3,template1,1204780,2022-12-16 09:07:11,0.3418120371017522,-0.045242271549334,0.9948048328006284,0.9948048328006284,-0.045242271549334,clean,,,2022-12-16 09:07:11,2022-12-16 09:16:29.970671,-558.970671
ingv,ECPN,sim1,template4,1203954,2022-12-16 09:07:40,0.2819000225142703,-0.7665780199649863,0.9155268783742704,0.9155268783742704,-0.7665780199649863,clean,,,2022-12-16 09:07:40,2022-12-16 09:16:29.970671,-529.970671
ingv,ECPN,sim1,template1,1203959,2022-12-16 09:07:45,0.3220538705864336,-0.1727495707276289,0.9803079428105146,0.9803079428105146,-0.1727495707276289,clean,,,2022-12-16 09:07:45,2022-12-16 09:16:29.970671,-524.970671
ingv,EC1,sim2,template2,1204858,2022-12-16 09:08:29,0.2620190166903703,-0.0135279049974212,0.9984437545883904,0.9984437545883904,-0.0135279049974212,clean,,,2022-12-16 09:08:29,2022-12-16 09:16:29.970671,-480.970671
ingv,ECPN,sim2,template1,1204089,2022-12-16 09:23:55,0.3505642222328605,0.077391281381273,1.0089498127510603,1.0089498127510603,0.077391281381273,clean,,,2022-12-16 09:23:55,2022-12-16 09:16:29.970671,445.029329
ingv,ECPN,sim1,template1,1205030,2022-12-16 09:39:36,0.3323088920698749,0.01739906293833,1.0020051487752186,1.0020051487752186,0.01739906293833,clean,,,2022-12-16 09:39:36,2022-12-16 09:48:45.649092,-549.649092
ingv,EC1,sim3,template1,1205886,2022-12-16 09:39:37,0.2311469318611946,0.1369856122481564,1.0158960708319955,1.0158960708319955,0.1369856122481564,clean,,,2022-12-16 09:39:37,2022-12-16 09:48:45.649092,-548.649092
ingv,ECPN,sim1,template4,1205150,2022-12-16 09:41:36,0.3102658291550952,-0.8123155639460173,0.910718632193616,0.910718632193616,-0.8123155639460173,clean,,,2022-12-16 09:41:36,2022-12-16 09:48:45.649092,-429.649092
ingv,EC1,sim1,template4,1206080,2022-12-16 09:56:51,0.2273240996556279,-0.8443626569265484,0.9073646741595064,0.9073646741595064,-0.8443626569265484,clean,,,2022-12-16 09:56:51,2022-12-16 09:48:45.649092,485.350908
ingv,EC1,sim1,template1,1206183,2022-12-16 09:58:34,0.3761588202036756,-0.2570866218782688,0.9708355454951676,0.9708355454951676,-0.2570866218782688,clean,,,2022-12-16 09:58:34,2022-12-16 09:48:45.649092,588.350908
ingv,ECPN,sim3,template2,1206667,2022-12-16 10:34:53,0.241301945160314,0.5069122225755421,1.0600970137672052,1.0600970137672052,0.5069122225755421,clean,,,2022-12-16 10:34:53,2022-12-16 10:27:32.352549,440.647451
ingv,ECPN,sim2,template1,1207562,2022-12-16 12:10:32,0.2346904275557993,0.4477956355303453,1.0529064394228171,1.0529064394228171,0.4477956355303453,clean,,,2022-12-16 12:10:32,2022-12-16 12:20:02.739199,-570.739199
ingv,EC1,sim4,template3,1208468,2022-12-16 12:11:23,0.2387903160390571,-1.4995363501065355,0.8414400562361318,0.8414400562361318,-1.4995363501065355,clean,,,2022-12-16 12:11:23,2022-12-16 12:20:02.739199,-519.739199
ingv,ECPN,sim2,template2,1207672,2022-12-16 12:12:22,0.3460287853635264,0.1773695963180406,1.020630352864564,1.020630352864564,0.1773695963180406,clean,,,2022-12-16 12:12:22,2022-12-16 12:20:02.739199,-460.739199
ingv,EC1,sim3,template3,1208582,2022-12-16 12:27:17,0.2113989718490554,-1.8828220276942236,0.8051168179012814,0.8051168179012814,-1.8828220276942236,clean,,,2022-12-16 12:27:17,2022-12-16 12:20:02.739199,434.260801
ingv,ECPN,sim4,template1,1207729,2022-12-16 12:27:19,0.4271797757772372,0.1363307810245967,1.0158194850798037,1.0158194850798037,0.1363307810245967,clean,,,2022-12-16 12:27:19,2022-12-16 12:20:02.739199,436.260801
ingv,ECPN,sim1,template2,1211104,2022-12-16 14:32:31,0.2201725725887201,-1.1022292270748038,0.8808227814885132,0.8808227814885132,-1.1022292270748038,clean,,,2022-12-16 14:32:31,2022-12-16 14:41:21.880248,-530.880248
ingv,ECPN,sim3,template1,1211281,2022-12-16 14:49:28,0.2481353748119874,-1.2846525838455674,0.8625164183739175,0.8625164183739175,-1.2846525838455674,clean,,,2022-12-16 14:49:28,2022-12-16 14:41:21.880248,486.119752
ingv,EC1,sim1,template1,1212316,2022-12-16 14:52:28,0.4308754569436184,-0.2422598105421934,0.972494176755738,0.972494176755738,-0.2422598105421934,clean,,,2022-12-16 14:52:28,2022-12-16 15:01:48.292038,-560.292038
ingv,EC1,sim3,template3,1212413,2022-12-16 14:54:05,0.2132926044590302,-0.1386142164163718,0.9841681115807388,0.9841681115807388,-0.1386142164163718,clean,,,2022-12-16 14:54:05,2022-12-16 15:01:48.292038,-463.292038
ingv,EC1,sim1,template2,1212460,2022-12-16 15:08:52,0.2283831573836578,-0.0665618202475047,0.9923660748016224,0.9923660748016224,-0.0665618202475047,clean,,,2022-12-16 15:08:52,2022-12-16 15:01:48.292038,423.707962
ingv,EC1,sim4,template3,1212506,2022-12-16 15:09:38,0.373505978680103,-0.0286955631276015,0.9967017524135264,0.9967017524135264,-0.0286955631276015,clean,,,2022-12-16 15:09:38,2022-12-16 15:01:48.292038,469.707962
ingv,EC1,sim3,template1,1212617,2022-12-16 15:11:29,0.2513486108084261,0.008147030888767,1.000938401617372,1.000938401617372,0.008147030888767,clean,,,2022-12-16 15:11:29,2022-12-16 15:01:48.292038,580.707962
ingv,EC1,sim1,template3,1212628,2022-12-16 15:11:40,0.2817452217281105,-0.0274054228325461,0.996849806401013,0.996849806401013,-0.0274054228325461,clean,,,2022-12-16 15:11:40,2022-12-16 15:01:48.292038,591.707962
ingv,ECPN,sim2,template4,1212161,2022-12-16 15:18:08,0.2399377861882999,-0.18040410495541,0.9794444163805436,0.9794444163805436,-0.18040410495541,clean,,,2022-12-16 15:18:08,2022-12-16 15:25:22.352225,-434.352225
ingv,EC1,sim4,template1,1213050,2022-12-16 15:32:42,0.2819885716972545,-0.0219391736289951,0.997477346544042,0.997477346544042,-0.0219391736289951,clean,,,2022-12-16 15:32:42,2022-12-16 15:25:22.352225,439.647775
ingv,ECPN,sim1,template2,1212323,2022-12-16 15:34:50,0.2667896145553183,-0.4943087733673711,0.9446796528571744,0.9446796528571744,-0.4943087733673711,clean,,,2022-12-16 15:34:50,2022-12-16 15:25:22.352225,567.647775
ingv,EC1,sim3,template3,1215021,2022-12-16 16:05:33,0.3491226132890136,0.283607477185016,1.033190427675553,1.033190427675553,0.283607477185016,clean,,,2022-12-16 16:05:33,2022-12-16 16:15:09.707078,-576.707078
ingv,ECPN,sim4,template2,1214236,2022-12-16 16:06:43,0.3093607328673337,-0.3022453345532842,0.9658011835444168,0.9658011835444168,-0.3022453345532842,clean,,,2022-12-16 16:06:43,2022-12-16 16:15:09.707078,-506.707078
ingv,ECPN,sim1,template3,1214248,2022-12-16 16:06:55,0.3152040674623567,-0.2854563742625308,0.9676697864500906,0.9676697864500906,-0.2854563742625308,clean,,,2022-12-16 16:06:55,2022-12-16 16:15:09.707078,-494.707078
ingv,ECPN,sim1,template2,1214267,2022-12-16 16:07:14,0.2815542837510021,-0.257818306389217,0.9707537674111006,0.9707537674111006,-0.257818306389217,clean,,,2022-12-16 16:07:14,2022-12-16 16:15:09.707078,-475.707078
ingv,ECPN,sim2,template3,1214281,2022-12-16 16:07:28,0.2002452609984839,-0.2539678684639014,0.971184196058728,0.971184196058728,-0.2539678684639014,clean,,,2022-12-16 16:07:28,2022-12-16 16:15:09.707078,-461.707078
ingv,ECPN,sim1,template1,1214335,2022-12-16 16:22:22,0.3057680010335045,-0.1350019355972766,0.9845774917464104,0.9845774917464104,-0.1350019355972766,clean,,,2022-12-16 16:22:22,2022-12-16 16:15:09.707078,432.292922
ingv,EC1,sim4,template2,1215219,2022-12-16 16:22:51,0.3115174737545084,0.3305023457999354,1.0387836784251998,1.0387836784251998,0.3305023457999354,clean,,,2022-12-16 16:22:51,2022-12-16 16:15:09.707078,461.292922
ingv,EC1,sim3,template2,1215286,2022-12-16 16:23:58,0.4123711949520974,0.2452054872602094,1.0286325769213616,1.0286325769213616,0.2452054872602094,clean,,,2022-12-16 16:23:58,2022-12-16 16:15:09.707078,528.292922
ingv,EC1,sim2,template2,1215294,2022-12-16 16:24:06,0.2009161608980649,0.2409037243772167,1.028123263763892,1.028123263763892,0.2409037243772167,clean,,,2022-12-16 16:24:06,2022-12-16 16:15:09.707078,536.292922
ingv,EC1,sim1,template2,1217428,2022-12-16 17:47:08,0.2027062855431525,0.7273236637421259,1.087342049176752,1.087342049176752,0.7273236637421259,clean,,,2022-12-16 17:47:08,2022-12-16 17:38:06.228268,541.771732
ingv,ECPN,sim4,template1,1218028,2022-12-16 18:11:23,0.3945370503899565,0.4587334838623248,1.0542331642209493,1.0542331642209493,0.4587334838623248,clean,,,2022-12-16 18:11:23,2022-12-16 18:18:57.032569,-454.032569
ingv,ECPN,sim2,template3,1218062,2022-12-16 18:11:57,0.3503867308754092,0.3469152167163111,1.0407484214272336,1.0407484214272336,0.3469152167163111,clean,,,2022-12-16 18:11:57,2022-12-16 18:18:57.032569,-420.032569
ingv,EC1,sim2,template3,1220557,2022-12-16 19:19:05,0.2282495125740117,-1.7155967258021354,0.8207675234288536,0.8207675234288536,-1.7155967258021354,clean,,,2022-12-16 19:19:05,2022-12-16 19:28:07.695913,-542.695913
ingv,EC1,sim1,template1,1220592,2022-12-16 19:19:40,0.2906476111261594,-1.795351964615439,0.8132655983729257,0.8132655983729257,-1.795351964615439,clean,,,2022-12-16 19:19:40,2022-12-16 19:28:07.695913,-507.695913
ingv,EC1,sim4,template2,1220754,2022-12-16 19:36:22,0.2061482951078216,-1.6278671464526968,0.8290994798395107,0.8290994798395107,-1.6278671464526968,clean,,,2022-12-16 19:36:22,2022-12-16 19:28:07.695913,494.304087
ingv,EC1,sim2,template1,1225473,2022-12-16 22:46:14,0.4086729906082884,0.6810156436324287,1.0815604110815735,1.0815604110815735,0.6810156436324287,clean,,,2022-12-16 22:46:14,2022-12-16 22:55:10.877990,-536.87799
ingv,ECPN,sim3,template1,1224657,2022-12-16 22:46:53,0.2430308366777742,2.052661061908445,1.2665812455999856,1.2665812455999856,2.052661061908445,clean,,,2022-12-16 22:46:53,2022-12-16 22:55:10.877990,-497.87799
ingv,EC1,sim1,template3,1225590,2022-12-16 23:02:11,0.3261679994340645,0.5721340169241141,1.068087176270464,1.068087176270464,0.5721340169241141,clean,,,2022-12-16 23:02:11,2022-12-16 22:55:10.877990,420.12201
ingv,ECPN,sim2,template1,1228053,2022-12-17 01:31:22,0.2794792960835674,0.8373177605485926,1.1011992020604202,1.1011992020604202,0.8373177605485926,clean,,,2022-12-17 01:31:22,2022-12-17 01:41:04.907182,-582.907182
ingv,EC1,sim2,template3,1229181,2022-12-17 01:49:55,0.2770246732221048,0.8969642967395277,1.1087872283358235,1.1087872283358235,0.8969642967395277,clean,,,2022-12-17 01:49:55,2022-12-17 01:41:04.907182,530.092818
ingv,EC1,sim4,template3,1229249,2022-12-17 01:51:03,0.2166668985530553,0.9282476215510432,1.1127878651740493,1.1127878651740493,0.9282476215510432,clean,,,2022-12-17 01:51:03,2022-12-17 01:41:04.907182,598.092818
ingv,ECPN,sim2,template1,1229275,2022-12-17 02:05:44,0.3912248546970055,-0.4230235447085343,0.9524645548766972,0.9524645548766972,-0.4230235447085343,clean,,,2022-12-17 02:05:44,2022-12-17 02:15:05.742559,-561.742559
ingv,EC1,sim1,template1,1230131,2022-12-17 02:05:45,0.3776894421326994,0.0163692202316748,1.0018863530541318,1.0018863530541318,0.0163692202316748,clean,,,2022-12-17 02:05:45,2022-12-17 02:15:05.742559,-560.742559
ingv,EC1,sim3,template1,1230209,2022-12-17 02:07:03,0.2566804171567841,-0.4901172529646094,0.9451356337357922,0.9451356337357922,-0.4901172529646094,clean,,,2022-12-17 02:07:03,2022-12-17 02:15:05.742559,-482.742559
ingv,ECPN,sim4,template3,1229381,2022-12-17 02:07:30,0.31499541260359,-0.5458016408977618,0.9390958426777604,0.9390958426777604,-0.5458016408977618,clean,,,2022-12-17 02:07:30,2022-12-17 02:15:05.742559,-455.742559
ingv,ECPN,sim4,template4,1229404,2022-12-17 02:07:53,0.2241623723357123,-1.6541093876261344,0.8265983434936337,0.8265983434936337,-1.6541093876261344,clean,,,2022-12-17 02:07:53,2022-12-17 02:15:05.742559,-432.742559
ingv,EC1,sim2,template3,1230409,2022-12-17 02:24:23,0.2065179791942605,-0.3827784555334563,0.9568879315723398,0.9568879315723398,-0.3827784555334563,clean,,,2022-12-17 02:24:23,2022-12-17 02:15:05.742559,557.257441
ingv,EC1,sim1,template1,1231755,2022-12-17 03:06:49,0.2790089049099648,0.685823714466308,1.0821592741617625,1.0821592741617625,0.685823714466308,clean,,,2022-12-17 03:06:49,2022-12-17 03:14:20.884848,-451.884848
ingv,EC1,sim3,template1,1231801,2022-12-17 03:21:35,0.2331332359878978,0.7335559735711689,1.0881225201015,1.0881225201015,0.7335559735711689,clean,,,2022-12-17 03:21:35,2022-12-17 03:14:20.884848,434.115152
ingv,ECPN,sim1,template1,1231041,2022-12-17 03:23:10,0.253838009017622,-1.3731789452651326,0.8537703191742823,0.8537703191742823,-1.3731789452651326,clean,,,2022-12-17 03:23:10,2022-12-17 03:14:20.884848,529.115152
ingv,ECPN,sim4,template3,1234811,2022-12-17 05:11:00,0.2567651089099536,-1.5155716178122152,0.8398880828472505,0.8398880828472505,-1.5155716178122152,clean,,,2022-12-17 05:11:00,2022-12-17 05:03:04.658812,475.341188
ingv,EC1,sim1,template2,1246122,2022-12-17 09:19:13,0.3193677976613259,-1.5113881972330256,0.8402926990130439,0.8402926990130439,-1.5113881972330256,clean,,,2022-12-17 09:19:13,2022-12-17 09:29:07.235350,-594.23535
ingv,EC1,sim4,template2,1246134,2022-12-17 09:19:25,0.3019745842678528,-1.4168439392706658,0.849489085003454,0.849489085003454,-1.4168439392706658,clean,,,2022-12-17 09:19:25,2022-12-17 09:29:07.235350,-582.23535
ingv,ECPN,sim2,template2,1245473,2022-12-17 09:36:39,0.3315568570069274,0.8093366980489773,1.0976574639567256,1.0976574639567256,0.8093366980489773,clean,,,2022-12-17 09:36:39,2022-12-17 09:29:07.235350,451.76465
ingv,ECPN,sim2,template3,1245591,2022-12-17 09:38:37,0.2610504730093607,0.4791718628193556,1.0567167540591729,1.0567167540591729,0.4791718628193556,clean,,,2022-12-17 09:38:37,2022-12-17 09:29:07.235350,569.76465
ingv,EC1,sim2,template3,1246457,2022-12-17 09:38:48,0.29717249378805,-1.0307329500753708,0.888103031474677,0.888103031474677,-1.0307329500753708,clean,,,2022-12-17 09:38:48,2022-12-17 09:29:07.235350,580.76465
ingv,ECPN,sim3,template2,1248720,2022-12-17 11:59:25,0.2370870965790285,0.6598392873701621,1.0789267589597171,1.0789267589597171,0.6598392873701621,clean,,,2022-12-17 11:59:25,2022-12-17 12:08:58.197514,-573.197514
ingv,ECPN,sim2,template1,1248738,2022-12-17 11:59:43,0.2333869709212008,0.7001311647582192,1.0839432824176494,1.0839432824176494,0.7001311647582192,clean,,,2022-12-17 11:59:43,2022-12-17 12:08:58.197514,-555.197514
ingv,ECPN,sim3,template3,1248747,2022-12-17 11:59:52,0.234218384535643,0.7048094466493344,1.0845272592262358,1.0845272592262358,0.7048094466493344,clean,,,2022-12-17 11:59:52,2022-12-17 12:08:58.197514,-546.197514
ingv,EC1,sim2,template3,1249653,2022-12-17 12:00:43,0.330105146893297,-0.2187013295274707,0.9751354241558756,0.9751354241558756,-0.2187013295274707,clean,,,2022-12-17 12:00:43,2022-12-17 12:08:58.197514,-495.197514
ingv,EC1,sim2,template1,1249660,2022-12-17 12:00:50,0.2122518047837848,-0.2073822469376314,0.9764070075950472,0.9764070075950472,-0.2073822469376314,clean,,,2022-12-17 12:00:50,2022-12-17 12:08:58.197514,-488.197514
ingv,EC1,sim1,template3,1249691,2022-12-17 12:01:21,0.2815124248117652,-0.14587862374155,0.9833453508175306,0.9833453508175306,-0.14587862374155,clean,,,2022-12-17 12:01:21,2022-12-17 12:08:58.197514,-457.197514
ingv,EC1,sim4,template1,1249835,2022-12-17 12:17:45,0.2939191523139747,-0.3348062060637344,0.9621874537256188,0.9621874537256188,-0.3348062060637344,clean,,,2022-12-17 12:17:45,2022-12-17 12:08:58.197514,526.802486
ingv,EC1,sim2,template2,1253713,2022-12-17 14:20:05,0.2616498007910375,0.5239008265750066,1.0621724709664588,1.0621724709664588,0.5239008265750066,clean,,,2022-12-17 14:20:05,2022-12-17 14:28:51.854802,-526.854802
ingv,EC1,sim1,template3,1253745,2022-12-17 14:20:37,0.3473605810640394,0.439901085675243,1.0519498942206402,1.0519498942206402,0.439901085675243,clean,,,2022-12-17 14:20:37,2022-12-17 14:28:51.854802,-494.854802
ingv,ECPN,sim4,template3,1252914,2022-12-17 14:21:01,0.2648914186366046,0.4322065760562605,1.0510184232048367,1.0510184232048367,0.4322065760562605,clean,,,2022-12-17 14:21:01,2022-12-17 14:28:51.854802,-470.854802
ingv,EC1,sim2,template2,1261244,2022-12-17 19:12:15,0.242482498130796,-0.9056843756680242,0.9009813082778756,0.9009813082778756,-0.9056843756680242,clean,,,2022-12-17 19:12:15,2022-12-17 19:04:32.154961,462.845039
ingv,ECPN,sim4,template2,1260443,2022-12-17 19:13:09,0.2459372663551099,0.0367600633984006,1.0042411269307598,1.0042411269307598,0.0367600633984006,clean,,,2022-12-17 19:13:09,2022-12-17 19:04:32.154961,516.845039
ingv,EC1,sim1,template3,1261305,2022-12-17 19:13:16,0.2657304490889628,-0.9066191509306344,0.9008843499055972,0.9008843499055972,-0.9066191509306344,clean,,,2022-12-17 19:13:16,2022-12-17 19:04:32.154961,523.845039
ingv,ECPN,sim1,template3,1260463,2022-12-17 19:13:29,0.2155100935343865,-0.0167395857454754,0.9980746398583678,0.9980746398583678,-0.0167395857454754,clean,,,2022-12-17 19:13:29,2022-12-17 19:04:32.154961,536.845039
ingv,EC1,sim3,template3,1261877,2022-12-17 19:22:48,0.2056229162086634,-1.108116122891856,0.8802260026462706,0.8802260026462706,-1.108116122891856,clean,,,2022-12-17 19:22:48,2022-12-17 19:30:55.921913,-487.921913
ingv,EC1,sim3,template1,1261921,2022-12-17 19:23:32,0.2023180367145784,-0.9557595591211904,0.895801988268814,0.895801988268814,-0.9557595591211904,clean,,,2022-12-17 19:23:32,2022-12-17 19:30:55.921913,-443.921913
ingv,ECPN,sim4,template2,1262320,2022-12-17 21:08:45,0.2738799524756781,-1.2684190186862954,0.8641299328818803,0.8641299328818803,-1.2684190186862954,clean,,,2022-12-17 21:08:45,2022-12-17 20:59:56.775613,528.224387
ingv,ECPN,sim1,template2,1262322,2022-12-17 21:08:47,0.2273072571029528,-1.278441441936914,0.8631334107583063,0.8631334107583063,-1.278441441936914,clean,,,2022-12-17 21:08:47,2022-12-17 20:59:56.775613,530.224387
ingv,EC1,sim1,template2,1263199,2022-12-17 21:09:09,0.2466030662927799,1.021678884256741,1.124822368401889,1.124822368401889,1.021678884256741,clean,,,2022-12-17 21:09:09,2022-12-17 20:59:56.775613,552.224387
ingv,ECPN,sim3,template2,1262386,2022-12-17 21:09:51,0.250838375979326,-1.5033527602909933,0.841070425127472,0.841070425127472,-1.5033527602909933,clean,,,2022-12-17 21:09:51,2022-12-17 20:59:56.775613,594.224387
ingv,EC1,sim3,template4,1266994,2022-12-17 23:09:07,0.2110124665031121,-0.6354990882646623,0.929447889469152,0.929447889469152,-0.6354990882646623,clean,,,2022-12-17 23:09:07,2022-12-17 23:17:09.896556,-482.896556
ingv,ECPN,sim2,template4,1266215,2022-12-17 23:24:23,0.2275273259882531,-3.1101647746743213,0.6990234758914264,0.6990234758914264,-3.1101647746743213,clean,,,2022-12-17 23:24:23,2022-12-17 23:17:09.896556,433.103444
ingv,EC1,sim3,template2,1267121,2022-12-17 23:25:14,0.2314035048139704,-1.0986530034888866,0.8811855155205987,0.8811855155205987,-1.0986530034888866,clean,,,2022-12-17 23:25:14,2022-12-17 23:17:09.896556,484.103444
ingv,ECPN,sim1,template2,1266279,2022-12-17 23:25:27,0.3596860343384256,-1.96670539141894,0.7973788836964815,0.7973788836964815,-1.96670539141894,clean,,,2022-12-17 23:25:27,2022-12-17 23:17:09.896556,497.103444
ingv,ECPN,sim2,template3,1266299,2022-12-17 23:25:47,0.2683784583892845,-1.9836331245585197,0.7958264033793288,0.7958264033793288,-1.9836331245585197,clean,,,2022-12-17 23:25:47,2022-12-17 23:17:09.896556,517.103444
ingv,ECPN,sim1,template3,1266349,2022-12-17 23:26:37,0.3591690388906123,-1.9894082282631829,0.79529744749282,0.79529744749282,-1.9894082282631829,clean,,,2022-12-17 23:26:37,2022-12-17 23:17:09.896556,567.103444
ingv,EC1,sim1,template3,1267211,2022-12-17 23:26:44,0.29896811249089,-0.9678035792940552,0.8945607129398814,0.8945607129398814,-0.9678035792940552,clean,,,2022-12-17 23:26:44,2022-12-17 23:17:09.896556,574.103444
ingv,ECPN,sim3,template1,1266366,2022-12-17 23:26:54,0.2924764670212523,-1.954520394903496,0.7984982713006259,0.7984982713006259,-1.954520394903496,clean,,,2022-12-17 23:26:54,2022-12-17 23:17:09.896556,584.103444
ingv,ECPN,sim3,template2,1271328,2022-12-18 01:32:22,0.2006738472379854,-1.0526743868268291,0.8858624244801763,0.8858624244801763,-1.0526743868268291,clean,,,2022-12-18 01:32:22,2022-12-18 01:24:45.525042,456.474958
ingv,EC1,sim2,template1,1272257,2022-12-18 01:33:36,0.3914225884564464,0.3258039223934832,1.0382219252880711,1.0382219252880711,0.3258039223934832,clean,,,2022-12-18 01:33:36,2022-12-18 01:24:45.525042,530.474958
ingv,ECPN,sim3,template1,1271410,2022-12-18 01:33:44,0.3093349490680558,-1.1301587830608777,0.8779950366953121,0.8779950366953121,-1.1301587830608777,clean,,,2022-12-18 01:33:44,2022-12-18 01:24:45.525042,538.474958
ingv,EC1,sim3,template1,1272268,2022-12-18 01:33:47,0.3424583588841434,0.3385093714774081,1.0397417152938282,1.0397417152938282,0.3385093714774081,clean,,,2022-12-18 01:33:47,2022-12-18 01:24:45.525042,541.474958
ingv,ECPN,sim2,template1,1274230,2022-12-18 03:00:44,0.3644048844196089,-3.936377555604849,0.6355959514461755,0.6355959514461755,-3.936377555604849,clean,,,2022-12-18 03:00:44,2022-12-18 03:09:47.988446,-543.988446
ingv,EC1,sim4,template1,1275240,2022-12-18 03:17:19,0.3309942002098459,-1.34799482098258,0.856249358150376,0.856249358150376,-1.34799482098258,clean,,,2022-12-18 03:17:19,2022-12-18 03:09:47.988446,451.011554
ingv,ECPN,sim3,template1,1274525,2022-12-18 03:19:39,0.3568525866798418,-4.094382404884978,0.6241383661770034,0.6241383661770034,-4.094382404884978,clean,,,2022-12-18 03:19:39,2022-12-18 03:09:47.988446,591.011554
ingv,ECPN,sim3,template2,1276098,2022-12-18 04:28:12,0.2798456076360179,-2.779215168079696,0.726171569238136,0.726171569238136,-2.779215168079696,clean,,,2022-12-18 04:28:12,2022-12-18 04:37:33.726378,-561.726378
ingv,ECPN,sim2,template2,1276181,2022-12-18 04:29:35,0.2522241721804694,-2.826280916555344,0.7222473452176246,0.7222473452176246,-2.826280916555344,clean,,,2022-12-18 04:29:35,2022-12-18 04:37:33.726378,-478.726378
ingv,EC1,sim1,template1,1277179,2022-12-18 04:45:58,0.3201252426162732,-0.5309599654749795,0.940701857818735,0.940701857818735,-0.5309599654749795,clean,,,2022-12-18 04:45:58,2022-12-18 04:37:33.726378,504.273622
ingv,ECPN,sim4,template2,1276404,2022-12-18 04:47:18,0.2689483068846611,-2.471995395028728,0.7523158820397527,0.7523158820397527,-2.471995395028728,clean,,,2022-12-18 04:47:18,2022-12-18 04:37:33.726378,584.273622
ingv,EC1,sim1,template2,1277266,2022-12-18 04:47:25,0.2500313654351395,-0.669786870764749,0.9257861012352638,0.9257861012352638,-0.669786870764749,clean,,,2022-12-18 04:47:25,2022-12-18 04:37:33.726378,591.273622
ingv,ECPN,sim1,template3,1277722,2022-12-18 05:29:16,0.2531240762938793,-1.8753318901398648,0.8058113969066671,0.8058113969066671,-1.8753318901398648,clean,,,2022-12-18 05:29:16,2022-12-18 05:37:48.249431,-512.249431
ingv,ECPN,sim3,template1,1277827,2022-12-18 05:45:01,0.3643195623537828,-1.7035534388090554,0.8219063353624845,0.8219063353624845,-1.7035534388090554,clean,,,2022-12-18 05:45:01,2022-12-18 05:37:48.249431,432.750569
ingv,EC1,sim3,template3,1278729,2022-12-18 05:45:48,0.2050267469509829,1.276884150515953,1.158361747800372,1.158361747800372,1.276884150515953,clean,,,2022-12-18 05:45:48,2022-12-18 05:37:48.249431,479.750569
ingv,EC1,sim1,template4,1278754,2022-12-18 05:46:13,0.2175158319972409,0.5998258948149535,1.0714978272768017,1.0714978272768017,0.5998258948149535,clean,,,2022-12-18 05:46:13,2022-12-18 05:37:48.249431,504.750569
ingv,ECPN,sim2,template1,1278038,2022-12-18 05:48:32,0.2479746982085663,-1.4881318441640976,0.8425455861419159,0.8425455861419159,-1.4881318441640976,clean,,,2022-12-18 05:48:32,2022-12-18 05:57:25.714360,-533.71436
ingv,EC1,sim1,template3,1278911,2022-12-18 05:48:50,0.2640103712559886,1.1907539114168322,1.1469320676625414,1.1469320676625414,1.1907539114168322,clean,,,2022-12-18 05:48:50,2022-12-18 05:57:25.714360,-515.71436
ingv,EC1,sim3,template3,1284124,2022-12-18 09:55:24,0.2132115083749665,-1.241200968431443,0.8668420121737614,0.8668420121737614,-1.241200968431443,clean,,,2022-12-18 09:55:24,2022-12-18 10:02:54.909444,-450.909444
ingv,ECPN,sim3,template2,1283289,2022-12-18 09:55:44,0.3739156757867589,0.8465520908375519,1.1023705552484673,1.1023705552484673,0.8465520908375519,clean,,,2022-12-18 09:55:44,2022-12-18 10:02:54.909444,-430.909444
ingv,EC1,sim2,template1,1284155,2022-12-18 10:09:55,0.2448678878299657,-1.2833147821168291,0.862649273483557,0.862649273483557,-1.2833147821168291,clean,,,2022-12-18 10:09:55,2022-12-18 10:02:54.909444,420.090556
ingv,ECPN,sim3,template3,1283307,2022-12-18 10:10:02,0.3923226016309791,0.8909701304747666,1.1080223139171563,1.1080223139171563,0.8909701304747666,clean,,,2022-12-18 10:10:02,2022-12-18 10:02:54.909444,427.090556
ingv,EC1,sim1,template3,1285858,2022-12-18 10:38:18,0.2035490365350471,-0.3260335002513053,0.9631597492455048,0.9631597492455048,-0.3260335002513053,clean,,,2022-12-18 10:38:18,2022-12-18 10:46:32.417830,-494.41783
ingv,EC1,sim2,template1,1285886,2022-12-18 10:38:46,0.2628087236602862,-0.3087436575342607,0.9650788924315424,0.9650788924315424,-0.3087436575342607,clean,,,2022-12-18 10:38:46,2022-12-18 10:46:32.417830,-466.41783
ingv,ECPN,sim3,template3,1285043,2022-12-18 10:38:58,0.4810460133312484,6.722610217196124,2.1683556245865554,2.1683556245865554,6.722610217196124,clean,,,2022-12-18 10:38:58,2022-12-18 10:46:32.417830,-454.41783
ingv,EC1,sim3,template2,1291304,2022-12-18 14:19:30,0.3166946575041396,0.7677305993660388,1.0924121705610503,1.0924121705610503,0.7677305993660388,clean,,,2022-12-18 14:19:30,2022-12-18 14:29:28.093687,-598.093687
ingv,ECPN,sim2,template1,1290593,2022-12-18 14:21:54,0.2744977159471835,-4.435541884786077,0.6000990037290372,0.6000990037290372,-4.435541884786077,clean,,,2022-12-18 14:21:54,2022-12-18 14:29:28.093687,-454.093687
ingv,ECPN,sim1,template1,1292035,2022-12-18 16:37:11,0.3562393202659371,-3.504901633077666,0.6679668632181534,0.6679668632181534,-3.504901633077666,clean,,,2022-12-18 16:37:11,2022-12-18 16:29:08.702088,482.297912
ingv,ECPN,sim4,template2,1292924,2022-12-18 16:52:00,0.3759740675812071,-2.4726814297892146,0.7522564644687355,0.7522564644687355,-2.4726814297892146,clean,,,2022-12-18 16:52:00,2022-12-18 17:00:05.077466,-485.077466
ingv,EC1,sim1,template3,1293779,2022-12-18 16:52:00,0.3611491517490678,-0.2251910982217442,0.9744071119128382,0.9744071119128382,-0.2251910982217442,clean,,,2022-12-18 16:52:00,2022-12-18 17:00:05.077466,-485.077466
ingv,ECPN,sim1,template2,1292959,2022-12-18 16:52:35,0.2456791428606161,-2.316451791764891,0.7659094189802588,0.7659094189802588,-2.316451791764891,clean,,,2022-12-18 16:52:35,2022-12-18 17:00:05.077466,-450.077466
ingv,EC1,sim4,template2,1293815,2022-12-18 16:52:36,0.3311901736598579,-0.1343398270740877,0.9846525470399096,0.9846525470399096,-0.1343398270740877,clean,,,2022-12-18 16:52:36,2022-12-18 17:00:05.077466,-449.077466
ingv,ECPN,sim2,template1,1293069,2022-12-18 17:08:25,0.3042682308189947,-2.42022426789832,0.7568133540023111,0.7568133540023111,-2.42022426789832,clean,,,2022-12-18 17:08:25,2022-12-18 17:00:05.077466,499.922534
ingv,ECPN,sim1,template1,1293093,2022-12-18 17:08:49,0.3474455290497328,-2.468463541511007,0.7526218506724132,0.7526218506724132,-2.468463541511007,clean,,,2022-12-18 17:08:49,2022-12-18 17:00:05.077466,523.922534
ingv,EC1,sim1,template2,1294171,2022-12-18 17:12:32,0.3198857070580919,0.3514415821686822,1.041290914545397,1.041290914545397,0.3514415821686822,clean,,,2022-12-18 17:12:32,2022-12-18 17:22:31.920556,-599.920556
ingv,EC1,sim3,template2,1294204,2022-12-18 17:13:05,0.2801324674558939,0.3947642053270044,1.0464975363511886,1.0464975363511886,0.3947642053270044,clean,,,2022-12-18 17:13:05,2022-12-18 17:22:31.920556,-566.920556
ingv,EC1,sim4,template3,1294245,2022-12-18 17:13:46,0.2703293889071327,0.4118600019238466,1.0485593086975846,1.0485593086975846,0.4118600019238466,clean,,,2022-12-18 17:13:46,2022-12-18 17:22:31.920556,-525.920556
ingv,EC1,sim2,template1,1294299,2022-12-18 17:14:40,0.4059114409647442,0.4136164146776745,1.048771364024299,1.048771364024299,0.4136164146776745,clean,,,2022-12-18 17:14:40,2022-12-18 17:22:31.920556,-471.920556
ingv,ECPN,sim3,template1,1293596,2022-12-18 17:31:12,0.2984333074497383,-1.7329435480044555,0.8191299824172704,0.8191299824172704,-1.7329435480044555,clean,,,2022-12-18 17:31:12,2022-12-18 17:22:31.920556,520.079444
ingv,EC1,sim2,template2,1295140,2022-12-18 17:42:41,0.2086421794105915,-0.5621706906273293,0.9373277300856364,0.9373277300856364,-0.5621706906273293,clean,,,2022-12-18 17:42:41,2022-12-18 17:51:34.407976,-533.407976
ingv,EC1,sim1,template1,1295196,2022-12-18 17:43:37,0.2676238639011771,-0.4365165135681529,0.9509861113049964,0.9509861113049964,-0.4365165135681529,clean,,,2022-12-18 17:43:37,2022-12-18 17:51:34.407976,-477.407976
ingv,EC1,sim4,template1,1298037,2022-12-18 19:59:02,0.3280803550323118,-2.5214201841441177,0.7480471812501799,0.7480471812501799,-2.5214201841441177,clean,,,2022-12-18 19:59:02,2022-12-18 19:51:46.795232,435.204768
ingv,EC1,sim3,template1,1298128,2022-12-18 20:00:33,0.3411859439392098,-2.606149358089243,0.7407856008751688,0.7407856008751688,-2.606149358089243,clean,,,2022-12-18 20:00:33,2022-12-18 19:51:46.795232,526.204768
ingv,EC1,sim3,template3,1298194,2022-12-18 20:01:39,0.2055157914110901,-2.570778341621245,0.7438084073310169,0.7438084073310169,-2.570778341621245,clean,,,2022-12-18 20:01:39,2022-12-18 19:51:46.795232,592.204768
ingv,EC1,sim3,template1,1302809,2022-12-18 21:49:15,0.3231542782946544,0.5263364423965783,1.0624703571858998,1.0624703571858998,0.5263364423965783,clean,,,2022-12-18 21:49:15,2022-12-18 21:39:20.350286,594.649714
ingv,ECPN,sim3,template1,1303014,2022-12-18 22:06:55,0.3477018547936688,-1.762533926258803,0.8163441853106623,0.8163441853106623,-1.762533926258803,clean,,,2022-12-18 22:06:55,2022-12-18 22:14:49.441959,-474.441959
ingv,ECPN,sim2,template3,1303061,2022-12-18 22:07:42,0.4130254490324386,-1.9209259944376944,0.8015926018069691,0.8015926018069691,-1.9209259944376944,clean,,,2022-12-18 22:07:42,2022-12-18 22:14:49.441959,-427.441959
ingv,EC1,sim2,template2,1306874,2022-12-18 23:11:00,0.2629046474670602,1.1418594522199923,1.1404939153420937,1.1404939153420937,1.1418594522199923,clean,,,2022-12-18 23:11:00,2022-12-18 23:20:36.942300,-576.9423
ingv,ECPN,sim4,template2,1306211,2022-12-18 23:28:12,0.2670136772581581,-1.6996298965543848,0.8222776862339729,0.8222776862339729,-1.6996298965543848,clean,,,2022-12-18 23:28:12,2022-12-18 23:20:36.942300,455.0577
ingv,ECPN,sim1,template2,1306221,2022-12-18 23:28:22,0.3210606299214825,-1.6704767311091573,0.8250422012196024,0.8250422012196024,-1.6704767311091573,clean,,,2022-12-18 23:28:22,2022-12-18 23:20:36.942300,465.0577
ingv,ECPN,sim3,template3,1306247,2022-12-18 23:28:48,0.2323745600473162,-1.4974315265111249,0.8416439843961744,0.8416439843961744,-1.4974315265111249,clean,,,2022-12-18 23:28:48,2022-12-18 23:20:36.942300,491.0577
ingv,EC1,sim4,template2,1307141,2022-12-18 23:29:27,0.266789516690685,0.9484441520519132,1.1153783428557449,1.1153783428557449,0.9484441520519132,clean,,,2022-12-18 23:29:27,2022-12-18 23:20:36.942300,530.0577
ingv,EC1,sim3,template3,1307186,2022-12-18 23:30:12,0.2710624452142683,0.9467380130478582,1.1151592744945686,1.1151592744945686,0.9467380130478582,clean,,,2022-12-18 23:30:12,2022-12-18 23:20:36.942300,575.0577
ingv,EC1,sim3,template2,1311117,2022-12-19 01:46:45,0.3399142530467228,0.579853213995158,1.0690368130284875,1.0690368130284875,0.579853213995158,clean,,,2022-12-19 01:46:45,2022-12-19 01:56:17.300374,-572.300374
ingv,ECPN,sim2,template3,1310297,2022-12-19 01:47:20,0.2745515473780725,2.417947134776587,1.3209833896774104,1.3209833896774104,2.417947134776587,clean,,,2022-12-19 01:47:20,2022-12-19 01:56:17.300374,-537.300374
ingv,ECPN,sim3,template1,1310363,2022-12-19 01:48:26,0.3069078276386316,2.884432203148552,1.3938678791745598,1.3938678791745598,2.884432203148552,clean,,,2022-12-19 01:48:26,2022-12-19 01:56:17.300374,-471.300374
ingv,EC1,sim3,template1,1311247,2022-12-19 01:48:55,0.3822346881747528,1.1038661100536746,1.1355161241237195,1.1355161241237195,1.1038661100536746,clean,,,2022-12-19 01:48:55,2022-12-19 01:56:17.300374,-442.300374
ingv,EC1,sim3,template3,1312186,2022-12-19 02:38:34,0.2354908028383397,0.9330373436159374,1.1134016669431674,1.1134016669431674,0.9330373436159374,clean,,,2022-12-19 02:38:34,2022-12-19 02:48:25.351389,-591.351389
ingv,EC1,sim4,template3,1312289,2022-12-19 02:40:17,0.3359031128737227,0.925999524367862,1.1124998887368698,1.1124998887368698,0.925999524367862,clean,,,2022-12-19 02:40:17,2022-12-19 02:48:25.351389,-488.351389
ingv,ECPN,sim1,template3,1311519,2022-12-19 02:55:42,0.3269148013002039,3.925687033140617,1.57139132645205,1.57139132645205,3.925687033140617,clean,,,2022-12-19 02:55:42,2022-12-19 02:48:25.351389,436.648611
ingv,ECPN,sim4,template2,1311530,2022-12-19 02:55:53,0.3027744479412749,3.909828641458417,1.568524952916902,1.568524952916902,3.909828641458417,clean,,,2022-12-19 02:55:53,2022-12-19 02:48:25.351389,447.648611
ingv,ECPN,sim3,template2,1311612,2022-12-19 02:57:15,0.3024505352349487,3.954915359045117,1.5766880206387506,1.5766880206387506,3.954915359045117,clean,,,2022-12-19 02:57:15,2022-12-19 02:48:25.351389,529.648611
ingv,ECPN,sim3,template1,1311620,2022-12-19 02:57:23,0.379010265311177,3.965678522016628,1.578642992379797,1.578642992379797,3.965678522016628,clean,,,2022-12-19 02:57:23,2022-12-19 02:48:25.351389,537.648611
ingv,ECPN,sim4,template2,1313853,2022-12-19 03:34:36,0.477295824072907,1.345656612550411,1.167569739492241,1.167569739492241,1.345656612550411,clean,,,2022-12-19 03:34:36,2022-12-19 03:44:35.530973,-599.530973
ingv,EC1,sim3,template1,1314743,2022-12-19 03:35:11,0.2219536318217361,-0.6569858870580312,0.9271515007941068,0.9271515007941068,-0.6569858870580312,clean,,,2022-12-19 03:35:11,2022-12-19 03:44:35.530973,-564.530973
ingv,EC1,sim1,template1,1314783,2022-12-19 03:35:51,0.302211144285563,-0.6819675973592019,0.924488727617798,0.924488727617798,-0.6819675973592019,clean,,,2022-12-19 03:35:51,2022-12-19 03:44:35.530973,-524.530973
ingv,ECPN,sim3,template2,1313930,2022-12-19 03:35:53,0.4961372698293731,1.368085449637038,1.1705885518675565,1.1705885518675565,1.368085449637038,clean,,,2022-12-19 03:35:53,2022-12-19 03:44:35.530973,-522.530973
ingv,ECPN,sim2,template1,1313980,2022-12-19 03:36:43,0.3308499625615874,1.2975225636295604,1.1611173864311437,1.1611173864311437,1.2975225636295604,clean,,,2022-12-19 03:36:43,2022-12-19 03:44:35.530973,-472.530973
ingv,ECPN,sim3,template1,1313983,2022-12-19 03:36:46,0.2442188787439153,1.2922291872771952,1.160409990974106,1.160409990974106,1.2922291872771952,clean,,,2022-12-19 03:36:46,2022-12-19 03:44:35.530973,-469.530973
ingv,EC1,sim2,template2,1314861,2022-12-19 03:37:09,0.2025193048482358,-0.8654419975989773,0.905165307151913,0.905165307151913,-0.8654419975989773,clean,,,2022-12-19 03:37:09,2022-12-19 03:44:35.530973,-446.530973
ingv,EC1,sim1,template3,1314898,2022-12-19 03:51:46,0.2699595059591576,-0.8778148267113697,0.9038768400810264,0.9038768400810264,-0.8778148267113697,clean,,,2022-12-19 03:51:46,2022-12-19 03:44:35.530973,430.469027
ingv,ECPN,sim4,template3,1314135,2022-12-19 03:53:18,0.2535739739237226,1.312417923267006,1.1631102852594344,1.1631102852594344,1.312417923267006,clean,,,2022-12-19 03:53:18,2022-12-19 03:44:35.530973,522.469027
ingv,ECPN,sim3,template2,1322256,2022-12-19 07:25:45,0.2391134500904869,-1.0217033318811148,0.8890267596544621,0.8890267596544621,-1.0217033318811148,clean,,,2022-12-19 07:25:45,2022-12-19 07:35:44.677052,-599.677052
ingv,EC1,sim1,template3,1323276,2022-12-19 07:28:30,0.2608308114434318,-1.2303825085453175,0.8679223549523056,0.8679223549523056,-1.2303825085453175,clean,,,2022-12-19 07:28:30,2022-12-19 07:35:44.677052,-434.677052
ingv,ECPN,sim2,template3,1326406,2022-12-19 09:50:41,0.2708653036056788,0.931957648757329,1.1132632747469464,1.1132632747469464,0.931957648757329,clean,,,2022-12-19 09:50:41,2022-12-19 09:59:28.312661,-527.312661
ingv,EC1,sim1,template1,1327297,2022-12-19 09:51:17,0.361070731698376,-0.1887910020700162,0.9784991436104375,0.9784991436104375,-0.1887910020700162,clean,,,2022-12-19 09:51:17,2022-12-19 09:59:28.312661,-491.312661
ingv,EC1,sim2,template3,1327305,2022-12-19 09:51:25,0.253522347313863,-0.1917951229918917,0.9781607762589852,0.9781607762589852,-0.1917951229918917,clean,,,2022-12-19 09:51:25,2022-12-19 09:59:28.312661,-483.312661
ingv,ECPN,sim4,template1,1326539,2022-12-19 10:06:54,0.2795215038811787,0.6725651364774263,1.0805086720210662,1.0805086720210662,0.6725651364774263,clean,,,2022-12-19 10:06:54,2022-12-19 09:59:28.312661,445.687339
ingv,EC1,sim1,template2,1331739,2022-12-19 11:19:19,0.3158798529642359,3.250618484613966,1.453887906988292,1.453887906988292,3.250618484613966,clean,,,2022-12-19 11:19:19,2022-12-19 11:28:30.223530,-551.22353
ingv,ECPN,sim4,template1,1331000,2022-12-19 11:53:39,0.3606155215288104,0.2149119620692229,1.0250512937368073,1.0250512937368073,0.2149119620692229,clean,,,2022-12-19 11:53:39,2022-12-19 11:46:37.976364,421.023636
ingv,EC1,sim4,template3,1334056,2022-12-19 13:14:25,0.4314990551515346,-0.297450093007601,0.9663345231079608,0.9663345231079608,-0.297450093007601,clean,,,2022-12-19 13:14:25,2022-12-19 13:07:22.214280,422.78572
ingv,ECPN,sim4,template3,1333223,2022-12-19 13:14:47,0.4882908909118821,-0.2592164016167094,0.9705975258466076,0.9705975258466076,-0.2592164016167094,clean,,,2022-12-19 13:14:47,2022-12-19 13:07:22.214280,444.78572
ingv,ECPN,sim3,template3,1333304,2022-12-19 13:16:08,0.2738114762944415,-0.184723796060984,0.9789574374269084,0.9789574374269084,-0.184723796060984,clean,,,2022-12-19 13:16:08,2022-12-19 13:07:22.214280,525.78572
ingv,EC1,sim1,template1,1334166,2022-12-19 13:16:15,0.2551794928540317,-0.3407256551187579,0.9615319446753796,0.9615319446753796,-0.3407256551187579,clean,,,2022-12-19 13:16:15,2022-12-19 13:07:22.214280,532.78572
ingv,EC1,sim2,template3,1342329,2022-12-19 16:14:23,0.2505045492816654,-1.1064668818733132,0.880393152209556,0.880393152209556,-1.1064668818733132,clean,,,2022-12-19 16:14:23,2022-12-19 16:07:17.791014,425.208986
ingv,ECPN,sim4,template1,1341533,2022-12-19 16:15:22,0.3283616829363464,0.1568651365857782,1.0182238299970063,1.0182238299970063,0.1568651365857782,clean,,,2022-12-19 16:15:22,2022-12-19 16:07:17.791014,484.208986
ingv,ECPN,sim1,template2,1341560,2022-12-19 16:15:49,0.3276584035849283,0.1497822872846846,1.0173938647793606,1.0173938647793606,0.1497822872846846,clean,,,2022-12-19 16:15:49,2022-12-19 16:07:17.791014,511.208986
ingv,EC1,sim3,template3,1342439,2022-12-19 16:16:13,0.2342672505904893,-0.8224073461611392,0.9096611196817348,0.9096611196817348,-0.8224073461611392,clean,,,2022-12-19 16:16:13,2022-12-19 16:07:17.791014,535.208986
ingv,ECPN,sim4,template2,1341594,2022-12-19 16:16:23,0.3585310322555615,0.2287362991017661,1.0266840496249563,1.0266840496249563,0.2287362991017661,clean,,,2022-12-19 16:16:23,2022-12-19 16:07:17.791014,545.208986
ingv,EC1,sim2,template2,1346507,2022-12-19 18:10:08,0.2860426305089423,0.7779786769737806,1.093701817571569,1.093701817571569,0.7779786769737806,clean,,,2022-12-19 18:10:08,2022-12-19 18:02:19.620646,468.379354
ingv,EC1,sim1,template3,1346555,2022-12-19 18:10:56,0.3115618982144876,0.8163066522980024,1.0985386278960891,1.0985386278960891,0.8163066522980024,clean,,,2022-12-19 18:10:56,2022-12-19 18:02:19.620646,516.379354
ingv,ECPN,sim1,template2,1350607,2022-12-19 20:12:43,0.3158855222892365,-2.485680698877571,0.7511314823637516,0.7511314823637516,-2.485680698877571,clean,,,2022-12-19 20:12:43,2022-12-19 20:19:44.361626,-421.361626
ingv,EC1,sim4,template1,1351464,2022-12-19 20:51:41,0.2847006266371952,-0.041708948626028,0.9952095906191136,0.9952095906191136,-0.041708948626028,clean,,,2022-12-19 20:51:41,2022-12-19 20:44:40.586274,420.413726
ingv,ECPN,sim1,template3,1350691,2022-12-19 20:53:03,0.4380967862191616,-2.4954695193241214,0.7502854493253072,0.7502854493253072,-2.4954695193241214,clean,,,2022-12-19 20:53:03,2022-12-19 20:44:40.586274,502.413726
ingv,EC1,sim1,template3,1351621,2022-12-19 20:54:18,0.3102175096204249,0.2431465698073645,1.0283887770733746,1.0283887770733746,0.2431465698073645,clean,,,2022-12-19 20:54:18,2022-12-19 20:44:40.586274,577.413726
ingv,ECPN,sim4,template2,1352991,2022-12-19 21:45:23,0.2143406177810146,-1.3506105501919197,0.8559915400866126,0.8559915400866126,-1.3506105501919197,clean,,,2022-12-19 21:45:23,2022-12-19 21:38:11.243347,431.756653
ingv,ECPN,sim3,template1,1353026,2022-12-19 21:45:58,0.3481071564269611,-1.3221354485089631,0.858802356760603,0.858802356760603,-1.3221354485089631,clean,,,2022-12-19 21:45:58,2022-12-19 21:38:11.243347,466.756653
ingv,ECPN,sim4,template3,1355633,2022-12-19 23:09:25,0.407646337384576,-0.184651119118949,0.978965628635127,0.978965628635127,-0.184651119118949,clean,,,2022-12-19 23:09:25,2022-12-19 23:17:41.205321,-496.205321
ingv,ECPN,sim2,template1,1355643,2022-12-19 23:09:35,0.2004656592267898,-0.1551082399912379,0.9823010041479406,0.9823010041479406,-0.1551082399912379,clean,,,2022-12-19 23:09:35,2022-12-19 23:17:41.205321,-486.205321
ingv,ECPN,sim4,template2,1355676,2022-12-19 23:10:08,0.367814127623306,-0.0370290958156377,0.9957459420469904,0.9957459420469904,-0.0370290958156377,clean,,,2022-12-19 23:10:08,2022-12-19 23:17:41.205321,-453.205321
ingv,EC1,sim4,template1,1356743,2022-12-19 23:27:40,0.2464532479742203,-0.7231489193531144,0.920115939129691,0.920115939129691,-0.7231489193531144,clean,,,2022-12-19 23:27:40,2022-12-19 23:17:41.205321,598.794679
ingv,ECPN,sim1,template3,1364562,2022-12-20 03:00:12,0.2446909680374007,1.941586290303015,1.2504873839006063,1.2504873839006063,1.941586290303015,clean,,,2022-12-20 03:00:12,2022-12-20 03:09:32.386612,-560.386612
ingv,ECPN,sim1,template2,1364625,2022-12-20 03:01:15,0.2240007534701124,2.023807156972097,1.2623807339378383,1.2623807339378383,2.023807156972097,clean,,,2022-12-20 03:01:15,2022-12-20 03:09:32.386612,-497.386612
ingv,ECPN,sim3,template2,1364669,2022-12-20 03:01:59,0.3191701109926076,2.0495308316015355,1.266124875918547,1.266124875918547,2.0495308316015355,clean,,,2022-12-20 03:01:59,2022-12-20 03:09:32.386612,-453.386612
ingv,EC1,sim1,template2,1365533,2022-12-20 03:02:08,0.2571053846627209,0.5204072647097262,1.061745339234658,1.061745339234658,0.5204072647097262,clean,,,2022-12-20 03:02:08,2022-12-20 03:09:32.386612,-444.386612
ingv,ECPN,sim3,template3,1364697,2022-12-20 03:02:27,0.2607920195277626,2.0650701337665325,1.2683920365250756,1.2683920365250756,2.0650701337665325,clean,,,2022-12-20 03:02:27,2022-12-20 03:09:32.386612,-425.386612
ingv,EC1,sim1,template1,1375954,2022-12-20 07:16:38,0.3680565076212178,1.1774901280082315,1.1451819821984055,1.1451819821984055,1.1774901280082315,clean,,,2022-12-20 07:16:38,2022-12-20 07:26:27.411048,-589.411048
ingv,EC1,sim1,template4,1375961,2022-12-20 07:16:45,0.2803483494379645,0.7852577102679232,1.0946187563105505,1.0946187563105505,0.7852577102679232,clean,,,2022-12-20 07:16:45,2022-12-20 07:26:27.411048,-582.411048
ingv,ECPN,sim4,template1,1375436,2022-12-20 07:36:15,0.3157379851485548,-0.7448202414791426,0.9178231084499572,0.9178231084499572,-0.7448202414791426,clean,,,2022-12-20 07:36:15,2022-12-20 07:26:27.411048,587.588952
ingv,EC1,sim4,template1,1376303,2022-12-20 07:36:27,0.44868798221651,0.3169087103709105,1.0371592273644104,1.0371592273644104,0.3169087103709105,clean,,,2022-12-20 07:36:27,2022-12-20 07:26:27.411048,599.588952
ingv,EC1,sim4,template3,1376833,2022-12-20 07:45:17,0.2781020546686963,0.6469345390551423,1.0773249725026364,1.0773249725026364,0.6469345390551423,clean,,,2022-12-20 07:45:17,2022-12-20 07:54:10.234730,-533.23473
ingv,EC1,sim2,template3,1376882,2022-12-20 07:46:06,0.3299808738672974,0.6097386356121104,1.0727213684267598,1.0727213684267598,0.6097386356121104,clean,,,2022-12-20 07:46:06,2022-12-20 07:54:10.234730,-484.23473
ingv,ECPN,sim4,template2,1376029,2022-12-20 07:46:08,0.3005689854802927,-0.2729245382156641,0.969066929620962,0.969066929620962,-0.2729245382156641,clean,,,2022-12-20 07:46:08,2022-12-20 07:54:10.234730,-482.23473
ingv,ECPN,sim4,template4,1376441,2022-12-20 08:13:00,0.2170597476440329,0.832309018840873,1.100564375622599,1.100564375622599,0.832309018840873,clean,,,2022-12-20 08:13:00,2022-12-20 08:20:58.137639,-478.137639
ingv,EC1,sim4,template1,1377374,2022-12-20 08:28:18,0.2431647656000577,0.7857591382673219,1.0946819494155973,1.0946819494155973,0.7857591382673219,clean,,,2022-12-20 08:28:18,2022-12-20 08:20:58.137639,439.862361
ingv,EC1,sim1,template3,1377457,2022-12-20 08:29:41,0.3101109984279007,0.6731822190498225,1.0805854386833214,1.0805854386833214,0.6731822190498225,clean,,,2022-12-20 08:29:41,2022-12-20 08:20:58.137639,522.862361
ingv,ECPN,sim2,template2,1383828,2022-12-20 12:20:52,0.4192539755191197,1.8452173072975704,1.2366900464477704,1.2366900464477704,1.8452173072975704,clean,,,2022-12-20 12:20:52,2022-12-20 12:11:44.418366,547.581634
ingv,ECPN,sim1,template1,1385105,2022-12-20 13:56:01,0.4568122864906538,-0.8656398247951136,0.90514469161533,0.90514469161533,-0.8656398247951136,clean,,,2022-12-20 13:56:01,2022-12-20 14:03:55.831838,-474.831838
ingv,EC1,sim3,template1,1386014,2022-12-20 13:56:55,0.2004909263385008,-0.4227507386372414,0.9524944703147956,0.9524944703147956,-0.4227507386372414,clean,,,2022-12-20 13:56:55,2022-12-20 14:03:55.831838,-420.831838
ingv,ECPN,sim2,template4,1385241,2022-12-20 14:12:17,0.2360529721012061,1.8010623142909652,1.2304192461322203,1.2304192461322203,1.8010623142909652,clean,,,2022-12-20 14:12:17,2022-12-20 14:03:55.831838,501.168162
ingv,EC1,sim1,template3,1386139,2022-12-20 14:13:00,0.2266080707697771,-0.4295259035032717,0.9517517955698732,0.9517517955698732,-0.4295259035032717,clean,,,2022-12-20 14:13:00,2022-12-20 14:03:55.831838,544.168162
ingv,ECPN,sim2,template2,1385301,2022-12-20 14:13:17,0.2055985886651695,-0.7475626131658925,0.9175333724634164,0.9175333724634164,-0.7475626131658925,clean,,,2022-12-20 14:13:17,2022-12-20 14:22:09.843844,-532.843844
ingv,ECPN,sim4,template2,1385306,2022-12-20 14:13:22,0.2493843359117369,-0.7346641945219159,0.9188969082211176,0.9188969082211176,-0.7346641945219159,clean,,,2022-12-20 14:13:22,2022-12-20 14:22:09.843844,-527.843844
ingv,EC1,sim1,template2,1386173,2022-12-20 14:13:34,0.2646794315557563,-0.3584796514444371,0.959568576434508,0.959568576434508,-0.3584796514444371,clean,,,2022-12-20 14:13:34,2022-12-20 14:22:09.843844,-515.843844
ingv,ECPN,sim3,template2,1385373,2022-12-20 14:14:29,0.2858548837499732,-0.606458341803348,0.9325606430028096,0.9325606430028096,-0.606458341803348,clean,,,2022-12-20 14:14:29,2022-12-20 14:22:09.843844,-460.843844
ingv,ECPN,sim3,template1,1385412,2022-12-20 14:15:08,0.2786182760800625,-0.5956841957982804,0.9337181270496014,0.9337181270496014,-0.5956841957982804,clean,,,2022-12-20 14:15:08,2022-12-20 14:22:09.843844,-421.843844
ingv,ECPN,sim1,template2,1385419,2022-12-20 14:29:15,0.3544695190242258,-0.6080036153491154,0.9323947494476024,0.9323947494476024,-0.6080036153491154,clean,,,2022-12-20 14:29:15,2022-12-20 14:22:09.843844,425.156156
ingv,ECPN,sim2,template3,1385429,2022-12-20 14:29:25,0.2270118310310408,-0.6249516456432392,0.9305772214396506,0.9305772214396506,-0.6249516456432392,clean,,,2022-12-20 14:29:25,2022-12-20 14:22:09.843844,435.156156
ingv,ECPN,sim2,template2,1387147,2022-12-20 15:44:53,0.2852888591128286,1.3186023721015692,1.1639387274539783,1.1639387274539783,1.3186023721015692,clean,,,2022-12-20 15:44:53,2022-12-20 15:37:52.254628,420.745372
ingv,ECPN,sim2,template3,1387272,2022-12-20 15:46:58,0.317795170901444,1.3703136295088243,1.170888879932531,1.170888879932531,1.3703136295088243,clean,,,2022-12-20 15:46:58,2022-12-20 15:37:52.254628,545.745372
ingv,ECPN,sim2,template1,1387416,2022-12-20 15:49:22,0.2088565675563831,1.266609945719993,1.1569923762872836,1.1569923762872836,1.266609945719993,clean,,,2022-12-20 15:49:22,2022-12-20 15:58:47.672759,-565.672759
ingv,ECPN,sim4,template3,1387452,2022-12-20 15:49:58,0.4141642636249275,1.2567515757161032,1.155679950157411,1.155679950157411,1.2567515757161032,clean,,,2022-12-20 15:49:58,2022-12-20 15:58:47.672759,-529.672759
ingv,ECPN,sim3,template2,1387589,2022-12-20 16:09:44,0.4070558939812377,1.2567749500119811,1.1556830601717645,1.1556830601717645,1.2567749500119811,clean,,,2022-12-20 16:09:44,2022-12-20 16:02:16.102558,447.897442
ingv,ECPN,sim3,template3,1387614,2022-12-20 16:10:09,0.4529783909542691,1.2822843720743429,1.159082152423773,1.159082152423773,1.2822843720743429,clean,,,2022-12-20 16:10:09,2022-12-20 16:02:16.102558,472.897442
ingv,ECPN,sim4,template4,1387638,2022-12-20 16:10:33,0.2257799355534993,1.8193319625961688,1.2330099979836302,1.2330099979836302,1.8193319625961688,clean,,,2022-12-20 16:10:33,2022-12-20 16:02:16.102558,496.897442
ingv,EC1,sim4,template2,1388553,2022-12-20 16:11:33,0.2553085911128481,-0.3478031096645992,0.9607487863397178,0.9607487863397178,-0.3478031096645992,clean,,,2022-12-20 16:11:33,2022-12-20 16:02:16.102558,556.897442
ingv,EC1,sim1,template3,1388553,2022-12-20 16:11:33,0.221597531606159,-0.346901695235666,0.960848497226491,0.960848497226491,-0.346901695235666,clean,,,2022-12-20 16:11:33,2022-12-20 16:02:16.102558,556.897442
ingv,ECPN,sim1,template3,1390161,2022-12-20 16:52:36,0.2710706674297938,0.8493864061946966,1.1027303313630594,1.1027303313630594,0.8493864061946966,clean,,,2022-12-20 16:52:36,2022-12-20 17:02:31.314889,-595.314889
ingv,EC1,sim3,template2,1391049,2022-12-20 16:53:09,0.2293257907373577,-0.4591378888793175,0.9485126024987108,0.9485126024987108,-0.4591378888793175,clean,,,2022-12-20 16:53:09,2022-12-20 17:02:31.314889,-562.314889
ingv,EC1,sim1,template3,1391081,2022-12-20 16:53:41,0.2358882986573043,-0.6647566795905736,0.926322399758682,0.926322399758682,-0.6647566795905736,clean,,,2022-12-20 16:53:41,2022-12-20 17:02:31.314889,-530.314889
ingv,EC1,sim4,template3,1391210,2022-12-20 17:09:50,0.3537913642523958,-1.2449899257680683,0.8664639609577645,0.8664639609577645,-1.2449899257680683,clean,,,2022-12-20 17:09:50,2022-12-20 17:02:31.314889,438.685111
ingv,ECPN,sim2,template1,1390391,2022-12-20 17:10:26,0.2610223044089199,0.4698940849252303,1.0555886313703111,1.0555886313703111,0.4698940849252303,clean,,,2022-12-20 17:10:26,2022-12-20 17:02:31.314889,474.685111
ingv,EC1,sim4,template2,1391269,2022-12-20 17:10:49,0.2091580655543024,-1.292987433889061,0.861689157470607,0.861689157470607,-1.292987433889061,clean,,,2022-12-20 17:10:49,2022-12-20 17:02:31.314889,497.685111
ingv,ECPN,sim3,template1,1390433,2022-12-20 17:11:08,0.3518500060281524,0.4897604949435193,1.0580057421028004,1.0580057421028004,0.4897604949435193,clean,,,2022-12-20 17:11:08,2022-12-20 17:02:31.314889,516.685111
ingv,ECPN,sim4,template1,1390873,2022-12-20 17:48:28,0.4182395758706242,1.3584043369586605,1.1692845649476304,1.1692845649476304,1.3584043369586605,clean,,,2022-12-20 17:48:28,2022-12-20 17:58:27.718101,-599.718101
ingv,ECPN,sim4,template2,1390951,2022-12-20 17:49:46,0.3965720391809717,1.4228013860174331,1.1779858380010937,1.1779858380010937,1.4228013860174331,clean,,,2022-12-20 17:49:46,2022-12-20 17:58:27.718101,-521.718101
ingv,ECPN,sim2,template3,1390954,2022-12-20 17:49:49,0.2353028923157271,1.4318128891017747,1.1792086179401604,1.1792086179401604,1.4318128891017747,clean,,,2022-12-20 17:49:49,2022-12-20 17:58:27.718101,-518.718101
ingv,ECPN,sim3,template2,1390979,2022-12-20 17:50:14,0.4013278354436584,1.4627618780903642,1.1834177907706294,1.1834177907706294,1.4627618780903642,clean,,,2022-12-20 17:50:14,2022-12-20 17:58:27.718101,-493.718101
ingv,ECPN,sim3,template3,1391000,2022-12-20 17:50:35,0.3949778290792415,1.4594843981143666,1.1829713314443753,1.1829713314443753,1.4594843981143666,clean,,,2022-12-20 17:50:35,2022-12-20 17:58:27.718101,-472.718101
ingv,EC1,sim4,template1,1391918,2022-12-20 18:05:38,0.2498381055040004,-0.6147349405555751,0.9316724491182694,0.9316724491182694,-0.6147349405555751,clean,,,2022-12-20 18:05:38,2022-12-20 17:58:27.718101,430.281899
ingv,ECPN,sim1,template2,1391097,2022-12-20 18:06:12,0.3030949801130097,1.4436802512802045,1.1808208488828027,1.1808208488828027,1.4436802512802045,clean,,,2022-12-20 18:06:12,2022-12-20 17:58:27.718101,464.281899
ingv,EC1,sim3,template3,1392018,2022-12-20 18:07:18,0.2560593226816658,-0.4414550404367038,0.9504455638449916,0.9504455638449916,-0.4414550404367038,clean,,,2022-12-20 18:07:18,2022-12-20 17:58:27.718101,530.281899
ingv,EC1,sim1,template1,1392058,2022-12-20 18:07:58,0.2323911953171825,-0.4997236508855772,0.9440909128795556,0.9440909128795556,-0.4997236508855772,clean,,,2022-12-20 18:07:58,2022-12-20 17:58:27.718101,570.281899
ingv,EC1,sim2,template1,1399202,2022-12-20 21:55:48,0.2092784596653233,-2.0398819828543253,0.7906893712020359,0.7906893712020359,-2.0398819828543253,clean,,,2022-12-20 21:55:48,2022-12-20 22:04:51.708104,-543.708104
ingv,ECPN,sim1,template3,1398417,2022-12-20 21:56:58,0.3729769489488247,-1.271661949312001,0.863807364846221,0.863807364846221,-1.271661949312001,clean,,,2022-12-20 21:56:58,2022-12-20 22:04:51.708104,-473.708104
ingv,ECPN,sim3,template3,1411960,2022-12-21 06:52:54,0.2342750661273356,-0.203548228909928,0.9768380962417542,0.9768380962417542,-0.203548228909928,clean,,,2022-12-21 06:52:54,2022-12-21 06:59:59.597031,-425.597031
ingv,ECPN,sim3,template1,1414135,2022-12-21 09:31:32,0.4756679576060176,0.9195832982935216,1.1116783937239447,1.1116783937239447,0.9195832982935216,clean,,,2022-12-21 09:31:32,2022-12-21 09:40:03.961848,-511.961848
ingv,ECPN,sim2,template2,1414208,2022-12-21 09:32:45,0.2544473167191853,0.8211169060753875,1.0991471681016425,1.0991471681016425,0.8211169060753875,clean,,,2022-12-21 09:32:45,2022-12-21 09:40:03.961848,-438.961848
ingv,EC1,sim1,template2,1415301,2022-12-21 10:24:43,0.2554106289634998,-0.7929670578154614,0.9127495911960968,0.9127495911960968,-0.7929670578154614,clean,,,2022-12-21 10:24:43,2022-12-21 10:15:27.182676,555.817324
ingv,EC1,sim2,template2,1415314,2022-12-21 10:24:56,0.2449998238089126,-0.7955847509538573,0.9124745545052588,0.9124745545052588,-0.7955847509538573,clean,,,2022-12-21 10:24:56,2022-12-21 10:15:27.182676,568.817324
ingv,ECPN,sim1,template1,1417557,2022-12-21 11:16:34,0.2722776171755626,0.387716440491886,1.045648748557299,1.045648748557299,0.387716440491886,clean,,,2022-12-21 11:16:34,2022-12-21 11:25:21.222587,-527.222587
ingv,EC1,sim1,template1,1418509,2022-12-21 11:18:11,0.246209893601538,0.0035830075671101,1.0004125940841395,1.0004125940841395,0.0035830075671101,clean,,,2022-12-21 11:18:11,2022-12-21 11:25:21.222587,-430.222587
ingv,ECPN,sim2,template1,1422916,2022-12-21 13:38:54,0.3318645852832934,-1.2061469129797755,0.8703474362085746,0.8703474362085746,-1.2061469129797755,clean,,,2022-12-21 13:38:54,2022-12-21 13:48:09.642416,-555.642416
ingv,EC1,sim1,template1,1423852,2022-12-21 13:40:15,0.3327936213177556,-0.2821457760014052,0.96803868090279,0.96803868090279,-0.2821457760014052,clean,,,2022-12-21 13:40:15,2022-12-21 13:48:09.642416,-474.642416
ingv,ECPN,sim4,template1,1423003,2022-12-21 13:40:21,0.2753228714029143,-1.1828117074200255,0.8726888247524243,0.8726888247524243,-1.1828117074200255,clean,,,2022-12-21 13:40:21,2022-12-21 13:48:09.642416,-468.642416
ingv,ECPN,sim4,template2,1423057,2022-12-21 13:55:15,0.2383465313119611,-1.1572465038601916,0.8752611960175047,0.8752611960175047,-1.1572465038601916,clean,,,2022-12-21 13:55:15,2022-12-21 13:48:09.642416,425.357584
ingv,ECPN,sim1,template2,1423067,2022-12-21 13:55:25,0.3198624263898908,-1.170342506814792,0.8739425301248483,0.8739425301248483,-1.170342506814792,clean,,,2022-12-21 13:55:25,2022-12-21 13:48:09.642416,435.357584
ingv,ECPN,sim3,template2,1423122,2022-12-21 13:56:20,0.2694944436275063,-1.1644784724890975,0.8745327470790668,0.8745327470790668,-1.1644784724890975,clean,,,2022-12-21 13:56:20,2022-12-21 13:48:09.642416,490.357584
ingv,ECPN,sim3,template3,1423147,2022-12-21 13:56:45,0.2327011349983155,-1.1666760734388792,0.8743115111468514,0.8743115111468514,-1.1666760734388792,clean,,,2022-12-21 13:56:45,2022-12-21 13:48:09.642416,515.357584
ingv,ECPN,sim4,template1,1425976,2022-12-21 14:43:54,0.2226196188898613,0.2000284938154584,1.023296349169999,1.023296349169999,0.2000284938154584,clean,,,2022-12-21 14:43:54,2022-12-21 14:53:14.724061,-560.724061
ingv,EC1,sim1,template3,1426832,2022-12-21 14:43:55,0.3637497985071202,0.8713195861006713,1.1055184102593647,1.1055184102593647,0.8713195861006713,clean,,,2022-12-21 14:43:55,2022-12-21 14:53:14.724061,-559.724061
ingv,EC1,sim3,template2,1426987,2022-12-21 15:00:30,0.2621858007259693,1.1831115616141736,1.145923374084078,1.145923374084078,1.1831115616141736,clean,,,2022-12-21 15:00:30,2022-12-21 14:53:14.724061,435.275939
ingv,ECPN,sim4,template2,1426138,2022-12-21 15:00:36,0.3577454404838173,0.1262796683294003,1.0146446818795138,1.0146446818795138,0.1262796683294003,clean,,,2022-12-21 15:00:36,2022-12-21 14:53:14.724061,441.275939
ingv,ECPN,sim4,template3,1426179,2022-12-21 15:01:17,0.2308201356317432,0.1137962665312593,1.01318747713034,1.01318747713034,0.1137962665312593,clean,,,2022-12-21 15:01:17,2022-12-21 14:53:14.724061,482.275939
ingv,ECPN,sim3,template2,1426180,2022-12-21 15:01:18,0.3692377244143121,0.1155378888604589,1.013390653423114,1.013390653423114,0.1155378888604589,clean,,,2022-12-21 15:01:18,2022-12-21 14:53:14.724061,483.275939
ingv,ECPN,sim3,template3,1426256,2022-12-21 15:02:34,0.3036741726552024,0.2098279003506606,1.024451481930501,1.024451481930501,0.2098279003506606,clean,,,2022-12-21 15:02:34,2022-12-21 14:53:14.724061,559.275939
ingv,ECPN,sim4,template2,1430183,2022-12-21 16:48:01,0.4239765751991783,-0.937175186632766,0.8977207025528922,0.8977207025528922,-0.937175186632766,clean,,,2022-12-21 16:48:01,2022-12-21 16:57:02.850673,-541.850673
ingv,EC1,sim2,template1,1431086,2022-12-21 16:48:49,0.2630372898484359,0.5027866110657108,1.059593609957434,1.059593609957434,0.5027866110657108,clean,,,2022-12-21 16:48:49,2022-12-21 16:57:02.850673,-493.850673
ingv,ECPN,sim3,template2,1430244,2022-12-21 16:49:02,0.3875114739775256,-0.84106803087812,0.9077089099768836,0.9077089099768836,-0.84106803087812,clean,,,2022-12-21 16:49:02,2022-12-21 16:57:02.850673,-480.850673
ingv,EC1,sim3,template1,1431121,2022-12-21 16:49:24,0.4386977539902019,0.3113098794051643,1.0364909011115322,1.0364909011115322,0.3113098794051643,clean,,,2022-12-21 16:49:24,2022-12-21 16:57:02.850673,-458.850673
ingv,EC1,sim3,template3,1431127,2022-12-21 16:49:30,0.2614003490187085,0.2877581591452408,1.033684271122832,1.033684271122832,0.2877581591452408,clean,,,2022-12-21 16:49:30,2022-12-21 16:57:02.850673,-452.850673
ingv,EC1,sim3,template2,1431178,2022-12-21 18:39:40,0.2808253192276027,0.3354546745849763,1.0393761180445145,1.0393761180445145,0.3354546745849763,clean,,,2022-12-21 18:39:40,2022-12-21 18:32:21.451100,438.5489
ingv,ECPN,sim4,template1,1430409,2022-12-21 18:41:06,0.3375666399623878,-0.7625690044061195,0.9159495418917768,0.9159495418917768,-0.7625690044061195,clean,,,2022-12-21 18:41:06,2022-12-21 18:32:21.451100,524.5489
ingv,EC1,sim4,template1,1431775,2022-12-21 18:49:37,0.3977069556344151,0.1855183467727235,1.0215883162846426,1.0215883162846426,0.1855183467727235,clean,,,2022-12-21 18:49:37,2022-12-21 18:58:10.077755,-513.077755
ingv,EC1,sim2,template3,1431825,2022-12-21 18:50:27,0.2748708849514406,0.2101977963219453,1.0244951099940154,1.0244951099940154,0.2101977963219453,clean,,,2022-12-21 18:50:27,2022-12-21 18:58:10.077755,-463.077755
ingv,EC1,sim1,template3,1431902,2022-12-21 19:05:44,0.2924161529439403,0.2011297897563633,1.023426102552735,1.023426102552735,0.2011297897563633,clean,,,2022-12-21 19:05:44,2022-12-21 18:58:10.077755,453.922245
ingv,EC1,sim4,template2,1431904,2022-12-21 19:05:46,0.2802605434984679,0.2019224563131921,1.0235195037696665,1.0235195037696665,0.2019224563131921,clean,,,2022-12-21 19:05:46,2022-12-21 18:58:10.077755,455.922245
ingv,ECPN,sim3,template1,1431152,2022-12-21 19:07:29,0.2512451618552234,-0.6906413675835228,0.9235659896303696,0.9235659896303696,-0.6906413675835228,clean,,,2022-12-21 19:07:29,2022-12-21 18:58:10.077755,558.922245
ingv,ECPN,sim2,template1,1434060,2022-12-21 20:35:57,0.412804036957173,-0.0595383320844035,0.9931688354145576,0.9931688354145576,-0.0595383320844035,clean,,,2022-12-21 20:35:57,2022-12-21 20:44:45.095018,-528.095018
ingv,EC1,sim4,template2,1435024,2022-12-21 20:51:46,0.2415706734401168,-2.3374345283677176,0.7640614240749866,0.7640614240749866,-2.3374345283677176,clean,,,2022-12-21 20:51:46,2022-12-21 20:44:45.095018,420.904982
ingv,EC1,sim1,template2,1435048,2022-12-21 20:52:10,0.214093577493431,-2.3406693736428146,0.7637769212317981,0.7637769212317981,-2.3406693736428146,clean,,,2022-12-21 20:52:10,2022-12-21 20:44:45.095018,444.904982
ingv,ECPN,sim1,template4,1434200,2022-12-21 20:52:17,0.2979802368976647,0.0703387437896049,1.00813092501821,1.00813092501821,0.0703387437896049,clean,,,2022-12-21 20:52:17,2022-12-21 20:44:45.095018,451.904982
ingv,ECPN,sim1,template1,1434213,2022-12-21 20:52:30,0.3799500848228671,0.0626218568974188,1.0072356595011418,1.0072356595011418,0.0626218568974188,clean,,,2022-12-21 20:52:30,2022-12-21 20:44:45.095018,464.904982
ingv,EC1,sim3,template2,1435086,2022-12-21 20:52:48,0.2956852370050928,-2.483695141424441,0.7513032074551081,0.7513032074551081,-2.483695141424441,clean,,,2022-12-21 20:52:48,2022-12-21 20:44:45.095018,482.904982
ingv,EC1,sim2,template4,1443748,2022-12-22 00:34:30,0.2246727683128251,0.0037951229574103,1.0004370251450658,1.0004370251450658,0.0037951229574103,clean,,,2022-12-22 00:34:30,2022-12-22 00:44:16.736926,-586.736926
ingv,EC1,sim2,template2,1443851,2022-12-22 00:36:13,0.292336198290866,-0.1291854456446289,0.9852370330508324,0.9852370330508324,-0.1291854456446289,clean,,,2022-12-22 00:36:13,2022-12-22 00:44:16.736926,-483.736926
ingv,EC1,sim4,template1,1443878,2022-12-22 00:36:40,0.2714217900704036,-0.0907202149253913,0.989609804191754,0.989609804191754,-0.0907202149253913,clean,,,2022-12-22 00:36:40,2022-12-22 00:44:16.736926,-456.736926
ingv,ECPN,sim4,template3,1443055,2022-12-22 00:37:12,0.4727273075188244,1.6566352329753606,1.2101292590917945,1.2101292590917945,1.6566352329753606,clean,,,2022-12-22 00:37:12,2022-12-22 00:44:16.736926,-424.736926
ingv,EC1,sim2,template3,1443952,2022-12-22 00:51:54,0.356291616310092,0.125921743602259,1.0146028716616164,1.0146028716616164,0.125921743602259,clean,,,2022-12-22 00:51:54,2022-12-22 00:44:16.736926,457.263074
ingv,EC1,sim4,template2,1443984,2022-12-22 00:52:26,0.2349080743560447,0.1100549678696018,1.0127511578986617,1.0127511578986617,0.1100549678696018,clean,,,2022-12-22 00:52:26,2022-12-22 00:44:16.736926,489.263074
ingv,ECPN,sim1,template2,1443148,2022-12-22 00:52:45,0.3521097139788068,1.7065314441516246,1.2171008681614912,1.2171008681614912,1.7065314441516246,clean,,,2022-12-22 00:52:45,2022-12-22 00:44:16.736926,508.263074
ingv,ECPN,sim3,template3,1443188,2022-12-22 00:53:25,0.4639159972507528,1.6775638003521574,1.2130485694922974,1.2130485694922974,1.6775638003521574,clean,,,2022-12-22 00:53:25,2022-12-22 00:44:16.736926,548.263074
ingv,EC1,sim1,template2,1444737,2022-12-22 01:23:34,0.2718627398190219,0.9766870161911962,1.1190109873698588,1.1190109873698588,0.9766870161911962,clean,,,2022-12-22 01:23:34,2022-12-22 01:30:47.535858,-433.535858
ingv,ECPN,sim4,template2,1443979,2022-12-22 01:39:11,0.2623764820367744,1.6414427043397306,1.2080144665971704,1.2080144665971704,1.6414427043397306,clean,,,2022-12-22 01:39:11,2022-12-22 01:30:47.535858,503.464142
ingv,EC1,sim2,template1,1444874,2022-12-22 01:39:51,0.3743691434387642,0.8546501566663061,1.1033988013408738,1.1033988013408738,0.8546501566663061,clean,,,2022-12-22 01:39:51,2022-12-22 01:30:47.535858,543.464142
ingv,ECPN,sim1,template1,1444023,2022-12-22 01:39:55,0.2388655068518073,1.7383269324574468,1.2215643409769328,1.2215643409769328,1.7383269324574468,clean,,,2022-12-22 01:39:55,2022-12-22 01:30:47.535858,547.464142
ingv,EC1,sim4,template1,1444912,2022-12-22 01:40:29,0.4685211056702905,0.7172870873604957,1.08608634719388,1.08608634719388,0.7172870873604957,clean,,,2022-12-22 01:40:29,2022-12-22 01:30:47.535858,581.464142
ingv,EC1,sim3,template1,1447438,2022-12-22 02:42:35,0.3686134669837282,0.3182711531606657,1.03732192583294,1.03732192583294,0.3182711531606657,clean,,,2022-12-22 02:42:35,2022-12-22 02:52:08.033090,-573.03309
ingv,ECPN,sim3,template1,1446673,2022-12-22 02:44:05,0.2153447695707299,-1.6163467792312054,0.8301998700030295,0.8301998700030295,-1.6163467792312054,clean,,,2022-12-22 02:44:05,2022-12-22 02:52:08.033090,-483.03309
ingv,ECPN,sim1,template1,1446708,2022-12-22 02:44:40,0.2577854515002344,-1.6825340501027228,0.823897713309524,0.823897713309524,-1.6825340501027228,clean,,,2022-12-22 02:44:40,2022-12-22 02:52:08.033090,-448.03309
ingv,EC1,sim2,template3,1448376,2022-12-22 04:18:48,0.3444931548589667,0.3193177409036273,1.0374469232560477,1.0374469232560477,0.3193177409036273,clean,,,2022-12-22 04:18:48,2022-12-22 04:11:01.202117,466.797883
ingv,ECPN,sim2,template4,1447546,2022-12-22 04:19:13,0.2945366359100121,-0.9068993755881882,0.9008552859931216,0.9008552859931216,-0.9068993755881882,clean,,,2022-12-22 04:19:13,2022-12-22 04:11:01.202117,491.797883
ingv,ECPN,sim4,template2,1447587,2022-12-22 04:19:54,0.2758129434272289,-1.9696919767606649,0.7971047574053559,0.7971047574053559,-1.9696919767606649,clean,,,2022-12-22 04:19:54,2022-12-22 04:11:01.202117,532.797883
ingv,ECPN,sim3,template2,1447616,2022-12-22 04:20:23,0.2908348706493803,-1.9561941438854569,0.7983444175258329,0.7983444175258329,-1.9561941438854569,clean,,,2022-12-22 04:20:23,2022-12-22 04:11:01.202117,561.797883
ingv,EC1,sim2,template1,1452816,2022-12-22 06:12:48,0.4800934245070835,1.815724891655897,1.2324980606511249,1.2324980606511249,1.815724891655897,clean,,,2022-12-22 06:12:48,2022-12-22 06:22:23.289980,-575.28998
ingv,ECPN,sim3,template1,1452187,2022-12-22 07:20:47,0.2139874767728217,-0.1605177470592017,0.9816894248966128,0.9816894248966128,-0.1605177470592017,clean,,,2022-12-22 07:20:47,2022-12-22 07:12:36.292616,490.707384
ingv,EC1,sim4,template3,1453054,2022-12-22 07:20:59,0.2780429758591213,2.148091861031514,1.2805737438419045,1.2805737438419045,2.148091861031514,clean,,,2022-12-22 07:20:59,2022-12-22 07:12:36.292616,502.707384
ingv,EC1,sim2,template2,1453086,2022-12-22 07:21:31,0.2227486857970699,2.1734168284076096,1.2843128901481715,1.2843128901481715,2.1734168284076096,clean,,,2022-12-22 07:21:31,2022-12-22 07:12:36.292616,534.707384
ingv,ECPN,sim1,template2,1452247,2022-12-22 07:21:47,0.264390473762839,-0.1117307515733884,0.9872189027715742,0.9872189027715742,-0.1117307515733884,clean,,,2022-12-22 07:21:47,2022-12-22 07:12:36.292616,550.707384
ingv,ECPN,sim1,template4,1457373,2022-12-22 10:08:27,0.2297205919354463,-0.906661241810741,0.900879984328222,0.900879984328222,-0.906661241810741,clean,,,2022-12-22 10:08:27,2022-12-22 09:59:09.228424,557.771576
ingv,ECPN,sim1,template3,1458819,2022-12-22 10:58:51,0.3754036493341857,-0.630507644853635,0.9299821605687664,0.9299821605687664,-0.630507644853635,clean,,,2022-12-22 10:58:51,2022-12-22 11:05:55.121086,-424.121086
ingv,EC1,sim1,template1,1459719,2022-12-22 11:30:37,0.3720911562592693,-1.840524613770813,0.8090470325625116,0.8090470325625116,-1.840524613770813,clean,,,2022-12-22 11:30:37,2022-12-22 11:22:56.400525,460.599475
ingv,ECPN,sim4,template3,1459001,2022-12-22 11:32:54,0.2175568831339206,-0.4148068121037176,0.9533659996072318,0.9533659996072318,-0.4148068121037176,clean,,,2022-12-22 11:32:54,2022-12-22 11:22:56.400525,597.599475
ingv,EC1,sim1,template3,1460284,2022-12-22 12:06:45,0.2535546606661725,-1.0435009834348414,0.8867985020106318,0.8867985020106318,-1.0435009834348414,clean,,,2022-12-22 12:06:45,2022-12-22 11:57:40.027635,544.972365
ingv,ECPN,sim2,template4,1459616,2022-12-22 12:09:52,0.3306344632115452,-0.1896426423928571,0.9784032077294644,0.9784032077294644,-0.1896426423928571,clean,,,2022-12-22 12:09:52,2022-12-22 12:18:48.124980,-536.12498
ingv,ECPN,sim2,template2,1459618,2022-12-22 12:09:54,0.225318661574509,-0.4195045686991538,0.9528505117675576,0.9528505117675576,-0.4195045686991538,clean,,,2022-12-22 12:09:54,2022-12-22 12:18:48.124980,-534.12498
ingv,ECPN,sim4,template1,1459658,2022-12-22 12:10:34,0.3838404834215487,-0.4289603037978019,0.9518137728784358,0.9518137728784358,-0.4289603037978019,clean,,,2022-12-22 12:10:34,2022-12-22 12:18:48.124980,-494.12498
ingv,ECPN,sim1,template3,1459898,2022-12-22 12:28:34,0.2260199175471452,0.0973769802426597,1.0112740172348669,1.0112740172348669,0.0973769802426597,clean,,,2022-12-22 12:28:34,2022-12-22 12:18:48.124980,585.87502
ingv,EC1,sim2,template1,1460909,2022-12-22 12:31:10,0.2828197641336436,-0.882209848694845,0.9034195980633511,0.9034195980633511,-0.882209848694845,clean,,,2022-12-22 12:31:10,2022-12-22 12:39:24.874594,-494.874594
ingv,EC1,sim4,template1,1460919,2022-12-22 12:31:20,0.2431461497190669,-0.8711407662565991,0.9045716275070196,0.9045716275070196,-0.8711407662565991,clean,,,2022-12-22 12:31:20,2022-12-22 12:39:24.874594,-484.874594
ingv,ECPN,sim1,template1,1460082,2022-12-22 12:31:38,0.2474567548458722,0.070031986864275,1.0080953217933275,1.0080953217933275,0.070031986864275,clean,,,2022-12-22 12:31:38,2022-12-22 12:39:24.874594,-466.874594
ingv,ECPN,sim1,template2,1460146,2022-12-22 12:46:42,0.3441651548436323,0.021056687494616,1.002427181584182,1.002427181584182,0.021056687494616,clean,,,2022-12-22 12:46:42,2022-12-22 12:39:24.874594,437.125406
ingv,ECPN,sim3,template3,1460202,2022-12-22 12:47:38,0.3578762273666202,0.0607570633873417,1.0070194369854493,1.0070194369854493,0.0607570633873417,clean,,,2022-12-22 12:47:38,2022-12-22 12:39:24.874594,493.125406
ingv,ECPN,sim2,template1,1460207,2022-12-22 12:47:43,0.3811271229067438,0.0672061934477235,1.0077674099832972,1.0077674099832972,0.0672061934477235,clean,,,2022-12-22 12:47:43,2022-12-22 12:39:24.874594,498.125406
ingv,EC1,sim3,template3,1461111,2022-12-22 12:48:32,0.2916819482131124,-0.7012973239014669,0.9224336422374928,0.9224336422374928,-0.7012973239014669,clean,,,2022-12-22 12:48:32,2022-12-22 12:39:24.874594,547.125406
ingv,ECPN,sim2,template1,1464743,2022-12-22 15:07:19,0.2243307973441897,-1.312073157195932,0.8597978249547455,0.8597978249547455,-1.312073157195932,clean,,,2022-12-22 15:07:19,2022-12-22 14:59:33.006063,465.993937
ingv,EC1,sim2,template3,1465605,2022-12-22 15:07:26,0.315817368339984,-1.2359177802135817,0.8673694287972464,0.8673694287972464,-1.2359177802135817,clean,,,2022-12-22 15:07:26,2022-12-22 14:59:33.006063,472.993937
ingv,ECPN,sim2,template3,1464765,2022-12-22 15:07:41,0.448135718697295,-1.099179686585497,0.8811320850184017,0.8811320850184017,-1.099179686585497,clean,,,2022-12-22 15:07:41,2022-12-22 14:59:33.006063,487.993937
ingv,ECPN,sim3,template3,1464828,2022-12-22 15:08:44,0.26348774804832,-1.0225212867630955,0.8889430434699372,0.8889430434699372,-1.0225212867630955,clean,,,2022-12-22 15:08:44,2022-12-22 14:59:33.006063,550.993937
ingv,EC1,sim2,template3,1467733,2022-12-22 16:12:13,0.2125444106931475,-1.332429936551862,0.857785109948911,0.857785109948911,-1.332429936551862,clean,,,2022-12-22 16:12:13,2022-12-22 16:04:45.435839,447.564161
ingv,EC1,sim2,template3,1470352,2022-12-22 18:39:30,0.2448033533720037,1.278736782152436,1.1586088435603314,1.1586088435603314,1.278736782152436,clean,,,2022-12-22 18:39:30,2022-12-22 18:30:39.009936,530.990064
ingv,EC1,sim3,template3,1470397,2022-12-22 18:40:15,0.3085392476514566,1.239244467773698,1.1533529303654986,1.1533529303654986,1.239244467773698,clean,,,2022-12-22 18:40:15,2022-12-22 18:30:39.009936,575.990064
ingv,EC1,sim1,template2,1472542,2022-12-22 19:36:00,0.2470444958781085,1.1677373734104797,1.1438968621468866,1.1438968621468866,1.1677373734104797,clean,,,2022-12-22 19:36:00,2022-12-22 19:45:50.239127,-590.239127
ingv,ECPN,sim2,template4,1471691,2022-12-22 19:36:04,0.2517359114703972,1.9214819183852208,1.247596351193356,1.247596351193356,1.9214819183852208,clean,,,2022-12-22 19:36:04,2022-12-22 19:45:50.239127,-586.239127
ingv,ECPN,sim4,template2,1471726,2022-12-22 19:36:39,0.2424956129320591,2.42842697192057,1.32257816536364,1.32257816536364,2.42842697192057,clean,,,2022-12-22 19:36:39,2022-12-22 19:45:50.239127,-551.239127
ingv,ECPN,sim1,template1,1471882,2022-12-22 20:05:16,0.2307726720639878,2.5343781042457185,1.3388098693852155,1.3388098693852155,2.5343781042457185,clean,,,2022-12-22 20:05:16,2022-12-22 19:57:51.186037,444.813963
ingv,EC1,sim1,template1,1472754,2022-12-22 20:05:33,0.2669661744507495,0.5288612808586007,1.0627792439044768,1.0627792439044768,0.5288612808586007,clean,,,2022-12-22 20:05:33,2022-12-22 19:57:51.186037,461.813963
ingv,EC1,sim4,template2,1473965,2022-12-22 20:25:44,0.2404431484070455,-0.0638583860506893,0.992674991221256,0.992674991221256,-0.0638583860506893,clean,,,2022-12-22 20:25:44,2022-12-22 20:35:17.835364,-573.835364
ingv,ECPN,sim4,template3,1473192,2022-12-22 20:27:06,0.4233887426518533,2.1837782338987863,1.2858458622997029,1.2858458622997029,2.1837782338987863,clean,,,2022-12-22 20:27:06,2022-12-22 20:35:17.835364,-491.835364
ingv,EC1,sim3,template2,1474060,2022-12-22 20:27:19,0.2725214651833895,-0.056690165798053,0.9934945560879188,0.9934945560879188,-0.056690165798053,clean,,,2022-12-22 20:27:19,2022-12-22 20:35:17.835364,-478.835364
ingv,ECPN,sim4,template4,1473258,2022-12-22 20:28:12,0.2617136127358906,1.3684943945518648,1.1706436662570865,1.1706436662570865,1.3684943945518648,clean,,,2022-12-22 20:28:12,2022-12-22 20:35:17.835364,-425.835364
ingv,ECPN,sim3,template3,1473280,2022-12-22 20:42:34,0.4873215573380272,2.295836367839606,1.3025422475092725,1.3025422475092725,2.295836367839606,clean,,,2022-12-22 20:42:34,2022-12-22 20:35:17.835364,436.164636
ingv,EC1,sim1,template1,1474137,2022-12-22 20:42:36,0.2397175960880209,-0.1074174416709591,0.9877092657283744,0.9877092657283744,-0.1074174416709591,clean,,,2022-12-22 20:42:36,2022-12-22 20:35:17.835364,438.164636
ingv,EC1,sim1,template3,1474146,2022-12-22 20:42:45,0.3312760741306628,-0.1089134582273056,0.9875391620045986,0.9875391620045986,-0.1089134582273056,clean,,,2022-12-22 20:42:45,2022-12-22 20:35:17.835364,447.164636
ingv,ECPN,sim2,template3,1473418,2022-12-22 20:44:52,0.2025338032188355,1.799035780490903,1.230132206412023,1.230132206412023,1.799035780490903,clean,,,2022-12-22 20:44:52,2022-12-22 20:35:17.835364,574.164636
ingv,ECPN,sim1,template1,1473423,2022-12-22 20:44:57,0.2224640779099053,1.8022810873292117,1.2305919062833075,1.2305919062833075,1.8022810873292117,clean,,,2022-12-22 20:44:57,2022-12-22 20:35:17.835364,579.164636
ingv,EC1,sim1,template2,1476937,2022-12-22 21:29:16,0.2016660964688029,-1.1433736572419178,0.8766602543416531,0.8766602543416531,-1.1433736572419178,clean,,,2022-12-22 21:29:16,2022-12-22 21:38:53.324544,-577.324544
ingv,ECPN,sim3,template3,1476215,2022-12-22 21:31:29,0.3226885506849124,2.2116899456127443,1.2899845156824936,1.2899845156824936,2.2116899456127443,clean,,,2022-12-22 21:31:29,2022-12-22 21:38:53.324544,-444.324544
ingv,ECPN,sim1,template1,1476245,2022-12-22 21:49:18,0.2117346719243183,2.221772669049314,1.291482820368126,1.291482820368126,2.221772669049314,clean,,,2022-12-22 21:49:18,2022-12-22 21:42:12.352143,425.647857
ingv,EC1,sim2,template3,1477126,2022-12-22 21:49:44,0.3374087243558762,-1.2467995952677609,0.8662834555478617,0.8662834555478617,-1.2467995952677609,clean,,,2022-12-22 21:49:44,2022-12-22 21:42:12.352143,451.647857
ingv,ECPN,sim4,template2,1476318,2022-12-22 21:50:31,0.3739300219233007,2.2613531958034123,1.2973813774301768,1.2973813774301768,2.2613531958034123,clean,,,2022-12-22 21:50:31,2022-12-22 21:42:12.352143,498.647857
ingv,ECPN,sim4,template1,1476377,2022-12-22 21:51:30,0.4644370521796453,2.0522715903586444,1.2665244539157976,1.2665244539157976,2.0522715903586444,clean,,,2022-12-22 21:51:30,2022-12-22 21:42:12.352143,557.647857
ingv,ECPN,sim3,template2,1476396,2022-12-22 21:51:49,0.2912780772345347,2.013612904322533,1.2609000014256138,1.2609000014256138,2.013612904322533,clean,,,2022-12-22 21:51:49,2022-12-22 21:42:12.352143,576.647857
ingv,EC1,sim2,template2,1481964,2022-12-22 23:30:22,0.2077832160347848,-1.1870888177262555,0.8722592006526786,0.8722592006526786,-1.1870888177262555,clean,,,2022-12-22 23:30:22,2022-12-22 23:39:26.899509,-544.899509
ingv,ECPN,sim3,template3,1481385,2022-12-22 23:48:58,0.3792599652667283,-2.721521694195882,0.7310110053365213,0.7310110053365213,-2.721521694195882,clean,,,2022-12-22 23:48:58,2022-12-22 23:39:26.899509,571.100491
ingv,EC1,sim1,template3,1482245,2022-12-22 23:49:03,0.3533241509168801,-1.1728215816139895,0.8736931302547747,0.8736931302547747,-1.1728215816139895,clean,,,2022-12-22 23:49:03,2022-12-22 23:39:26.899509,576.100491
ingv,ECPN,sim2,template1,1482056,2022-12-23 00:00:09,0.4315410132469534,-2.6431839678118623,0.7376337877393614,0.7376337877393614,-2.6431839678118623,clean,,,2022-12-23 00:00:09,2022-12-23 00:09:28.374163,-559.374163
ingv,ECPN,sim1,template2,1482068,2022-12-23 00:00:21,0.4211719209423495,-2.6464158908223063,0.737359373460481,0.737359373460481,-2.6464158908223063,clean,,,2022-12-23 00:00:21,2022-12-23 00:09:28.374163,-547.374163
ingv,EC1,sim3,template3,1482942,2022-12-23 00:00:40,0.2066103567302195,-1.11903514730632,0.8791201665117367,0.8791201665117367,-1.11903514730632,clean,,,2022-12-23 00:00:40,2022-12-23 00:09:28.374163,-528.374163
ingv,ECPN,sim1,template4,1482172,2022-12-23 00:02:05,0.2369045329228953,-3.829046888859355,0.6434986728552161,0.6434986728552161,-3.829046888859355,clean,,,2022-12-23 00:02:05,2022-12-23 00:09:28.374163,-443.374163
ingv,ECPN,sim1,template3,1483104,2022-12-23 00:45:37,0.3552347289325777,-2.221906523292855,0.7742918247216128,0.7742918247216128,-2.221906523292855,clean,,,2022-12-23 00:45:37,2022-12-23 00:37:29.932833,487.067167
ingv,ECPN,sim1,template1,1489775,2022-12-23 04:17:13,0.4443803210352485,-3.2162461990998654,0.6905381708319674,0.6905381708319674,-3.2162461990998654,clean,,,2022-12-23 04:17:13,2022-12-23 04:10:07.946245,425.053755
ingv,ECPN,sim2,template4,1489901,2022-12-23 04:19:19,0.2456583098250504,-1.7334991700747953,0.8190775856957911,0.8190775856957911,-1.7334991700747953,clean,,,2022-12-23 04:19:19,2022-12-23 04:10:07.946245,551.053755
ingv,EC1,sim4,template1,1490773,2022-12-23 04:19:36,0.2769871236802501,0.5408322583795204,1.064244986406286,1.064244986406286,0.5408322583795204,clean,,,2022-12-23 04:19:36,2022-12-23 04:10:07.946245,568.053755
ingv,ECPN,sim2,template1,1489927,2022-12-23 04:19:45,0.2614696766653149,-3.295144213683719,0.6842940902321163,0.6842940902321163,-3.295144213683719,clean,,,2022-12-23 04:19:45,2022-12-23 04:10:07.946245,577.053755
ingv,ECPN,sim4,template3,1491404,2022-12-23 06:02:42,0.2593626734760796,-2.086528030073054,0.786454494092861,0.786454494092861,-2.086528030073054,clean,,,2022-12-23 06:02:42,2022-12-23 05:55:21.591976,440.408024
ingv,ECPN,sim2,template4,1498181,2022-12-23 08:35:39,0.2429846214370072,2.898132563408897,1.3960681789001508,1.3960681789001508,2.898132563408897,clean,,,2022-12-23 08:35:39,2022-12-23 08:45:33.592894,-594.592894
ingv,ECPN,sim4,template3,1498277,2022-12-23 08:37:15,0.3514543881879817,-1.3935594152309838,0.8517693908677456,0.8517693908677456,-1.3935594152309838,clean,,,2022-12-23 08:37:15,2022-12-23 08:45:33.592894,-498.592894
ingv,ECPN,sim2,template1,1498402,2022-12-23 08:53:20,0.2365551991623211,-1.4336124196355329,0.8478506921000726,0.8478506921000726,-1.4336124196355329,clean,,,2022-12-23 08:53:20,2022-12-23 08:45:33.592894,466.407106
ingv,EC1,sim1,template3,1499278,2022-12-23 08:53:41,0.2006362413797657,-0.7591275113375793,0.916312528148456,0.916312528148456,-0.7591275113375793,clean,,,2022-12-23 08:53:41,2022-12-23 08:45:33.592894,487.407106
ingv,ECPN,sim1,template2,1509381,2022-12-23 13:11:26,0.2007555046093187,-2.707179926772303,0.7322190163039807,0.7322190163039807,-2.707179926772303,clean,,,2022-12-23 13:11:26,2022-12-23 13:19:57.440688,-511.440688
ingv,ECPN,sim4,template2,1509470,2022-12-23 13:12:55,0.2895449623553157,-2.9516927572080527,0.711894048384276,0.711894048384276,-2.9516927572080527,clean,,,2022-12-23 13:12:55,2022-12-23 13:19:57.440688,-422.440688
ingv,ECPN,sim3,template2,1509532,2022-12-23 13:27:57,0.27119416762477,-2.9780184735344712,0.7097396635871301,0.7097396635871301,-2.9780184735344712,clean,,,2022-12-23 13:27:57,2022-12-23 13:19:57.440688,479.559312
ingv,ECPN,sim4,template3,1509567,2022-12-23 13:28:32,0.2986303056647745,-2.9866560715933037,0.7090342207338433,0.7090342207338433,-2.9866560715933037,clean,,,2022-12-23 13:28:32,2022-12-23 13:19:57.440688,514.559312
ingv,ECPN,sim3,template3,1509618,2022-12-23 13:29:23,0.2242299324475056,-2.502642621715214,0.749666093920264,0.749666093920264,-2.502642621715214,clean,,,2022-12-23 13:29:23,2022-12-23 13:19:57.440688,565.559312
ingv,ECPN,sim1,template3,1515518,2022-12-23 15:27:43,0.3871302328077012,-1.0056141500129403,0.8906750616292535,0.8906750616292535,-1.0056141500129403,clean,,,2022-12-23 15:27:43,2022-12-23 15:37:25.007558,-582.007558
ingv,EC1,sim4,template3,1516521,2022-12-23 15:30:11,0.255086149631957,-1.860962544655118,0.8071455798015789,0.8071455798015789,-1.860962544655118,clean,,,2022-12-23 15:30:11,2022-12-23 15:37:25.007558,-434.007558
ingv,ECPN,sim4,template4,1515719,2022-12-23 15:45:04,0.2777994901017167,-1.3040282699292254,0.860594540214759,0.860594540214759,-1.3040282699292254,clean,,,2022-12-23 15:45:04,2022-12-23 15:37:25.007558,458.992442
ingv,ECPN,sim4,template1,1515835,2022-12-23 15:47:00,0.3741016893784916,-0.7447892663763167,0.9178263815419532,0.9178263815419532,-0.7447892663763167,clean,,,2022-12-23 15:47:00,2022-12-23 15:55:18.582181,-498.582181
ingv,ECPN,sim1,template1,1515857,2022-12-23 15:47:22,0.2583973649698847,-0.7204827198605845,0.920398419026032,0.920398419026032,-0.7204827198605845,clean,,,2022-12-23 15:47:22,2022-12-23 15:55:18.582181,-476.582181
ingv,ECPN,sim3,template3,1515953,2022-12-23 16:02:58,0.391301796547328,-0.7929793717711158,0.91274829719508,0.91274829719508,-0.7929793717711158,clean,,,2022-12-23 16:02:58,2022-12-23 15:55:18.582181,459.417819
ingv,EC1,sim4,template2,1516838,2022-12-23 16:03:28,0.2512237043559476,-1.811054657577413,0.8117966730235846,0.8117966730235846,-1.811054657577413,clean,,,2022-12-23 16:03:28,2022-12-23 15:55:18.582181,489.417819
ingv,ECPN,sim4,template2,1516204,2022-12-23 16:27:09,0.3259317885181119,-0.2745795854990352,0.9688822969738335,0.9688822969738335,-0.2745795854990352,clean,,,2022-12-23 16:27:09,2022-12-23 16:36:37.774569,-568.774569
ingv,ECPN,sim3,template2,1516244,2022-12-23 16:27:49,0.2958990216141635,-0.2952659408198094,0.9665775479610564,0.9665775479610564,-0.2952659408198094,clean,,,2022-12-23 16:27:49,2022-12-23 16:36:37.774569,-528.774569
ingv,EC1,sim1,template2,1517240,2022-12-23 16:44:10,0.38219715888436,-1.8648491621195695,0.8067844925116078,0.8067844925116078,-1.8648491621195695,clean,,,2022-12-23 16:44:10,2022-12-23 16:36:37.774569,452.225431
ingv,ECPN,sim2,template1,1516450,2022-12-23 16:45:15,0.3632819516455661,-0.4365919208717793,0.9509778552724948,0.9509778552724948,-0.4365919208717793,clean,,,2022-12-23 16:45:15,2022-12-23 16:36:37.774569,517.225431
ingv,ECPN,sim3,template3,1517163,2022-12-23 16:57:08,0.2655206984164919,-0.258618836524693,0.970664302558666,0.970664302558666,-0.258618836524693,clean,,,2022-12-23 16:57:08,2022-12-23 17:06:45.773835,-577.773835
ingv,EC1,sim3,template2,1518035,2022-12-23 16:57:25,0.2282567406698228,-1.670896072429279,0.8250023704194409,0.8250023704194409,-1.670896072429279,clean,,,2022-12-23 16:57:25,2022-12-23 17:06:45.773835,-560.773835
ingv,ECPN,sim4,template4,1517238,2022-12-23 16:58:23,0.3208698248233392,-1.0945711887927458,0.8815997138827081,0.8815997138827081,-1.0945711887927458,clean,,,2022-12-23 16:58:23,2022-12-23 17:06:45.773835,-502.773835
ingv,EC1,sim1,template3,1518176,2022-12-23 17:13:46,0.2589383667261299,-1.7254973651223524,0.8198325019147752,0.8198325019147752,-1.7254973651223524,clean,,,2022-12-23 17:13:46,2022-12-23 17:06:45.773835,420.226165
ingv,ECPN,sim4,template2,1517331,2022-12-23 17:13:56,0.3186123697398432,-0.2165141083218725,0.9753810069951302,0.9753810069951302,-0.2165141083218725,clean,,,2022-12-23 17:13:56,2022-12-23 17:06:45.773835,430.226165
ingv,ECPN,sim3,template2,1517391,2022-12-23 17:14:56,0.2390993546120484,-0.238438981091747,0.972922060590492,0.972922060590492,-0.238438981091747,clean,,,2022-12-23 17:14:56,2022-12-23 17:06:45.773835,490.226165
ingv,EC1,sim4,template3,1518283,2022-12-23 17:15:33,0.2849175658848866,-1.0137440104593112,0.8898417933573868,0.8898417933573868,-1.0137440104593112,clean,,,2022-12-23 17:15:33,2022-12-23 17:06:45.773835,527.226165
ingv,ECPN,sim4,template3,1517446,2022-12-23 17:15:51,0.3289923293902048,-0.1820693043681419,0.9792566619874222,0.9792566619874222,-0.1820693043681419,clean,,,2022-12-23 17:15:51,2022-12-23 17:06:45.773835,545.226165
ingv,ECPN,sim2,template1,1517472,2022-12-23 17:16:17,0.2697067624118249,-0.1878724570056996,0.978602626744852,0.978602626744852,-0.1878724570056996,clean,,,2022-12-23 17:16:17,2022-12-23 17:06:45.773835,571.226165
ingv,EC1,sim1,template3,1520437,2022-12-23 19:24:34,0.2183812509710873,0.2164019937266286,1.025227152509553,1.025227152509553,0.2164019937266286,clean,,,2022-12-23 19:24:34,2022-12-23 19:16:49.698800,464.3012
ingv,ECPN,sim1,template1,1519646,2022-12-23 19:25:38,0.2257131670939663,-1.54870665866538,0.8366901708386459,0.8366901708386459,-1.54870665866538,clean,,,2022-12-23 19:25:38,2022-12-23 19:16:49.698800,528.3012
ingv,EC1,sim2,template1,1520556,2022-12-23 19:26:33,0.2477503047835045,0.4009992821325112,1.047249023567568,1.047249023567568,0.4009992821325112,clean,,,2022-12-23 19:26:33,2022-12-23 19:16:49.698800,583.3012
ingv,ECPN,sim2,template3,1519731,2022-12-23 19:27:03,0.235306069869309,-1.4718270839109149,0.8441286600860077,0.8441286600860077,-1.4718270839109149,clean,,,2022-12-23 19:27:03,2022-12-23 19:36:52.700680,-589.70068
ingv,EC1,sim4,template3,1524290,2022-12-23 22:01:24,0.2350114115909219,0.6342043050230113,1.075747177446937,1.075747177446937,0.6342043050230113,clean,,,2022-12-23 22:01:24,2022-12-23 22:09:11.141549,-467.141549
ingv,ECPN,sim1,template3,1523454,2022-12-23 22:01:43,0.2137505359173395,-0.3301937056250789,0.9626985434163412,0.9626985434163412,-0.3301937056250789,clean,,,2022-12-23 22:01:43,2022-12-23 22:09:11.141549,-448.141549
ingv,ECPN,sim4,template1,1523597,2022-12-23 22:18:06,0.3566979725868,-0.5182968940382073,0.9420742978179116,0.9420742978179116,-0.5182968940382073,clean,,,2022-12-23 22:18:06,2022-12-23 22:09:11.141549,534.858451
ingv,ECPN,sim1,template2,1523611,2022-12-23 22:18:20,0.210628779254392,-0.5119590647322326,0.9427619516096556,0.9427619516096556,-0.5119590647322326,clean,,,2022-12-23 22:18:20,2022-12-23 22:09:11.141549,548.858451
ingv,ECPN,sim2,template1,1527373,2022-12-23 23:21:02,0.3216814225522144,-1.3228300269987094,0.8587336842562006,0.8587336842562006,-1.3228300269987094,clean,,,2022-12-23 23:21:02,2022-12-23 23:30:38.050311,-576.050311
ingv,EC1,sim3,template3,1528285,2022-12-23 23:21:59,0.3208777529834696,0.738492606697217,1.0887411312841675,1.0887411312841675,0.738492606697217,clean,,,2022-12-23 23:21:59,2022-12-23 23:30:38.050311,-519.050311
ingv,ECPN,sim1,template3,1527586,2022-12-23 23:38:35,0.352411903596575,-1.5744680982397594,0.8342123117143163,0.8342123117143163,-1.5744680982397594,clean,,,2022-12-23 23:38:35,2022-12-23 23:30:38.050311,476.949689
ingv,EC1,sim3,template2,1528546,2022-12-23 23:40:20,0.3842969797882098,0.6874890549499084,1.0823667758108733,1.0823667758108733,0.6874890549499084,clean,,,2022-12-23 23:40:20,2022-12-23 23:30:38.050311,581.949689
ingv,EC1,sim2,template3,1529041,2022-12-23 23:48:35,0.2643786962795448,0.5268647587353019,1.0625349835562443,1.0625349835562443,0.5268647587353019,clean,,,2022-12-23 23:48:35,2022-12-23 23:56:45.259635,-490.259635
ingv,ECPN,sim1,template4,1528380,2022-12-24 00:28:56,0.2903666159624753,-1.2326776083573665,0.8676930514073762,0.8676930514073762,-1.2326776083573665,clean,,,2022-12-24 00:28:56,2022-12-24 00:20:42.269097,493.730903
ingv,ECPN,sim2,template1,1528388,2022-12-24 00:29:04,0.2385666984757778,-2.219543101439111,0.774502537416131,0.774502537416131,-2.219543101439111,clean,,,2022-12-24 00:29:04,2022-12-24 00:20:42.269097,501.730903
ingv,EC1,sim4,template1,1530026,2022-12-24 00:42:07,0.3838978775114016,-2.7907338518003586,0.7252092041648027,0.7252092041648027,-2.7907338518003586,clean,,,2022-12-24 00:42:07,2022-12-24 00:49:56.363315,-469.363315
ingv,EC1,sim2,template3,1530123,2022-12-24 00:57:44,0.2195570377054009,-2.8580010579532447,0.7196145686765368,0.7196145686765368,-2.8580010579532447,clean,,,2022-12-24 00:57:44,2022-12-24 00:49:56.363315,467.636685
ingv,EC1,sim1,template3,1531806,2022-12-24 03:05:23,0.2627942395929555,-1.385763359468166,0.8525342431643639,0.8525342431643639,-1.385763359468166,clean,,,2022-12-24 03:05:23,2022-12-24 02:55:59.712996,563.287004
ingv,ECPN,sim1,template3,1534075,2022-12-24 03:57:27,0.2910650101444526,-1.2354451082285014,0.8674166309149626,0.8674166309149626,-1.2354451082285014,clean,,,2022-12-24 03:57:27,2022-12-24 04:05:12.826981,-465.826981
ingv,EC1,sim1,template1,1534974,2022-12-24 03:58:11,0.2636341755004351,-0.0942966194406906,0.9892024174323516,0.9892024174323516,-0.0942966194406906,clean,,,2022-12-24 03:58:11,2022-12-24 04:05:12.826981,-421.826981
ingv,EC1,sim4,template3,1538202,2022-12-24 07:08:39,0.2397389400230887,-0.3644255128809348,0.9589119356456348,0.9589119356456348,-0.3644255128809348,clean,,,2022-12-24 07:08:39,2022-12-24 07:16:50.178666,-491.178666
ingv,ECPN,sim1,template2,1537435,2022-12-24 07:24:07,0.3008033900254435,-0.3219990133403728,0.96360722879783,0.96360722879783,-0.3219990133403728,clean,,,2022-12-24 07:24:07,2022-12-24 07:16:50.178666,436.821334
ingv,ECPN,sim4,template1,1537485,2022-12-24 07:24:57,0.2392598665096144,-0.2985932719800135,0.9662073489599852,0.9662073489599852,-0.2985932719800135,clean,,,2022-12-24 07:24:57,2022-12-24 07:16:50.178666,486.821334
ingv,ECPN,sim2,template2,1537518,2022-12-24 07:25:30,0.4074713012843421,-0.4879831866531208,0.9453678759124436,0.9453678759124436,-0.4879831866531208,clean,,,2022-12-24 07:25:30,2022-12-24 07:16:50.178666,519.821334
ingv,EC1,sim2,template1,1538964,2022-12-24 07:35:21,0.3265624752058458,1.1720925629194665,1.1444705669731332,1.1444705669731332,1.1720925629194665,clean,,,2022-12-24 07:35:21,2022-12-24 07:44:27.435267,-546.435267
ingv,EC1,sim1,template2,1539042,2022-12-24 07:36:39,0.2831777531282437,1.4332950734306675,1.1794098585430732,1.1794098585430732,1.4332950734306675,clean,,,2022-12-24 07:36:39,2022-12-24 07:44:27.435267,-468.435267
ingv,EC1,sim4,template2,1539055,2022-12-24 07:36:52,0.3052681048255733,1.4349449096099196,1.179633902129584,1.179633902129584,1.4349449096099196,clean,,,2022-12-24 07:36:52,2022-12-24 07:44:27.435267,-455.435267
ingv,ECPN,sim1,template1,1538211,2022-12-24 07:37:03,0.2595783820091347,-0.5391210353699635,0.9398184102470366,0.9398184102470366,-0.5391210353699635,clean,,,2022-12-24 07:37:03,2022-12-24 07:44:27.435267,-444.435267
ingv,ECPN,sim4,template4,1538302,2022-12-24 07:52:34,0.3115338546580991,0.7967262182831593,1.0960650025584506,1.0960650025584506,0.7967262182831593,clean,,,2022-12-24 07:52:34,2022-12-24 07:44:27.435267,486.564733
ingv,EC1,sim1,template3,1539241,2022-12-24 07:53:58,0.220550099007349,1.2509692956033462,1.1549108589446802,1.1549108589446802,1.2509692956033462,clean,,,2022-12-24 07:53:58,2022-12-24 07:44:27.435267,570.564733
ingv,ECPN,sim1,template4,1540614,2022-12-24 09:45:25,0.2004435141943137,0.7140284788412908,1.0856789661906785,1.0856789661906785,0.7140284788412908,clean,,,2022-12-24 09:45:25,2022-12-24 09:37:31.347384,473.652616
ingv,EC1,sim2,template2,1541492,2022-12-24 09:45:48,0.3340894865234258,0.5126176834408582,1.06079358362776,1.06079358362776,0.5126176834408582,clean,,,2022-12-24 09:45:48,2022-12-24 09:37:31.347384,496.652616
ingv,EC1,sim1,template2,1541957,2022-12-24 10:07:33,0.3373963180533411,0.2032608655944549,1.0236772301061696,1.0236772301061696,0.2032608655944549,clean,,,2022-12-24 10:07:33,2022-12-24 09:58:54.624155,518.375845
ingv,EC1,sim1,template3,1542181,2022-12-24 10:11:17,0.3721834981031033,0.1524166513359314,1.0177024793733838,1.0177024793733838,0.1524166513359314,clean,,,2022-12-24 10:11:17,2022-12-24 10:20:20.332236,-543.332236
ingv,ECPN,sim4,template3,1541366,2022-12-24 10:11:57,0.3442232319406911,2.6565836239546545,1.357779293239581,1.357779293239581,2.6565836239546545,clean,,,2022-12-24 10:11:57,2022-12-24 10:20:20.332236,-503.332236
ingv,ECPN,sim4,template1,1541419,2022-12-24 10:12:50,0.2577144750658464,2.6863566308536573,1.3624413988793074,1.3624413988793074,2.6863566308536573,clean,,,2022-12-24 10:12:50,2022-12-24 10:20:20.332236,-450.332236
ingv,EC1,sim1,template1,1542283,2022-12-24 10:12:59,0.4028063901804563,0.1097538727564209,1.012716051634131,1.012716051634131,0.1097538727564209,clean,,,2022-12-24 10:12:59,2022-12-24 10:20:20.332236,-441.332236
ingv,ECPN,sim1,template3,1541428,2022-12-24 10:12:59,0.2187523694303861,2.6885263234571584,1.3627817725643074,1.3627817725643074,2.6885263234571584,clean,,,2022-12-24 10:12:59,2022-12-24 10:20:20.332236,-441.332236
ingv,EC1,sim1,template4,1542284,2022-12-24 10:13:00,0.2188487192844214,-0.4392599500912965,0.9506857899606672,0.9506857899606672,-0.4392599500912965,clean,,,2022-12-24 10:13:00,2022-12-24 10:20:20.332236,-440.332236
ingv,EC1,sim3,template3,1542384,2022-12-24 10:37:07,0.3697788476242256,-0.1370448474133776,0.9843459474194656,0.9843459474194656,-0.1370448474133776,clean,,,2022-12-24 10:37:07,2022-12-24 10:45:09.186075,-482.186075
ingv,EC1,sim4,template2,1542588,2022-12-24 10:54:31,0.3774226341008469,0.2221926783539494,1.025910875968233,1.025910875968233,0.2221926783539494,clean,,,2022-12-24 10:54:31,2022-12-24 10:45:09.186075,561.813925
ingv,EC1,sim3,template1,1542592,2022-12-24 10:54:35,0.2088776512781521,0.2471527211408243,1.0288632053109998,1.0288632053109998,0.2471527211408243,clean,,,2022-12-24 10:54:35,2022-12-24 10:45:09.186075,565.813925
ingv,EC1,sim2,template4,1542768,2022-12-24 11:18:35,0.2245958251853337,-0.0122091020025978,0.9985953626143516,0.9985953626143516,-0.0122091020025978,clean,,,2022-12-24 11:18:35,2022-12-24 11:11:27.479594,427.520406
ingv,ECPN,sim4,template2,1541949,2022-12-24 11:19:11,0.3720971277144557,3.1491327154456124,1.4369995620389069,1.4369995620389069,3.1491327154456124,clean,,,2022-12-24 11:19:11,2022-12-24 11:11:27.479594,463.520406
ingv,ECPN,sim3,template1,1542037,2022-12-24 11:20:39,0.3825378770866585,3.2150430700674697,1.4479452932187913,1.4479452932187913,3.2150430700674697,clean,,,2022-12-24 11:20:39,2022-12-24 11:11:27.479594,551.520406
ingv,ECPN,sim3,template3,1542048,2022-12-24 11:20:50,0.4060163023749776,3.228673936346358,1.4502193542708437,1.4502193542708437,3.228673936346358,clean,,,2022-12-24 11:20:50,2022-12-24 11:11:27.479594,562.520406
ingv,ECPN,sim4,template3,1544712,2022-12-24 12:05:14,0.4415949491251616,0.0948253951031315,1.0109769868909164,1.0109769868909164,0.0948253951031315,clean,,,2022-12-24 12:05:14,2022-12-24 12:14:28.038314,-554.038314
ingv,ECPN,sim2,template1,1544720,2022-12-24 12:05:22,0.2538738297288221,0.085284812190527,1.0098671392067151,1.0098671392067151,0.085284812190527,clean,,,2022-12-24 12:05:22,2022-12-24 12:14:28.038314,-546.038314
ingv,EC1,sim2,template2,1545640,2022-12-24 12:06:27,0.3125618071682989,-0.8753160298777234,0.904136908950674,0.904136908950674,-0.8753160298777234,clean,,,2022-12-24 12:06:27,2022-12-24 12:14:28.038314,-481.038314
ingv,ECPN,sim1,template2,1544847,2022-12-24 12:21:29,0.2603010249157988,-0.5233999892324877,0.9415209770805232,0.9415209770805232,-0.5233999892324877,clean,,,2022-12-24 12:21:29,2022-12-24 12:14:28.038314,420.961686
ingv,ECPN,sim1,template3,1544892,2022-12-24 12:22:14,0.4040387588220129,-0.5804026895844004,0.935362308481357,0.935362308481357,-0.5804026895844004,clean,,,2022-12-24 12:22:14,2022-12-24 12:14:28.038314,465.961686
ingv,EC1,sim2,template3,1545765,2022-12-24 12:22:32,0.2483251282065263,-0.8685659161028207,0.904839818993516,0.904839818993516,-0.8685659161028207,clean,,,2022-12-24 12:22:32,2022-12-24 12:14:28.038314,483.961686
ingv,EC1,sim1,template4,1545822,2022-12-24 12:23:29,0.2092780775329996,-0.9188414659043932,0.8996175655687232,0.8996175655687232,-0.9188414659043932,clean,,,2022-12-24 12:23:29,2022-12-24 12:14:28.038314,540.961686
ingv,EC1,sim1,template1,1545835,2022-12-24 12:23:42,0.3873076682926407,-0.8984882244866278,0.9017280693476132,0.9017280693476132,-0.8984882244866278,clean,,,2022-12-24 12:23:42,2022-12-24 12:14:28.038314,553.961686
ingv,EC1,sim3,template2,1552245,2022-12-24 15:47:44,0.2677325101363951,-1.1210208455805517,0.8789192120965649,0.8789192120965649,-1.1210208455805517,clean,,,2022-12-24 15:47:44,2022-12-24 15:40:05.062333,458.937667
ingv,EC1,sim2,template2,1552264,2022-12-24 15:48:03,0.3240126123650597,-1.2275827633787262,0.8682021596918852,0.8682021596918852,-1.2275827633787262,clean,,,2022-12-24 15:48:03,2022-12-24 15:40:05.062333,477.937667
ingv,ECPN,sim1,template1,1551473,2022-12-24 15:49:07,0.2630192261011047,-1.4048968535982005,0.850658326406696,0.850658326406696,-1.4048968535982005,clean,,,2022-12-24 15:49:07,2022-12-24 15:40:05.062333,541.937667
ingv,EC1,sim2,template1,1552339,2022-12-24 15:49:18,0.2393750445701163,-1.406382669256396,0.8505128245161314,0.8505128245161314,-1.406382669256396,clean,,,2022-12-24 15:49:18,2022-12-24 15:40:05.062333,552.937667
ingv,EC1,sim2,template1,1558500,2022-12-24 18:43:44,0.2826559733499594,0.5152221366847843,1.0611117089615751,1.0611117089615751,0.5152221366847843,clean,,,2022-12-24 18:43:44,2022-12-24 18:34:56.516398,527.483602
ingv,ECPN,sim1,template2,1559483,2022-12-24 19:14:22,0.226490124030869,1.5440145863365489,1.1945400889401625,1.1945400889401625,1.5440145863365489,clean,,,2022-12-24 19:14:22,2022-12-24 19:23:33.578615,-551.578615
ingv,EC1,sim2,template2,1560633,2022-12-24 19:35:12,0.3379816934679103,-1.3343204433144271,0.8575984310762204,0.8575984310762204,-1.3343204433144271,clean,,,2022-12-24 19:35:12,2022-12-24 19:25:28.037884,583.962116
ingv,EC1,sim2,template3,1561016,2022-12-24 19:41:35,0.2996827263390206,-1.4448840970621022,0.8467511500009893,0.8467511500009893,-1.4448840970621022,clean,,,2022-12-24 19:41:35,2022-12-24 19:50:05.190627,-510.190627
ingv,ECPN,sim2,template3,1560392,2022-12-24 21:48:40,0.4242272531863675,1.5204231552861618,1.1913000438363457,1.1913000438363457,1.5204231552861618,clean,,,2022-12-24 21:48:40,2022-12-24 21:39:19.277932,560.722068
ingv,EC1,sim4,template3,1563613,2022-12-24 22:28:06,0.3618469060494182,1.5150536620772992,1.1905638267070155,1.1905638267070155,1.5150536620772992,clean,,,2022-12-24 22:28:06,2022-12-24 22:36:29.149439,-503.149439
ingv,EC1,sim3,template3,1563765,2022-12-24 22:44:38,0.3669395540577719,1.6834411104967637,1.2138696569780183,1.2138696569780183,1.6834411104967637,clean,,,2022-12-24 22:44:38,2022-12-24 22:36:29.149439,488.850561
ingv,ECPN,sim2,template2,1562968,2022-12-24 22:45:36,0.2273368271572302,0.268761779291476,1.0314260335797591,1.0314260335797591,0.268761779291476,clean,,,2022-12-24 22:45:36,2022-12-24 22:36:29.149439,546.850561
ingv,ECPN,sim4,template1,1562992,2022-12-24 22:46:00,0.2071532083181099,0.2311839125989022,1.026973401658683,1.026973401658683,0.2311839125989022,clean,,,2022-12-24 22:46:00,2022-12-24 22:36:29.149439,570.850561
ingv,ECPN,sim2,template1,1563001,2022-12-24 22:46:09,0.3303709697553249,0.2166596326154908,1.0252575630158864,1.0252575630158864,0.2166596326154908,clean,,,2022-12-24 22:46:09,2022-12-24 22:36:29.149439,579.850561
ingv,ECPN,sim3,template1,1563021,2022-12-24 22:46:29,0.2711851660080335,0.2030290659395908,1.02364991167682,1.02364991167682,0.2030290659395908,clean,,,2022-12-24 22:46:29,2022-12-24 22:36:29.149439,599.850561
ingv,EC1,sim4,template2,1563939,2022-12-24 23:16:03,0.4177810554530551,1.7826622298308237,1.227815499601117,1.227815499601117,1.7826622298308237,clean,,,2022-12-24 23:16:03,2022-12-24 23:08:55.351370,427.64863
ingv,ECPN,sim4,template4,1563141,2022-12-24 23:17:00,0.2335908165688068,-0.0664975631822214,0.9923734162220388,0.9923734162220388,-0.0664975631822214,clean,,,2022-12-24 23:17:00,2022-12-24 23:08:55.351370,484.64863
ingv,ECPN,sim1,template3,1563157,2022-12-24 23:17:16,0.3863872579883129,0.2858742589868018,1.0334600975637211,1.0334600975637211,0.2858742589868018,clean,,,2022-12-24 23:17:16,2022-12-24 23:08:55.351370,500.64863
ingv,EC1,sim3,template2,1564039,2022-12-24 23:17:43,0.4209372733496478,1.6974964830967183,1.2158355122578288,1.2158355122578288,1.6974964830967183,clean,,,2022-12-24 23:17:43,2022-12-24 23:08:55.351370,527.64863
ingv,EC1,sim3,template4,1565655,2022-12-24 23:44:39,0.2354918981837999,0.56376813852203,1.067058935519927,1.067058935519927,0.56376813852203,clean,,,2022-12-24 23:44:39,2022-12-24 23:54:37.061128,-598.061128
ingv,EC1,sim1,template2,1565749,2022-12-24 23:46:13,0.234389093664084,0.34491518066249,1.0405088035157577,1.0405088035157577,0.34491518066249,clean,,,2022-12-24 23:46:13,2022-12-24 23:54:37.061128,-504.061128
ingv,ECPN,sim2,template1,1564904,2022-12-24 23:46:23,0.294623144021805,0.1314450683708004,1.0152482590148928,1.0152482590148928,0.1314450683708004,clean,,,2022-12-24 23:46:23,2022-12-24 23:54:37.061128,-494.061128
ingv,EC1,sim1,template1,1565877,2022-12-25 00:02:21,0.3685692379578847,0.2123735554607231,1.024751771533165,1.024751771533165,0.2123735554607231,clean,,,2022-12-25 00:02:21,2022-12-24 23:54:37.061128,463.938872
ingv,ECPN,sim4,template2,1565088,2022-12-25 00:03:27,0.2989773386883915,0.3653916598014816,1.042964636046535,1.042964636046535,0.3653916598014816,clean,,,2022-12-25 00:03:27,2022-12-24 23:54:37.061128,529.938872
ingv,ECPN,sim3,template2,1565118,2022-12-25 00:03:57,0.2996235329042675,0.3377916905314025,1.0396558090686894,1.0396558090686894,0.3377916905314025,clean,,,2022-12-25 00:03:57,2022-12-24 23:54:37.061128,559.938872
ingv,EC1,sim2,template3,1583783,2022-12-25 06:50:23,0.2330972981004163,-0.4856726410566112,0.9456193879884636,0.9456193879884636,-0.4856726410566112,clean,,,2022-12-25 06:50:23,2022-12-25 06:58:32.322378,-489.322378
ingv,ECPN,sim4,template3,1583148,2022-12-25 07:18:31,0.340285967888751,-0.3206719861479302,0.9637544596211424,0.9637544596211424,-0.3206719861479302,clean,,,2022-12-25 07:18:31,2022-12-25 07:25:51.786884,-440.786884
ingv,ECPN,sim2,template3,1583242,2022-12-25 07:34:05,0.4887418391162502,-0.3718741328133068,0.9580899693117536,0.9580899693117536,-0.3718741328133068,clean,,,2022-12-25 07:34:05,2022-12-25 07:25:51.786884,493.213116
ingv,ECPN,sim3,template3,1583261,2022-12-25 07:34:24,0.3058153610163376,-0.3756333452695485,0.9576754021669142,0.9576754021669142,-0.3756333452695485,clean,,,2022-12-25 07:34:24,2022-12-25 07:25:51.786884,512.213116
ingv,ECPN,sim3,template1,1583262,2022-12-25 07:34:25,0.4889434678857715,-0.3751858318033388,0.9577247446864732,0.9577247446864732,-0.3751858318033388,clean,,,2022-12-25 07:34:25,2022-12-25 07:25:51.786884,513.213116
ingv,EC1,sim1,template1,1584156,2022-12-25 07:35:04,0.2701407901873982,-0.9615165291886968,0.8952084513057965,0.8952084513057965,-0.9615165291886968,clean,,,2022-12-25 07:35:04,2022-12-25 07:25:51.786884,552.213116
ingv,EC1,sim1,template2,1584200,2022-12-25 07:35:48,0.2320969961726232,-0.8442008602190512,0.9073815762835544,0.9073815762835544,-0.8442008602190512,clean,,,2022-12-25 07:35:48,2022-12-25 07:25:51.786884,596.213116
ingv,ECPN,sim1,template3,1585613,2022-12-25 08:57:38,0.2625420615080746,-0.8386452034378183,0.907962140089022,0.907962140089022,-0.8386452034378183,clean,,,2022-12-25 08:57:38,2022-12-25 09:06:38.376405,-540.376405
ingv,EC1,sim1,template2,1587925,2022-12-25 10:16:07,0.2620793340576358,2.102491054497044,1.273868365479069,1.273868365479069,2.102491054497044,clean,,,2022-12-25 10:16:07,2022-12-25 10:23:57.159630,-470.15963
ingv,EC1,sim3,template3,1587945,2022-12-25 10:16:27,0.3247852536820598,2.1197564834018143,1.276403023222043,1.276403023222043,2.1197564834018143,clean,,,2022-12-25 10:16:27,2022-12-25 10:23:57.159630,-450.15963
ingv,ECPN,sim3,template1,1587179,2022-12-25 10:45:58,0.2795461076701194,-0.4120164468047522,0.9536723201873522,0.9536723201873522,-0.4120164468047522,clean,,,2022-12-25 10:45:58,2022-12-25 10:37:59.721811,478.278189
ingv,EC1,sim1,template1,1588152,2022-12-25 10:47:56,0.2209420068856918,2.045166883369103,1.26548891162811,1.26548891162811,2.045166883369103,clean,,,2022-12-25 10:47:56,2022-12-25 10:37:59.721811,596.278189
ingv,EC1,sim4,template2,1589892,2022-12-25 11:16:56,0.2356245018922345,2.3518196007488803,1.310964646639027,1.310964646639027,2.3518196007488803,clean,,,2022-12-25 11:16:56,2022-12-25 11:24:48.942733,-472.942733
ingv,ECPN,sim2,template4,1589050,2022-12-25 11:17:09,0.2193472206381005,-0.0336399232441871,0.9961345508670332,0.9961345508670332,-0.0336399232441871,clean,,,2022-12-25 11:17:09,2022-12-25 11:24:48.942733,-459.942733
ingv,EC1,sim4,template3,1614447,2022-12-26 02:59:43,0.2771006574652535,-0.2153773981295728,0.9755086620920832,0.9755086620920832,-0.2153773981295728,clean,,,2022-12-26 02:59:43,2022-12-26 03:08:38.371325,-535.371325
ingv,ECPN,sim4,template3,1613638,2022-12-26 03:00:29,0.2899139229237549,-2.257597444221666,0.771116733892771,0.771116733892771,-2.257597444221666,clean,,,2022-12-26 03:00:29,2022-12-26 03:08:38.371325,-489.371325
ingv,EC1,sim2,template2,1616979,2022-12-26 05:35:37,0.3183106845959281,0.6097432988206042,1.0727219443406786,1.0727219443406786,0.6097432988206042,clean,,,2022-12-26 05:35:37,2022-12-26 05:28:36.155049,420.844951
ingv,EC1,sim4,template1,1617079,2022-12-26 05:37:17,0.365257696974441,0.7708039395578807,1.0927987686423573,1.0927987686423573,0.7708039395578807,clean,,,2022-12-26 05:37:17,2022-12-26 05:28:36.155049,520.844951
ingv,EC1,sim2,template1,1617113,2022-12-26 05:37:51,0.3565510753427454,0.8256768228722422,1.0997243496774836,1.0997243496774836,0.8256768228722422,clean,,,2022-12-26 05:37:51,2022-12-26 05:28:36.155049,554.844951
ingv,EC1,sim2,template4,1617120,2022-12-26 05:37:58,0.2349748796943384,1.1314355698570673,1.1391260366129377,1.1391260366129377,1.1314355698570673,clean,,,2022-12-26 05:37:58,2022-12-26 05:28:36.155049,561.844951
ingv,EC1,sim3,template3,1618775,2022-12-26 06:54:24,0.3015578372407255,1.6815836541856857,1.2136101016665644,1.2136101016665644,1.6815836541856857,clean,,,2022-12-26 06:54:24,2022-12-26 07:04:22.411192,-598.411192
ingv,ECPN,sim2,template1,1617987,2022-12-26 06:55:31,0.3548529183505051,-2.9037048224116195,0.7158380162335657,0.7158380162335657,-2.9037048224116195,clean,,,2022-12-26 06:55:31,2022-12-26 07:04:22.411192,-531.411192
ingv,EC1,sim2,template4,1618896,2022-12-26 06:56:25,0.2042747493014563,1.6128969897216834,1.204050907841818,1.204050907841818,1.6128969897216834,clean,,,2022-12-26 06:56:25,2022-12-26 07:04:22.411192,-477.411192
ingv,EC1,sim2,template1,1618930,2022-12-26 06:56:59,0.2175899470186691,1.586007852909512,1.2003292593794073,1.2003292593794073,1.586007852909512,clean,,,2022-12-26 06:56:59,2022-12-26 07:04:22.411192,-443.411192
ingv,ECPN,sim2,template3,1618130,2022-12-26 07:11:54,0.2211238684732041,-2.6541412660998,0.7367038452836696,0.7367038452836696,-2.6541412660998,clean,,,2022-12-26 07:11:54,2022-12-26 07:04:22.411192,451.588808
ingv,ECPN,sim1,template3,1618174,2022-12-26 07:12:38,0.2699349603289276,-2.4894170932609883,0.750808438897087,0.750808438897087,-2.4894170932609883,clean,,,2022-12-26 07:12:38,2022-12-26 07:04:22.411192,495.588808
ingv,EC1,sim3,template2,1619037,2022-12-26 07:12:46,0.3531369323646295,1.498215872442643,1.1882581278796365,1.1882581278796365,1.498215872442643,clean,,,2022-12-26 07:12:46,2022-12-26 07:04:22.411192,503.588808
ingv,EC1,sim1,template2,1625521,2022-12-26 12:50:53,0.2218758425696945,2.0463988323445736,1.2656684129110776,1.2656684129110776,2.0463988323445736,clean,,,2022-12-26 12:50:53,2022-12-26 12:59:54.463510,-541.46351
ingv,ECPN,sim3,template1,1624692,2022-12-26 12:51:19,0.3257364403013373,1.337080051077132,1.1664174347954377,1.1664174347954377,1.337080051077132,clean,,,2022-12-26 12:51:19,2022-12-26 12:59:54.463510,-515.46351
ingv,EC1,sim4,template1,1625572,2022-12-26 12:51:44,0.2293239500432842,2.090973903969452,1.2721803851087954,1.2721803851087954,2.090973903969452,clean,,,2022-12-26 12:51:44,2022-12-26 12:59:54.463510,-490.46351
ingv,ECPN,sim1,template2,1624785,2022-12-26 12:52:52,0.2379452383163497,1.8771712093263215,1.2412479963788143,1.2412479963788143,1.8771712093263215,clean,,,2022-12-26 12:52:52,2022-12-26 12:59:54.463510,-422.46351
ingv,ECPN,sim3,template1,1628653,2022-12-26 15:21:34,0.3396717111325461,3.656053841839664,1.5233605060830302,1.5233605060830302,3.656053841839664,clean,,,2022-12-26 15:21:34,2022-12-26 15:13:46.955062,467.044938
ingv,ECPN,sim3,template4,1628671,2022-12-26 15:21:52,0.3133107567890087,2.193647648423932,1.2873077457636168,1.2873077457636168,2.193647648423932,clean,,,2022-12-26 15:21:52,2022-12-26 15:13:46.955062,485.044938
ingv,EC1,sim1,template3,1629632,2022-12-26 15:23:38,0.2519028431804878,0.3195133607572765,1.037470288450529,1.037470288450529,0.3195133607572765,clean,,,2022-12-26 15:23:38,2022-12-26 15:13:46.955062,591.044938
ingv,ECPN,sim4,template4,1632185,2022-12-26 17:13:50,0.222547628727021,-0.3671875313043266,0.9586070605567968,0.9586070605567968,-0.3671875313043266,clean,,,2022-12-26 17:13:50,2022-12-26 17:21:59.039523,-489.039523
ingv,ECPN,sim3,template4,1632221,2022-12-26 17:14:26,0.2799735901671317,-0.3632042663500286,0.9590467692958752,0.9590467692958752,-0.3632042663500286,clean,,,2022-12-26 17:14:26,2022-12-26 17:21:59.039523,-453.039523
ingv,ECPN,sim1,template1,1632292,2022-12-26 17:29:37,0.3547354371919219,1.1107059565519946,1.1364106571124857,1.1364106571124857,1.1107059565519946,clean,,,2022-12-26 17:29:37,2022-12-26 17:21:59.039523,457.960477
ingv,ECPN,sim1,template3,1640089,2022-12-26 20:19:34,0.3971315958204515,-2.4650814721720358,0.7529149599584949,0.7529149599584949,-2.4650814721720358,clean,,,2022-12-26 20:19:34,2022-12-26 20:27:46.476821,-492.476821
ingv,ECPN,sim3,template1,1653509,2022-12-27 05:19:26,0.3434495641023237,0.2579895778469725,1.03014765651297,1.03014765651297,0.2579895778469725,clean,,,2022-12-27 05:19:26,2022-12-27 05:27:30.129399,-484.129399
ingv,ECPN,sim2,template1,1653512,2022-12-27 05:19:29,0.3429027997721111,0.2460869147847691,1.0287369658911294,1.0287369658911294,0.2460869147847691,clean,,,2022-12-27 05:19:29,2022-12-27 05:27:30.129399,-481.129399
ingv,EC1,sim4,template4,1654552,2022-12-27 05:42:40,0.2276285871490627,-0.581247163609391,0.9352713735501452,0.9352713735501452,-0.581247163609391,clean,,,2022-12-27 05:42:40,2022-12-27 05:33:36.029232,543.970768
ingv,EC1,sim2,template3,1654561,2022-12-27 05:42:49,0.2678932286866859,0.7279083208858528,1.0874152418742526,1.0874152418742526,0.7279083208858528,clean,,,2022-12-27 05:42:49,2022-12-27 05:33:36.029232,552.970768
ingv,EC1,sim3,template2,1655835,2022-12-27 06:42:56,0.336310089685315,-0.5342758265689851,0.9403428109612773,0.9403428109612773,-0.5342758265689851,clean,,,2022-12-27 06:42:56,2022-12-27 06:51:18.981832,-502.981832
ingv,ECPN,sim2,template3,1655019,2022-12-27 06:43:35,0.4320381395367931,-0.5826568347003949,0.9351195965771728,0.9351195965771728,-0.5826568347003949,clean,,,2022-12-27 06:43:35,2022-12-27 06:51:18.981832,-463.981832
ingv,EC1,sim1,template3,1656006,2022-12-27 06:59:47,0.2467861749465515,-0.5868541578542162,0.9346678235173372,0.9346678235173372,-0.5868541578542162,clean,,,2022-12-27 06:59:47,2022-12-27 06:51:18.981832,508.018168
ingv,EC1,sim4,template1,1656020,2022-12-27 07:00:01,0.2443274193579051,-0.5844691565542685,0.934924503045112,0.934924503045112,-0.5844691565542685,clean,,,2022-12-27 07:00:01,2022-12-27 06:51:18.981832,522.018168
ingv,ECPN,sim1,template1,1655193,2022-12-27 07:00:29,0.2407920887363362,-0.6339659611718756,0.9296119587315854,0.9296119587315854,-0.6339659611718756,clean,,,2022-12-27 07:00:29,2022-12-27 06:51:18.981832,550.018168
ingv,EC1,sim4,template2,1656071,2022-12-27 07:00:52,0.4217806713487861,-0.698743010664779,0.922704947888768,0.922704947888768,-0.698743010664779,clean,,,2022-12-27 07:00:52,2022-12-27 06:51:18.981832,573.018168
ingv,EC1,sim1,template1,1658186,2022-12-27 08:16:07,0.4680116769638992,-2.004443241794561,0.7939220023189885,0.7939220023189885,-2.004443241794561,clean,,,2022-12-27 08:16:07,2022-12-27 08:26:05.443577,-598.443577
ingv,ECPN,sim1,template2,1657364,2022-12-27 08:16:40,0.2411161917191527,-1.921877169131629,0.8015048257836112,0.8015048257836112,-1.921877169131629,clean,,,2022-12-27 08:16:40,2022-12-27 08:26:05.443577,-565.443577
ingv,EC1,sim3,template2,1658232,2022-12-27 08:16:53,0.4160895583482288,-1.6887431810771394,0.8233089583312322,0.8233089583312322,-1.6887431810771394,clean,,,2022-12-27 08:16:53,2022-12-27 08:26:05.443577,-552.443577
ingv,ECPN,sim1,template3,1657421,2022-12-27 08:17:37,0.3524687539491014,-1.9275989345691664,0.8009770142837374,0.8009770142837374,-1.9275989345691664,clean,,,2022-12-27 08:17:37,2022-12-27 08:26:05.443577,-508.443577
ingv,ECPN,sim3,template2,1657494,2022-12-27 08:18:50,0.4567118993235303,-2.2320914236287552,0.7733844377217798,0.7733844377217798,-2.2320914236287552,clean,,,2022-12-27 08:18:50,2022-12-27 08:26:05.443577,-435.443577
ingv,ECPN,sim4,template2,1658232,2022-12-27 08:57:54,0.4542128550626526,-3.0633945627036443,0.7027976034330159,0.7027976034330159,-3.0633945627036443,clean,,,2022-12-27 08:57:54,2022-12-27 09:07:03.164271,-549.164271
ingv,ECPN,sim4,template3,1667515,2022-12-27 12:24:38,0.357900991247313,3.271613174007517,1.4574063542364435,1.4574063542364435,3.271613174007517,clean,,,2022-12-27 12:24:38,2022-12-27 12:33:18.208091,-520.208091
ingv,EC1,sim1,template2,1668419,2022-12-27 12:25:27,0.2950788710198042,0.554499097752599,1.065920844001132,1.065920844001132,0.554499097752599,clean,,,2022-12-27 12:25:27,2022-12-27 12:33:18.208091,-471.208091
ingv,ECPN,sim4,template2,1667645,2022-12-27 12:40:48,0.3336851131128315,3.2300927465145963,1.4504562619579895,1.4504562619579895,3.2300927465145963,clean,,,2022-12-27 12:40:48,2022-12-27 12:33:18.208091,449.791909
ingv,EC1,sim4,template1,1668610,2022-12-27 12:42:38,0.296155540619181,0.0417100360060682,1.0048135936543452,1.0048135936543452,0.0417100360060682,clean,,,2022-12-27 12:42:38,2022-12-27 12:33:18.208091,559.791909
ingv,EC1,sim2,template2,1668624,2022-12-27 12:42:52,0.2720808170501168,0.0186209359586765,1.002146114091081,1.002146114091081,0.0186209359586765,clean,,,2022-12-27 12:42:52,2022-12-27 12:33:18.208091,573.791909
ingv,EC1,sim2,template1,1669495,2022-12-27 12:57:23,0.2144510234398744,-0.8162193001875702,0.9103094160185752,0.9103094160185752,-0.8162193001875702,clean,,,2022-12-27 12:57:23,2022-12-27 13:06:43.719723,-560.719723
ingv,EC1,sim4,template2,1669516,2022-12-27 12:57:44,0.2133896729061382,-0.8275849482182972,0.9091190382139408,0.9091190382139408,-0.8275849482182972,clean,,,2022-12-27 12:57:44,2022-12-27 13:06:43.719723,-539.719723
ingv,EC1,sim3,template1,1669580,2022-12-27 12:58:48,0.2051865500174854,-0.8941794370801565,0.9021754982892192,0.9021754982892192,-0.8941794370801565,clean,,,2022-12-27 12:58:48,2022-12-27 13:06:43.719723,-475.719723
ingv,ECPN,sim4,template1,1668769,2022-12-27 12:59:32,0.2332667205241618,3.147985543068483,1.4368097855834538,1.4368097855834538,3.147985543068483,clean,,,2022-12-27 12:59:32,2022-12-27 13:06:43.719723,-431.719723
ingv,ECPN,sim4,template2,1668793,2022-12-27 13:13:56,0.2751041442531988,3.0373958698932206,1.4186321356133504,1.4186321356133504,3.0373958698932206,clean,,,2022-12-27 13:13:56,2022-12-27 13:06:43.719723,432.280277
ingv,ECPN,sim3,template2,1668870,2022-12-27 13:15:13,0.2597902338004806,2.9341608821323337,1.4018709753486427,1.4018709753486427,2.9341608821323337,clean,,,2022-12-27 13:15:13,2022-12-27 13:06:43.719723,509.280277
ingv,EC1,sim4,template3,1669771,2022-12-27 13:15:59,0.3221365634615458,-0.9029028805992908,0.90126987703425,0.90126987703425,-0.9029028805992908,clean,,,2022-12-27 13:15:59,2022-12-27 13:06:43.719723,555.280277
ingv,ECPN,sim3,template2,1670782,2022-12-27 13:47:05,0.2433545877005846,1.6980708793984356,1.215915917897658,1.215915917897658,1.6980708793984356,clean,,,2022-12-27 13:47:05,2022-12-27 13:56:06.261167,-541.261167
ingv,EC1,sim3,template1,1671682,2022-12-27 13:47:50,0.3055105836073666,-1.076460526597251,0.8834398261004136,0.8834398261004136,-1.076460526597251,clean,,,2022-12-27 13:47:50,2022-12-27 13:56:06.261167,-496.261167
ingv,EC1,sim2,template1,1671759,2022-12-27 14:03:07,0.3958224361068999,-1.1339998259128627,0.8776068587260747,0.8776068587260747,-1.1339998259128627,clean,,,2022-12-27 14:03:07,2022-12-27 13:56:06.261167,420.738833
ingv,EC1,sim1,template3,1671768,2022-12-27 14:03:16,0.3660371952519551,-1.1313566477567074,0.8778739613899825,0.8778739613899825,-1.1313566477567074,clean,,,2022-12-27 14:03:16,2022-12-27 13:56:06.261167,429.738833
ingv,ECPN,sim4,template2,1670954,2022-12-27 14:03:57,0.3039650670674305,1.7186375241186562,1.2187984021973608,1.2187984021973608,1.7186375241186562,clean,,,2022-12-27 14:03:57,2022-12-27 13:56:06.261167,470.738833
ingv,ECPN,sim1,template2,1671054,2022-12-27 14:05:37,0.3064625471575515,1.580385695925789,1.199552567959942,1.199552567959942,1.580385695925789,clean,,,2022-12-27 14:05:37,2022-12-27 13:56:06.261167,570.738833
ingv,EC1,sim3,template3,1671918,2022-12-27 14:05:46,0.3007528455522478,-1.4217937071878666,0.8490051304347263,0.8490051304347263,-1.4217937071878666,clean,,,2022-12-27 14:05:46,2022-12-27 13:56:06.261167,579.738833
ingv,ECPN,sim3,template3,1673142,2022-12-27 15:00:25,0.2379887060655668,-0.311247209351929,0.96480076584381,0.96480076584381,-0.311247209351929,clean,,,2022-12-27 15:00:25,2022-12-27 15:08:33.797544,-488.797544
ingv,ECPN,sim1,template1,1673158,2022-12-27 15:00:41,0.2299834872723227,-0.2995915072428048,0.9660963129157824,0.9660963129157824,-0.2995915072428048,clean,,,2022-12-27 15:00:41,2022-12-27 15:08:33.797544,-472.797544
ingv,ECPN,sim1,template2,1673192,2022-12-27 15:01:15,0.2013629088668999,-0.3028521005785771,0.9657337183909596,0.9657337183909596,-0.3028521005785771,clean,,,2022-12-27 15:01:15,2022-12-27 15:08:33.797544,-438.797544
ingv,ECPN,sim3,template4,1679984,2022-12-27 20:09:55,0.2360617196998147,-0.7230121659770574,0.9201304258382302,0.9201304258382302,-0.7230121659770574,clean,,,2022-12-27 20:09:55,2022-12-27 20:18:41.344975,-526.344975
ingv,ECPN,sim4,template1,1680009,2022-12-27 20:10:20,0.31009027036483,-1.99267558035542,0.7949983384539804,0.7949983384539804,-1.99267558035542,clean,,,2022-12-27 20:10:20,2022-12-27 20:18:41.344975,-501.344975
ingv,EC1,sim4,template2,1682770,2022-12-27 22:46:05,0.2377627616935748,-2.1865481091786907,0.7774502267144459,0.7774502267144459,-2.1865481091786907,clean,,,2022-12-27 22:46:05,2022-12-27 22:53:56.802914,-471.802914
ingv,EC1,sim1,template3,1682891,2022-12-27 23:02:06,0.3728280750670023,-2.313207375524017,0.7661955604365331,0.7661955604365331,-2.313207375524017,clean,,,2022-12-27 23:02:06,2022-12-27 22:53:56.802914,489.197086
ingv,ECPN,sim1,template2,1682125,2022-12-27 23:03:35,0.2293442397240599,-1.562453923351381,0.8353669783759355,0.8353669783759355,-1.562453923351381,clean,,,2022-12-27 23:03:35,2022-12-27 22:53:56.802914,578.197086
ingv,EC1,sim3,template1,1683497,2022-12-27 23:12:12,0.2969881909589555,-2.4127496279197405,0.7574649098372762,0.7574649098372762,-2.4127496279197405,clean,,,2022-12-27 23:12:12,2022-12-27 23:20:12.369205,-480.369205
ingv,ECPN,sim4,template1,1683555,2022-12-28 01:16:18,0.3995824496716799,-1.7513849909568615,0.8173926918541556,0.8173926918541556,-1.7513849909568615,clean,,,2022-12-28 01:16:18,2022-12-28 01:09:02.003781,435.996219
ingv,EC1,sim1,template3,1684425,2022-12-28 01:16:33,0.2780999261813949,-1.64955058863781,0.8270322984388712,0.8270322984388712,-1.64955058863781,clean,,,2022-12-28 01:16:33,2022-12-28 01:09:02.003781,450.996219
ingv,EC1,sim1,template4,1684494,2022-12-28 01:17:42,0.2472779334397888,-1.4999672015218328,0.8413983188133881,0.8413983188133881,-1.4999672015218328,clean,,,2022-12-28 01:17:42,2022-12-28 01:09:02.003781,519.996219
ingv,ECPN,sim2,template2,1683686,2022-12-28 01:18:29,0.2525052189559193,-1.6452947684946846,0.8274376182477892,0.8274376182477892,-1.6452947684946846,clean,,,2022-12-28 01:18:29,2022-12-28 01:09:02.003781,566.996219
ingv,EC1,sim1,template1,1685600,2022-12-28 02:44:34,0.2543903040648343,-1.927194257381272,0.8010143328187564,0.8010143328187564,-1.927194257381272,clean,,,2022-12-28 02:44:34,2022-12-28 02:36:55.553482,458.446518
ingv,EC1,sim1,template3,1685600,2022-12-28 02:44:34,0.2658096953927339,-1.9269216754452396,0.8010394707692469,0.8010394707692469,-1.9269216754452396,clean,,,2022-12-28 02:44:34,2022-12-28 02:36:55.553482,458.446518
ingv,EC1,sim3,template1,1686298,2022-12-28 02:56:12,0.2727260619008684,-1.1302762913537605,0.8779831586949762,0.8779831586949762,-1.1302762913537605,clean,,,2022-12-28 02:56:12,2022-12-28 03:04:51.182650,-519.18265
ingv,ECPN,sim1,template3,1685504,2022-12-28 02:57:13,0.2449756944756707,0.6938814758875349,1.0831636418738264,1.0831636418738264,0.6938814758875349,clean,,,2022-12-28 02:57:13,2022-12-28 03:04:51.182650,-458.18265
ingv,ECPN,sim4,template1,1685533,2022-12-28 02:57:42,0.4468112242451439,0.7954822216793261,1.0959080349291523,1.0959080349291523,0.7954822216793261,clean,,,2022-12-28 02:57:42,2022-12-28 03:04:51.182650,-429.18265
ingv,ECPN,sim2,template2,1685551,2022-12-28 03:12:00,0.2274909022734257,0.7969756099233041,1.096096473528537,1.096096473528537,0.7969756099233041,clean,,,2022-12-28 03:12:00,2022-12-28 03:04:51.182650,428.81735
ingv,EC1,sim3,template3,1686496,2022-12-28 03:13:30,0.2529773709584608,-1.0022967971945915,0.891015297097777,0.891015297097777,-1.0022967971945915,clean,,,2022-12-28 03:13:30,2022-12-28 03:04:51.182650,518.81735
ingv,ECPN,sim3,template1,1685663,2022-12-28 03:13:52,0.3241304050703558,0.6744800994946166,1.080746916154813,1.080746916154813,0.6744800994946166,clean,,,2022-12-28 03:13:52,2022-12-28 03:04:51.182650,540.81735
ingv,EC1,sim2,template4,1686539,2022-12-28 03:14:13,0.204406995441847,-1.055347393525392,0.8855898499969742,0.8855898499969742,-1.055347393525392,clean,,,2022-12-28 03:14:13,2022-12-28 03:04:51.182650,561.81735
ingv,EC1,sim1,template2,1689343,2022-12-28 05:30:43,0.3515031512581682,-1.2907922290156426,0.8619069616759376,0.8619069616759376,-1.2907922290156426,clean,,,2022-12-28 05:30:43,2022-12-28 05:38:29.964966,-466.964966
ingv,ECPN,sim1,template2,1688608,2022-12-28 05:46:43,0.2903434647005166,0.8851927627884337,1.1072855645331734,1.1072855645331734,0.8851927627884337,clean,,,2022-12-28 05:46:43,2022-12-28 05:38:29.964966,493.035034
ingv,ECPN,sim3,template4,1688618,2022-12-28 05:46:53,0.2516546814652294,0.1716135310633177,1.0199542138630655,1.0199542138630655,0.1716135310633177,clean,,,2022-12-28 05:46:53,2022-12-28 05:38:29.964966,503.035034
ingv,EC1,sim2,template4,1689532,2022-12-28 05:47:52,0.2139935627095327,-0.1330196935290617,0.9848022118063235,0.9848022118063235,-0.1330196935290617,clean,,,2022-12-28 05:47:52,2022-12-28 05:38:29.964966,562.035034
ingv,ECPN,sim1,template1,1688695,2022-12-28 05:48:10,0.2226852060436667,0.8554102666053929,1.1034953649779426,1.1034953649779426,0.8554102666053929,clean,,,2022-12-28 05:48:10,2022-12-28 05:38:29.964966,580.035034
ingv,EC1,sim4,template4,1695090,2022-12-28 08:42:43,0.2473907228779562,1.5022944500199351,1.188816221659746,1.188816221659746,1.5022944500199351,clean,,,2022-12-28 08:42:43,2022-12-28 08:35:09.768322,453.231678
ingv,ECPN,sim1,template1,1694240,2022-12-28 08:42:48,0.2813750749200288,-1.5321061305003971,0.8382907875440311,0.8382907875440311,-1.5321061305003971,clean,,,2022-12-28 08:42:48,2022-12-28 08:35:09.768322,458.231678
ingv,EC1,sim4,template1,1701065,2022-12-28 11:49:24,0.2256028225362538,0.2733829347120942,1.0319749293588447,1.0319749293588447,0.2733829347120942,clean,,,2022-12-28 11:49:24,2022-12-28 11:57:34.543986,-490.543986
ingv,EC1,sim2,template1,1701210,2022-12-28 12:05:49,0.2653357033196571,0.2634441720440522,1.0307947752727014,1.0307947752727014,0.2634441720440522,clean,,,2022-12-28 12:05:49,2022-12-28 11:57:34.543986,494.456014
ingv,ECPN,sim3,template1,1702219,2022-12-28 13:59:19,0.4393292053968736,0.0447551225814137,1.0051659215004651,1.0051659215004651,0.0447551225814137,clean,,,2022-12-28 13:59:19,2022-12-28 13:51:15.735579,483.264421
ingv,EC1,sim2,template3,1703120,2022-12-28 14:00:05,0.2640426630416876,0.6842218122526522,1.0819597144659152,1.0819597144659152,0.6842218122526522,clean,,,2022-12-28 14:00:05,2022-12-28 13:51:15.735579,529.264421
ingv,EC1,sim3,template3,1703120,2022-12-28 14:00:05,0.3408774851376313,0.6842218122526522,1.0819597144659152,1.0819597144659152,0.6842218122526522,clean,,,2022-12-28 14:00:05,2022-12-28 13:51:15.735579,529.264421
ingv,EC1,sim3,template1,1712034,2022-12-28 19:18:16,0.2061108500991928,-1.094112704505674,0.8816462503114635,0.8816462503114635,-1.094112704505674,clean,,,2022-12-28 19:18:16,2022-12-28 19:28:01.173888,-585.173888
ingv,ECPN,sim2,template3,1711189,2022-12-28 19:18:26,0.2476041367403762,-0.2897229649403652,0.9671945746742076,0.9671945746742076,-0.2897229649403652,clean,,,2022-12-28 19:18:26,2022-12-28 19:28:01.173888,-575.173888
ingv,ECPN,sim1,template2,1712666,2022-12-28 20:37:42,0.214758166796022,-0.2565355509379005,0.9708971415148042,0.9708971415148042,-0.2565355509379005,clean,,,2022-12-28 20:37:42,2022-12-28 20:46:37.515097,-535.515097
ingv,ECPN,sim1,template3,1712768,2022-12-28 20:39:24,0.340173956419789,-0.4515150649347247,0.9493453920596336,0.9493453920596336,-0.4515150649347247,clean,,,2022-12-28 20:39:24,2022-12-28 20:46:37.515097,-433.515097
ingv,EC1,sim2,template1,1714151,2022-12-28 22:06:17,0.2483311427995864,-2.134850762139492,0.7820913127482241,0.7820913127482241,-2.134850762139492,clean,,,2022-12-28 22:06:17,2022-12-28 22:14:18.411789,-481.411789
ingv,ECPN,sim2,template3,1713379,2022-12-28 22:21:40,0.3110695220847732,-0.94206120642593,0.8972158552843194,0.8972158552843194,-0.94206120642593,clean,,,2022-12-28 22:21:40,2022-12-28 22:14:18.411789,441.588211
ingv,EC1,sim2,template2,1714270,2022-12-28 22:22:16,0.2475184166899767,-2.511674232595212,0.7488869942701366,0.7488869942701366,-2.511674232595212,clean,,,2022-12-28 22:22:16,2022-12-28 22:14:18.411789,477.588211
ingv,ECPN,sim2,template2,1713468,2022-12-28 22:23:09,0.4796279380617426,-0.9307943108187572,0.8983804333496057,0.8983804333496057,-0.9307943108187572,clean,,,2022-12-28 22:23:09,2022-12-28 22:14:18.411789,530.588211
ingv,ECPN,sim3,template1,1714712,2022-12-28 23:20:45,0.4405724899143604,-0.0024796808498723,0.9997145569386098,0.9997145569386098,-0.0024796808498723,clean,,,2022-12-28 23:20:45,2022-12-28 23:12:13.592185,511.407815
ingv,ECPN,sim3,template4,1714717,2022-12-28 23:20:50,0.2342884185085728,1.0544692228104615,1.1290767413089722,1.1290767413089722,1.0544692228104615,clean,,,2022-12-28 23:20:50,2022-12-28 23:12:13.592185,516.407815
ingv,ECPN,sim2,template1,1725228,2022-12-29 04:05:32,0.3890924473379502,-0.1400497389895388,0.9840054709234832,0.9840054709234832,-0.1400497389895388,clean,,,2022-12-29 04:05:32,2022-12-29 04:14:51.632920,-559.63292
ingv,EC1,sim1,template2,1726256,2022-12-29 04:22:25,0.2168736392076603,-3.591618657120668,0.6613312837488828,0.6613312837488828,-3.591618657120668,clean,,,2022-12-29 04:22:25,2022-12-29 04:14:51.632920,453.36708
ingv,ECPN,sim4,template3,1725429,2022-12-29 04:22:53,0.421872570896848,-0.3141259221907148,0.9644810606354716,0.9644810606354716,-0.3141259221907148,clean,,,2022-12-29 04:22:53,2022-12-29 04:14:51.632920,481.36708
ingv,ECPN,sim3,template1,1725450,2022-12-29 04:23:14,0.309455006646013,-0.3066889497790869,0.9653072155770912,0.9653072155770912,-0.3066889497790869,clean,,,2022-12-29 04:23:14,2022-12-29 04:14:51.632920,502.36708
ingv,EC1,sim1,template1,1726357,2022-12-29 04:24:06,0.3271888394610213,-3.938695085996202,0.6354263871871797,0.6354263871871797,-3.938695085996202,clean,,,2022-12-29 04:24:06,2022-12-29 04:14:51.632920,554.36708
ingv,ECPN,sim1,template3,1725508,2022-12-29 04:24:12,0.2690372441173081,-0.2568232624475763,0.9708649820391934,0.9708649820391934,-0.2568232624475763,clean,,,2022-12-29 04:24:12,2022-12-29 04:14:51.632920,560.36708
ingv,EC1,sim3,template3,1727201,2022-12-29 05:09:39,0.3046447212943309,-0.0542438414929277,0.9937744067730592,0.9937744067730592,-0.0542438414929277,clean,,,2022-12-29 05:09:39,2022-12-29 05:17:24.421293,-465.421293
ingv,ECPN,sim4,template1,1726402,2022-12-29 05:24:35,0.3896233634150602,-0.7977622609048798,0.9122458302789296,0.9122458302789296,-0.7977622609048798,clean,,,2022-12-29 05:24:35,2022-12-29 05:17:24.421293,430.578707
ingv,ECPN,sim2,template2,1726412,2022-12-29 05:24:45,0.4241543455227026,-0.8296249309419426,0.9089055460513324,0.9089055460513324,-0.8296249309419426,clean,,,2022-12-29 05:24:45,2022-12-29 05:17:24.421293,440.578707
ingv,ECPN,sim4,template2,1726494,2022-12-29 05:26:07,0.3688800255707239,-0.8676519456004618,0.9049350355401424,0.9049350355401424,-0.8676519456004618,clean,,,2022-12-29 05:26:07,2022-12-29 05:17:24.421293,522.578707
ingv,EC1,sim4,template1,1727370,2022-12-29 05:26:28,0.2502234601025528,-0.0251098564730317,0.9971132955070772,0.9971132955070772,-0.0251098564730317,clean,,,2022-12-29 05:26:28,2022-12-29 05:17:24.421293,543.578707
ingv,ECPN,sim2,template3,1726529,2022-12-29 05:26:42,0.2966122728344135,-0.7930043060977665,0.9127456769992828,0.9127456769992828,-0.7930043060977665,clean,,,2022-12-29 05:26:42,2022-12-29 05:17:24.421293,557.578707
ingv,ECPN,sim3,template2,1726529,2022-12-29 05:26:42,0.4544466631422419,-0.7992395282851549,0.9120906917185522,0.9120906917185522,-0.7992395282851549,clean,,,2022-12-29 05:26:42,2022-12-29 05:17:24.421293,557.578707
ingv,ECPN,sim1,template3,1726532,2022-12-29 05:26:45,0.2827648925310657,-0.7770824119446017,0.9144203434435876,0.9144203434435876,-0.7770824119446017,clean,,,2022-12-29 05:26:45,2022-12-29 05:17:24.421293,560.578707
ingv,EC1,sim4,template3,1738188,2022-12-29 09:56:46,0.2959258763942731,0.6266176597682983,1.0748079818816518,1.0748079818816518,0.6266176597682983,clean,,,2022-12-29 09:56:46,2022-12-29 10:05:52.320843,-546.320843
ingv,ECPN,sim2,template2,1737374,2022-12-29 09:57:27,0.4574463336710801,0.0912782037022125,1.010564202839774,1.010564202839774,0.0912782037022125,clean,,,2022-12-29 09:57:27,2022-12-29 10:05:52.320843,-505.320843
ingv,ECPN,sim1,template3,1743340,2022-12-29 12:54:03,0.4060472981749128,1.833883133153896,1.2350773481931514,1.2350773481931514,1.833883133153896,clean,,,2022-12-29 12:54:03,2022-12-29 12:45:33.487365,509.512635
ingv,ECPN,sim3,template3,1743378,2022-12-29 12:54:41,0.3351984790278197,1.7921366501561675,1.229155510511854,1.229155510511854,1.7921366501561675,clean,,,2022-12-29 12:54:41,2022-12-29 12:45:33.487365,547.512635
ingv,ECPN,sim4,template1,1746368,2022-12-29 14:34:01,0.3003216387263023,-1.7325440356505348,0.8191676596256252,0.8191676596256252,-1.7325440356505348,clean,,,2022-12-29 14:34:01,2022-12-29 14:43:05.004244,-544.004244
ingv,ECPN,sim1,template3,1746444,2022-12-29 14:35:17,0.3786487653313669,-1.7440604926859278,0.818082260410131,0.818082260410131,-1.7440604926859278,clean,,,2022-12-29 14:35:17,2022-12-29 14:43:05.004244,-468.004244
ingv,EC1,sim3,template3,1747361,2022-12-29 15:34:30,0.2439586356437648,2.69862455705975,1.3643670668804535,1.3643670668804535,2.69862455705975,clean,,,2022-12-29 15:34:30,2022-12-29 15:27:16.147222,433.852778
ingv,EC1,sim1,template4,1747440,2022-12-29 15:35:49,0.271374071035378,0.1158938873075187,1.013432188937282,1.013432188937282,0.1158938873075187,clean,,,2022-12-29 15:35:49,2022-12-29 15:27:16.147222,512.852778
ingv,EC1,sim3,template1,1747508,2022-12-29 15:36:57,0.3190146265509477,2.943160736790193,1.4033242719196115,1.4033242719196115,2.943160736790193,clean,,,2022-12-29 15:36:57,2022-12-29 15:27:16.147222,580.852778
ingv,ECPN,sim3,template1,1752370,2022-12-29 18:05:01,0.2562529344772559,-0.6087169397620148,0.9323181801317122,0.9323181801317122,-0.6087169397620148,clean,,,2022-12-29 18:05:01,2022-12-29 18:13:44.837799,-523.837799
ingv,ECPN,sim4,template3,1752415,2022-12-29 18:05:46,0.4064882376215503,-0.7702618656270787,0.9151386689037954,0.9151386689037954,-0.7702618656270787,clean,,,2022-12-29 18:05:46,2022-12-29 18:13:44.837799,-478.837799
ingv,ECPN,sim4,template2,1752444,2022-12-29 18:06:15,0.360774504640784,-0.7664310465105584,0.915542370084616,0.915542370084616,-0.7664310465105584,clean,,,2022-12-29 18:06:15,2022-12-29 18:13:44.837799,-449.837799
ingv,ECPN,sim1,template2,1752469,2022-12-29 18:06:40,0.2821464290164779,-0.7525837325326963,0.9170031201323716,0.9170031201323716,-0.7525837325326963,clean,,,2022-12-29 18:06:40,2022-12-29 18:13:44.837799,-424.837799
ingv,ECPN,sim2,template2,1752481,2022-12-29 18:20:52,0.4547552597702353,-0.7338033529233233,0.9189879828163668,0.9189879828163668,-0.7338033529233233,clean,,,2022-12-29 18:20:52,2022-12-29 18:13:44.837799,427.162201
ingv,EC1,sim1,template2,1753344,2022-12-29 18:21:00,0.2117773427660174,-4.149780274923285,0.6201703317704734,0.6201703317704734,-4.149780274923285,clean,,,2022-12-29 18:21:00,2022-12-29 18:13:44.837799,435.162201
ingv,ECPN,sim1,template2,1755046,2022-12-29 19:23:37,0.3071041249595527,-1.2349899932205677,0.8674620821797147,0.8674620821797147,-1.2349899932205677,clean,,,2022-12-29 19:23:37,2022-12-29 19:33:28.519249,-591.519249
ingv,EC1,sim3,template1,1755947,2022-12-29 19:24:23,0.2962121548306554,-1.603815189771694,0.8313985074465474,0.8313985074465474,-1.603815189771694,clean,,,2022-12-29 19:24:23,2022-12-29 19:33:28.519249,-545.519249
ingv,EC1,sim1,template1,1756007,2022-12-29 19:25:23,0.2766940481176514,-1.5960417544864751,0.832142900430695,0.832142900430695,-1.5960417544864751,clean,,,2022-12-29 19:25:23,2022-12-29 19:33:28.519249,-485.519249
ingv,ECPN,sim3,template4,1755186,2022-12-29 19:25:57,0.2700042506630299,0.2768352630260055,1.0323851837525655,1.0323851837525655,0.2768352630260055,clean,,,2022-12-29 19:25:57,2022-12-29 19:33:28.519249,-451.519249
ingv,EC1,sim4,template2,1756126,2022-12-29 19:41:22,0.3121961283197804,-1.568671862215942,0.8347691809985958,0.8347691809985958,-1.568671862215942,clean,,,2022-12-29 19:41:22,2022-12-29 19:33:28.519249,473.480751
ingv,EC1,sim3,template2,1756165,2022-12-29 19:42:01,0.2477223687221709,-1.5874304984753216,0.832968302218888,0.832968302218888,-1.5874304984753216,clean,,,2022-12-29 19:42:01,2022-12-29 19:33:28.519249,512.480751
ingv,ECPN,sim4,template4,1755384,2022-12-29 19:43:15,0.2424759407201789,0.2447638277746432,1.0285802744165355,1.0285802744165355,0.2447638277746432,clean,,,2022-12-29 19:43:15,2022-12-29 19:33:28.519249,586.480751
ingv,EC1,sim4,template3,1756272,2022-12-29 19:43:48,0.4291627434330773,-1.5187877835436954,0.8395771510546622,0.8395771510546622,-1.5187877835436954,clean,,,2022-12-29 19:43:48,2022-12-29 19:53:38.057491,-590.057491
ingv,ECPN,sim2,template1,1755492,2022-12-29 19:45:03,0.251529613610187,-1.3621343833804214,0.8548566231826488,0.8548566231826488,-1.3621343833804214,clean,,,2022-12-29 19:45:03,2022-12-29 19:53:38.057491,-515.057491
ingv,EC1,sim4,template1,1756365,2022-12-29 19:45:21,0.4053227916170863,-1.3391051755464078,0.8571261422221573,0.8571261422221573,-1.3391051755464078,clean,,,2022-12-29 19:45:21,2022-12-29 19:53:38.057491,-497.057491
ingv,EC1,sim2,template3,1756443,2022-12-29 20:00:39,0.2526734298405131,-1.30260584609613,0.860735484950933,0.860735484950933,-1.30260584609613,clean,,,2022-12-29 20:00:39,2022-12-29 19:53:38.057491,420.942509
ingv,EC1,sim3,template3,1756475,2022-12-29 20:01:11,0.4768893557676134,-1.3032946890104344,0.8606672261939705,0.8606672261939705,-1.3032946890104344,clean,,,2022-12-29 20:01:11,2022-12-29 19:53:38.057491,452.942509
ingv,ECPN,sim1,template3,1755680,2022-12-29 20:02:11,0.2559988781864169,-0.7844295231312459,0.9136471920912728,0.9136471920912728,-0.7844295231312459,clean,,,2022-12-29 20:02:11,2022-12-29 19:53:38.057491,512.942509
ingv,EC1,sim1,template4,1756808,2022-12-29 20:06:44,0.2133591378266056,-1.2423884617584413,0.8667235097766666,0.8667235097766666,-1.2423884617584413,clean,,,2022-12-29 20:06:44,2022-12-29 20:16:13.627158,-569.627158
ingv,EC1,sim1,template2,1756864,2022-12-29 20:07:40,0.2034109073090554,0.4060451759304187,1.0478575786812896,1.0478575786812896,0.4060451759304187,clean,,,2022-12-29 20:07:40,2022-12-29 20:16:13.627158,-513.627158
ingv,ECPN,sim4,template2,1756057,2022-12-29 20:08:28,0.2613345826391425,-0.3116124183639766,0.9647602004507736,0.9647602004507736,-0.3116124183639766,clean,,,2022-12-29 20:08:28,2022-12-29 20:16:13.627158,-465.627158
ingv,ECPN,sim1,template2,1756058,2022-12-29 20:08:29,0.4438984931220819,-0.3104568371535752,0.9648885618473612,0.9648885618473612,-0.3104568371535752,clean,,,2022-12-29 20:08:29,2022-12-29 20:16:13.627158,-464.627158
ingv,ECPN,sim1,template4,1756071,2022-12-29 20:08:42,0.2091265399768247,0.244426428693212,1.0285403205011652,1.0285403205011652,0.244426428693212,clean,,,2022-12-29 20:08:42,2022-12-29 20:16:13.627158,-451.627158
ingv,ECPN,sim1,template1,1756167,2022-12-29 20:24:18,0.2664566583113102,-0.3255299471890816,0.9632155887876016,0.9632155887876016,-0.3255299471890816,clean,,,2022-12-29 20:24:18,2022-12-29 20:16:13.627158,484.372842
ingv,ECPN,sim1,template2,1758296,2022-12-29 20:59:47,0.375164321772431,0.9231680424498168,1.112137288004714,1.112137288004714,0.9231680424498168,clean,,,2022-12-29 20:59:47,2022-12-29 21:09:26.324050,-579.32405
ingv,EC1,sim3,template1,1759170,2022-12-29 21:00:06,0.2456127201558148,1.4293549373609222,1.1788749701583394,1.1788749701583394,1.4293549373609222,clean,,,2022-12-29 21:00:06,2022-12-29 21:09:26.324050,-560.32405
ingv,ECPN,sim4,template3,1758426,2022-12-29 21:01:57,0.3297120471409717,1.4645850706650976,1.1836662195531362,1.1836662195531362,1.4645850706650976,clean,,,2022-12-29 21:01:57,2022-12-29 21:09:26.324050,-449.32405
ingv,ECPN,sim3,template1,1762206,2022-12-29 22:48:20,0.3375577875571562,-0.2583097316813669,0.970698846213771,0.970698846213771,-0.2583097316813669,clean,,,2022-12-29 22:48:20,2022-12-29 22:40:29.683469,470.316531
ingv,ECPN,sim1,template3,1763730,2022-12-30 01:05:52,0.3007769489774495,-0.8366979291381365,0.908165717340994,0.908165717340994,-0.8366979291381365,clean,,,2022-12-30 01:05:52,2022-12-30 00:56:43.792224,548.207776
ingv,EC1,sim1,template1,1765313,2022-12-30 01:48:43,0.2483373728883907,-2.454748410519367,0.7538111889576549,0.7538111889576549,-2.454748410519367,clean,,,2022-12-30 01:48:43,2022-12-30 01:41:27.813802,435.186198
ingv,EC1,sim2,template1,1774453,2022-12-30 07:47:13,0.280628734398044,-3.90450506876126,0.637932526962261,0.637932526962261,-3.90450506876126,clean,,,2022-12-30 07:47:13,2022-12-30 07:56:35.221500,-562.2215
ingv,ECPN,sim4,template1,1773733,2022-12-30 07:49:28,0.3938158370664565,-1.8538246645219707,0.8078091475589402,0.8078091475589402,-1.8538246645219707,clean,,,2022-12-30 07:49:28,2022-12-30 07:56:35.221500,-427.2215
ingv,ECPN,sim1,template2,1773882,2022-12-30 08:05:57,0.3772324894973982,-1.9063315552030664,0.8029406074741615,0.8029406074741615,-1.9063315552030664,clean,,,2022-12-30 08:05:57,2022-12-30 07:56:35.221500,561.7785
ingv,ECPN,sim3,template3,1773897,2022-12-30 08:06:12,0.2570881035463074,-1.8970241078613967,0.8038014672389194,0.8038014672389194,-1.8970241078613967,clean,,,2022-12-30 08:06:12,2022-12-30 07:56:35.221500,576.7785
ingv,ECPN,sim4,template4,1776204,2022-12-30 09:04:39,0.3417926607317205,1.104672097900953,1.135621496710573,1.135621496710573,1.104672097900953,clean,,,2022-12-30 09:04:39,2022-12-30 09:13:05.634024,-506.634024
ingv,EC1,sim4,template1,1777176,2022-12-30 09:20:36,0.2420840952188506,1.9687522561317103,1.254404527419204,1.254404527419204,1.9687522561317103,clean,,,2022-12-30 09:20:36,2022-12-30 09:13:05.634024,450.365976
ingv,ECPN,sim2,template1,1776352,2022-12-30 09:21:07,0.3239256288069836,-0.5783059989967321,0.93558812323981,0.93558812323981,-0.5783059989967321,clean,,,2022-12-30 09:21:07,2022-12-30 09:13:05.634024,481.365976
ingv,ECPN,sim2,template1,1783600,2022-12-30 13:16:12,0.2568087472669039,0.259927155369283,1.0303774790951532,1.0303774790951532,0.259927155369283,clean,,,2022-12-30 13:16:12,2022-12-30 13:24:13.577564,-481.577564
ingv,EC1,sim2,template2,1784623,2022-12-30 13:33:00,0.354037228755925,2.856932250905577,1.389461803768923,1.389461803768923,2.856932250905577,clean,,,2022-12-30 13:33:00,2022-12-30 13:24:13.577564,526.422436
ingv,EC1,sim4,template1,1785224,2022-12-30 13:43:01,0.2128710980955216,2.466351275471548,1.3283654268857372,1.3283654268857372,2.466351275471548,clean,,,2022-12-30 13:43:01,2022-12-30 13:51:48.027466,-527.027466
ingv,EC1,sim1,template1,1785315,2022-12-30 13:44:32,0.2310437160504388,2.5152556575413447,1.3358656505685549,1.3358656505685549,2.5152556575413447,clean,,,2022-12-30 13:44:32,2022-12-30 13:51:48.027466,-436.027466
ingv,EC1,sim1,template3,1785349,2022-12-30 13:59:06,0.2909846490500209,2.452379320404656,1.326230361473694,1.326230361473694,2.452379320404656,clean,,,2022-12-30 13:59:06,2022-12-30 13:51:48.027466,437.972534
ingv,ECPN,sim2,template4,1788423,2022-12-30 15:44:35,0.2002885951454693,-1.7627376990300494,0.8163250339315186,0.8163250339315186,-1.7627376990300494,clean,,,2022-12-30 15:44:35,2022-12-30 15:53:58.009349,-563.009349
ingv,ECPN,sim4,template3,1788476,2022-12-30 15:45:28,0.4134563458836239,-0.4171366642482834,0.9531103085914766,0.9531103085914766,-0.4171366642482834,clean,,,2022-12-30 15:45:28,2022-12-30 15:53:58.009349,-510.009349
ingv,ECPN,sim3,template3,1788550,2022-12-30 15:46:42,0.4356637967353183,-0.589602506382224,0.9343721270850652,0.9343721270850652,-0.589602506382224,clean,,,2022-12-30 15:46:42,2022-12-30 15:53:58.009349,-436.009349
ingv,ECPN,sim1,template2,1790358,2022-12-30 17:25:25,0.2309350482333339,-2.508106652863113,0.7491946498965794,0.7491946498965794,-2.508106652863113,clean,,,2022-12-30 17:25:25,2022-12-30 17:34:23.009031,-538.009031
ingv,ECPN,sim2,template3,1790452,2022-12-30 17:26:59,0.216745552615278,-2.733432298181497,0.7300092869107611,0.7300092869107611,-2.733432298181497,clean,,,2022-12-30 17:26:59,2022-12-30 17:34:23.009031,-444.009031
ingv,EC1,sim2,template2,1791437,2022-12-30 17:57:09,0.3378273808323069,-3.2779322287970736,0.6856514338620082,0.6856514338620082,-3.2779322287970736,clean,,,2022-12-30 17:57:09,2022-12-30 17:49:02.413251,486.586749
ingv,ECPN,sim1,template3,1790638,2022-12-30 17:58:05,0.2381666672360213,-2.209154602752239,0.7754294121966572,0.7754294121966572,-2.209154602752239,clean,,,2022-12-30 17:58:05,2022-12-30 17:49:02.413251,542.586749
ingv,ECPN,sim3,template1,1791043,2022-12-30 18:37:06,0.2985825806152004,-1.4721393748563527,0.8440983109785001,0.8440983109785001,-1.4721393748563527,clean,,,2022-12-30 18:37:06,2022-12-30 18:27:36.931476,569.068524
ingv,ECPN,sim4,template2,1794799,2022-12-30 19:59:42,0.35136534356636,-3.2905400630073283,0.6846569118196046,0.6846569118196046,-3.2905400630073283,clean,,,2022-12-30 19:59:42,2022-12-30 20:08:09.722365,-507.722365
ingv,ECPN,sim3,template3,1794863,2022-12-30 20:00:46,0.3158627984089726,-3.1391864547226183,0.6966917651991676,0.6966917651991676,-3.1391864547226183,clean,,,2022-12-30 20:00:46,2022-12-30 20:08:09.722365,-443.722365
ingv,EC1,sim2,template3,1795782,2022-12-30 20:15:50,0.3193323756141425,0.2802551809385039,1.0327917474888486,1.0327917474888486,0.2802551809385039,clean,,,2022-12-30 20:15:50,2022-12-30 20:08:09.722365,460.277635
ingv,ECPN,sim4,template3,1794953,2022-12-30 20:16:16,0.3100176827220505,-3.161390386348975,0.6949130710701601,0.6949130710701601,-3.161390386348975,clean,,,2022-12-30 20:16:16,2022-12-30 20:08:09.722365,486.277635
ingv,ECPN,sim1,template3,1795831,2022-12-30 20:30:54,0.4151750559818162,-1.5734284957274762,0.8343121634454798,0.8343121634454798,-1.5734284957274762,clean,,,2022-12-30 20:30:54,2022-12-30 20:40:51.447533,-597.447533
ingv,EC1,sim1,template4,1796709,2022-12-30 20:31:17,0.2095803622262911,0.7421182888689536,1.089195690743312,1.089195690743312,0.7421182888689536,clean,,,2022-12-30 20:31:17,2022-12-30 20:40:51.447533,-574.447533
ingv,ECPN,sim3,template2,1795945,2022-12-30 20:32:48,0.3857294538661944,-1.4097871739894952,0.8501795244559902,0.8501795244559902,-1.4097871739894952,clean,,,2022-12-30 20:32:48,2022-12-30 20:40:51.447533,-483.447533
ingv,ECPN,sim1,template2,1798871,2022-12-30 23:25:40,0.2650733344325171,2.703034378557196,1.3650599311750016,1.3650599311750016,2.703034378557196,clean,,,2022-12-30 23:25:40,2022-12-30 23:17:47.984561,472.015439
ingv,EC1,sim1,template2,1799777,2022-12-30 23:26:31,0.283782927111419,2.7452391137490184,1.3717088975594112,1.3717088975594112,2.7452391137490184,clean,,,2022-12-30 23:26:31,2022-12-30 23:17:47.984561,523.015439
ingv,EC1,sim4,template1,1799829,2022-12-30 23:27:23,0.4064709675739775,2.7618359143292888,1.3743324334543228,1.3743324334543228,2.7618359143292888,clean,,,2022-12-30 23:27:23,2022-12-30 23:17:47.984561,575.015439
ingv,EC1,sim1,template4,1800809,2022-12-31 00:47:17,0.2050823367632457,0.6391560121047644,1.0763606210653818,1.0763606210653818,0.6391560121047644,clean,,,2022-12-31 00:47:17,2022-12-31 00:39:33.802315,463.197685
ingv,EC1,sim1,template1,1800819,2022-12-31 00:47:27,0.3558478069429289,3.4028009666855805,1.4795854379071045,1.4795854379071045,3.4028009666855805,clean,,,2022-12-31 00:47:27,2022-12-31 00:39:33.802315,473.197685
ingv,EC1,sim1,template2,1800870,2022-12-31 00:48:18,0.3525677502925237,3.403950830136439,1.4797813227164074,1.4797813227164074,3.403950830136439,clean,,,2022-12-31 00:48:18,2022-12-31 00:39:33.802315,524.197685
ingv,EC1,sim4,template3,1801760,2022-12-31 01:31:11,0.2783826651788704,3.218980961955014,1.4486018920211343,1.4486018920211343,3.218980961955014,clean,,,2022-12-31 01:31:11,2022-12-31 01:23:49.737210,441.26279
ingv,EC1,sim3,template2,1801805,2022-12-31 01:31:56,0.2469082679082834,3.127665199237406,1.4334523467232605,1.4334523467232605,3.127665199237406,clean,,,2022-12-31 01:31:56,2022-12-31 01:23:49.737210,486.26279
ingv,ECPN,sim1,template1,1800950,2022-12-31 01:31:56,0.2614196815420333,3.431565157139445,1.4844933548015604,1.4844933548015604,3.431565157139445,clean,,,2022-12-31 01:31:56,2022-12-31 01:23:49.737210,486.26279
ingv,EC1,sim1,template2,1812826,2022-12-31 06:09:37,0.207623653725851,0.5751642495954511,1.0684598631711084,1.0684598631711084,0.5751642495954511,clean,,,2022-12-31 06:09:37,2022-12-31 06:19:01.734566,-564.734566
ingv,EC1,sim2,template1,1812921,2022-12-31 06:11:12,0.3329043417444641,0.6754321396837264,1.0808653808063156,1.0808653808063156,0.6754321396837264,clean,,,2022-12-31 06:11:12,2022-12-31 06:19:01.734566,-469.734566
ingv,EC1,sim4,template1,1818389,2022-12-31 08:40:43,0.3109598357272431,0.32902723606648,1.0386072785547686,1.0386072785547686,0.32902723606648,clean,,,2022-12-31 08:40:43,2022-12-31 08:50:35.815417,-592.815417
ingv,EC1,sim1,template3,1818428,2022-12-31 08:41:22,0.2998485711306314,0.3401400442679658,1.039936932796922,1.039936932796922,0.3401400442679658,clean,,,2022-12-31 08:41:22,2022-12-31 08:50:35.815417,-553.815417
ingv,ECPN,sim4,template3,1817580,2022-12-31 08:41:29,0.3683581569523591,1.1084587524221086,1.1361166841856494,1.1361166841856494,1.1084587524221086,clean,,,2022-12-31 08:41:29,2022-12-31 08:50:35.815417,-546.815417
ingv,ECPN,sim4,template2,1817641,2022-12-31 08:42:30,0.424229470283811,1.0574124042465474,1.1294593895940983,1.1294593895940983,1.0574124042465474,clean,,,2022-12-31 08:42:30,2022-12-31 08:50:35.815417,-485.815417
ingv,ECPN,sim2,template1,1818308,2022-12-31 09:24:25,0.3748020306006073,1.4048256755731643,1.1755504816895364,1.1755504816895364,1.4048256755731643,clean,,,2022-12-31 09:24:25,2022-12-31 09:32:42.981457,-497.981457
ingv,EC1,sim4,template3,1819279,2022-12-31 09:40:21,0.2556005616338713,0.2139627928349338,1.024939285176531,1.024939285176531,0.2139627928349338,clean,,,2022-12-31 09:40:21,2022-12-31 09:32:42.981457,458.018543
ingv,EC1,sim2,template2,1819375,2022-12-31 09:41:57,0.3598644556249226,0.0947513368742587,1.0109683670662335,1.0109683670662335,0.0947513368742587,clean,,,2022-12-31 09:41:57,2022-12-31 09:32:42.981457,554.018543
ingv,ECPN,sim1,template2,1822787,2022-12-31 11:33:04,0.3708539418368336,-2.1017162035956924,0.7850804989648849,0.7850804989648849,-2.1017162035956924,clean,,,2022-12-31 11:33:04,2022-12-31 11:42:53.208055,-589.208055
ingv,ECPN,sim3,template1,1823038,2022-12-31 11:51:15,0.3074278606220008,-2.0725300431415263,0.7877229485298151,0.7877229485298151,-2.0725300431415263,clean,,,2022-12-31 11:51:15,2022-12-31 11:42:53.208055,501.791945
ingv,ECPN,sim2,template2,1823044,2022-12-31 11:51:21,0.3575182421133761,-2.074939933929472,0.7875044259562777,0.7875044259562777,-2.074939933929472,clean,,,2022-12-31 11:51:21,2022-12-31 11:42:53.208055,507.791945
ingv,EC1,sim2,template3,1823948,2022-12-31 11:52:10,0.2286488917655189,-1.8343939090879848,0.8096182785145141,0.8096182785145141,-1.8343939090879848,clean,,,2022-12-31 11:52:10,2022-12-31 11:42:53.208055,556.791945
ingv,ECPN,sim1,template3,1823135,2022-12-31 11:52:52,0.4323520624425955,-2.3613483987125568,0.761960713956546,0.761960713956546,-2.3613483987125568,clean,,,2022-12-31 11:52:52,2022-12-31 11:42:53.208055,598.791945
ingv,EC1,sim2,template1,1824446,2022-12-31 12:20:28,0.4241282623336366,-2.7913234815755694,0.7251599759976847,0.7251599759976847,-2.7913234815755694,clean,,,2022-12-31 12:20:28,2022-12-31 12:10:33.765198,594.234802
ingv,EC1,sim3,template1,1826274,2022-12-31 13:31:37,0.2715799858398798,1.2450185268156502,1.1541198917463764,1.1541198917463764,1.2450185268156502,clean,,,2022-12-31 13:31:37,2022-12-31 13:23:46.739459,470.260541
ingv,ECPN,sim2,template3,1825424,2022-12-31 13:31:42,0.2425227649542089,-1.7753495081002284,0.8151405997331358,0.8151405997331358,-1.7753495081002284,clean,,,2022-12-31 13:31:42,2022-12-31 13:23:46.739459,475.260541
ingv,EC1,sim3,template2,1826400,2022-12-31 13:33:43,0.2213088910267506,1.137855105175786,1.1399682488792728,1.1399682488792728,1.137855105175786,clean,,,2022-12-31 13:33:43,2022-12-31 13:23:46.739459,596.260541
ingv,ECPN,sim4,template2,1826073,2022-12-31 14:02:31,0.3328671524691855,-2.194024876680776,0.776781289653363,0.776781289653363,-2.194024876680776,clean,,,2022-12-31 14:02:31,2022-12-31 13:54:02.164783,508.835217
ingv,ECPN,sim2,template2,1835702,2022-12-31 17:59:22,0.3802242180770918,-0.8948334005210341,0.902107575761071,0.902107575761071,-0.8948334005210341,clean,,,2022-12-31 17:59:22,2022-12-31 18:07:25.888859,-483.888859
ingv,ECPN,sim4,template1,1835776,2022-12-31 18:14:36,0.3063827565491848,-0.9018308330235614,0.901381122267137,0.901381122267137,-0.9018308330235614,clean,,,2022-12-31 18:14:36,2022-12-31 18:07:25.888859,430.111141
ingv,ECPN,sim2,template3,1835848,2022-12-31 18:15:48,0.4433345745985405,-0.8987959988727288,0.9016961182294618,0.9016961182294618,-0.8987959988727288,clean,,,2022-12-31 18:15:48,2022-12-31 18:07:25.888859,502.111141
ingv,EC1,sim2,template2,1850160,2023-01-01 00:01:54,0.217495581545126,-1.776591275650122,0.8150240724876924,0.8150240724876924,-1.776591275650122,clean,,,2023-01-01 00:01:54,2023-01-01 00:11:24.356187,-570.356187
ingv,ECPN,sim3,template1,1849443,2023-01-01 00:04:12,0.2792827357341288,0.2469472526061661,1.0288388673878142,1.0288388673878142,0.2469472526061661,clean,,,2023-01-01 00:04:12,2023-01-01 00:11:24.356187,-432.356187
ingv,ECPN,sim2,template2,1849574,2023-01-01 00:31:26,0.2841517122899823,0.4322160112922082,1.051019564897007,1.051019564897007,0.4322160112922082,clean,,,2023-01-01 00:31:26,2023-01-01 00:22:27.478900,538.5211
ingv,EC1,sim3,template1,1850813,2023-01-01 00:37:50,0.2769736011206258,-0.8044511239589476,0.9115435949518484,0.9115435949518484,-0.8044511239589476,clean,,,2023-01-01 00:37:50,2023-01-01 00:46:40.347168,-530.347168
ingv,ECPN,sim2,template1,1849963,2023-01-01 00:37:55,0.454748060195855,0.2277818068932402,1.026571233537625,1.026571233537625,0.2277818068932402,clean,,,2023-01-01 00:37:55,2023-01-01 00:46:40.347168,-525.347168
ingv,ECPN,sim4,template3,1849989,2023-01-01 00:38:21,0.3366632690614933,0.073078093229165,1.0084489187441976,1.0084489187441976,0.073078093229165,clean,,,2023-01-01 00:38:21,2023-01-01 00:46:40.347168,-499.347168
ingv,ECPN,sim1,template4,1850028,2023-01-01 00:39:00,0.2610073081949495,-0.0647176366130231,0.992576795827112,0.992576795827112,-0.0647176366130231,clean,,,2023-01-01 00:39:00,2023-01-01 00:46:40.347168,-460.347168
ingv,ECPN,sim4,template2,1850046,2023-01-01 00:39:18,0.3436033666048633,-0.0127371826078413,0.99853465233189,0.99853465233189,-0.0127371826078413,clean,,,2023-01-01 00:39:18,2023-01-01 00:46:40.347168,-442.347168
ingv,ECPN,sim3,template2,1850089,2023-01-01 00:54:01,0.2909253084362102,-0.093414589313398,0.9893028735367264,0.9893028735367264,-0.093414589313398,clean,,,2023-01-01 00:54:01,2023-01-01 00:46:40.347168,440.652832
ingv,ECPN,sim3,template3,1850099,2023-01-01 00:54:11,0.338503678176093,-0.0991161277558461,0.9886536944960572,0.9886536944960572,-0.0991161277558461,clean,,,2023-01-01 00:54:11,2023-01-01 00:46:40.347168,450.652832
ingv,ECPN,sim1,template3,1850955,2023-01-01 01:08:27,0.3596112849010064,-0.3441972753416462,0.9611477115244949,0.9611477115244949,-0.3441972753416462,clean,,,2023-01-01 01:08:27,2023-01-01 01:16:54.787498,-507.787498
ingv,ECPN,sim2,template2,1851005,2023-01-01 01:09:17,0.2589623038810012,-0.3802119436141647,0.957170715173102,0.957170715173102,-0.3802119436141647,clean,,,2023-01-01 01:09:17,2023-01-01 01:16:54.787498,-457.787498
ingv,EC1,sim4,template2,1851932,2023-01-01 01:24:29,0.2023107199871204,-2.848891886758253,0.7203696474357089,0.7203696474357089,-2.848891886758253,clean,,,2023-01-01 01:24:29,2023-01-01 01:16:54.787498,454.212502
ingv,ECPN,sim3,template3,1851104,2023-01-01 01:24:56,0.2981202271040589,-0.3390937354944378,0.961712615894006,0.961712615894006,-0.3390937354944378,clean,,,2023-01-01 01:24:56,2023-01-01 01:16:54.787498,481.212502
ingv,ECPN,sim2,template3,1851129,2023-01-01 01:25:21,0.2545107620113128,-0.5183662594812062,0.9420667744503812,0.9420667744503812,-0.5183662594812062,clean,,,2023-01-01 01:25:21,2023-01-01 01:16:54.787498,506.212502
ingv,EC1,sim3,template3,1852011,2023-01-01 01:25:48,0.2323239725069824,-2.8869616755102463,0.7172192150117586,0.7172192150117586,-2.8869616755102463,clean,,,2023-01-01 01:25:48,2023-01-01 01:16:54.787498,533.212502
ingv,EC1,sim2,template2,1859927,2023-01-01 04:47:44,0.3266536539542153,0.6000909055562109,1.071530519698326,1.071530519698326,0.6000909055562109,clean,,,2023-01-01 04:47:44,2023-01-01 04:56:40.162184,-536.162184
ingv,ECPN,sim4,template4,1859121,2023-01-01 04:48:33,0.2324455922635146,0.6702530027912534,1.0802210851280192,1.0802210851280192,0.6702530027912534,clean,,,2023-01-01 04:48:33,2023-01-01 04:56:40.162184,-487.162184
ingv,EC1,sim1,template3,1860004,2023-01-01 04:49:01,0.4212878565022492,0.636734128063076,1.076060541588882,1.076060541588882,0.636734128063076,clean,,,2023-01-01 04:49:01,2023-01-01 04:56:40.162184,-459.162184
ingv,EC1,sim2,template3,1860094,2023-01-01 05:04:31,0.2352505193865728,-0.2100473725541566,0.9761074587579722,0.9761074587579722,-0.2100473725541566,clean,,,2023-01-01 05:04:31,2023-01-01 04:56:40.162184,470.837816
ingv,ECPN,sim4,template2,1862446,2023-01-01 07:10:37,0.3443282943614498,3.2301397740181024,1.45046411509963,1.45046411509963,3.2301397740181024,clean,,,2023-01-01 07:10:37,2023-01-01 07:18:37.302460,-480.30246
ingv,ECPN,sim3,template2,1862504,2023-01-01 07:11:35,0.2241942170145749,3.1128261283045706,1.431005511409104,1.431005511409104,3.1128261283045706,clean,,,2023-01-01 07:11:35,2023-01-01 07:18:37.302460,-422.30246
ingv,EC1,sim3,template1,1866622,2023-01-01 08:43:59,0.2344035894985499,0.1239955567491615,1.014377897811488,1.014377897811488,0.1239955567491615,clean,,,2023-01-01 08:43:59,2023-01-01 08:53:50.289374,-591.289374
ingv,EC1,sim3,template3,1866733,2023-01-01 08:45:50,0.4126435258805744,0.170292442994955,1.0197990948214015,1.0197990948214015,0.170292442994955,clean,,,2023-01-01 08:45:50,2023-01-01 08:53:50.289374,-480.289374
ingv,EC1,sim2,template3,1866837,2023-01-01 09:37:02,0.4791697010031827,0.247983159472902,1.0289615773057,1.0289615773057,0.247983159472902,clean,,,2023-01-01 09:37:02,2023-01-01 09:29:18.989953,463.010047
ingv,ECPN,sim1,template2,1866085,2023-01-01 09:38:45,0.3129378410749106,-0.3630658135465504,0.9590620565925934,0.9590620565925934,-0.3630658135465504,clean,,,2023-01-01 09:38:45,2023-01-01 09:29:18.989953,566.010047
ingv,ECPN,sim1,template3,1868508,2023-01-01 10:19:08,0.330654256062188,-0.4966237878606754,0.9444279048191624,0.9444279048191624,-0.4966237878606754,clean,,,2023-01-01 10:19:08,2023-01-01 10:28:55.982596,-587.982596
ingv,ECPN,sim3,template4,1868515,2023-01-01 10:19:15,0.2019887642857513,-0.6333389484711439,0.929679067521582,0.929679067521582,-0.6333389484711439,clean,,,2023-01-01 10:19:15,2023-01-01 10:28:55.982596,-580.982596
ingv,ECPN,sim3,template3,1868562,2023-01-01 10:20:02,0.3726095928608583,-0.5072591493489278,0.9432722160241824,0.9432722160241824,-0.5072591493489278,clean,,,2023-01-01 10:20:02,2023-01-01 10:28:55.982596,-533.982596
ingv,EC1,sim1,template1,1869528,2023-01-01 10:21:53,0.2378318562879705,4.77356347200288,1.732519668270794,1.732519668270794,4.77356347200288,clean,,,2023-01-01 10:21:53,2023-01-01 10:28:55.982596,-422.982596
ingv,ECPN,sim4,template2,1868738,2023-01-01 10:36:58,0.2386293774408239,-0.5766231371121926,0.9357694078509892,0.9357694078509892,-0.5766231371121926,clean,,,2023-01-01 10:36:58,2023-01-01 10:28:55.982596,482.017404
ingv,EC1,sim1,template3,1869593,2023-01-01 10:36:58,0.202597804521547,4.818780447775916,1.7415623301824803,1.7415623301824803,4.818780447775916,clean,,,2023-01-01 10:36:58,2023-01-01 10:28:55.982596,482.017404
ingv,EC1,sim2,template1,1869620,2023-01-01 10:37:25,0.2103959263489534,4.812578942197386,1.7403193424978909,1.7403193424978909,4.812578942197387,clean,,,2023-01-01 10:37:25,2023-01-01 10:28:55.982596,509.017404
ingv,ECPN,sim3,template2,1868815,2023-01-01 10:38:15,0.3222614452776422,-0.6465935579276706,0.9282614653872888,0.9282614653872888,-0.6465935579276706,clean,,,2023-01-01 10:38:15,2023-01-01 10:28:55.982596,559.017404
ingv,ECPN,sim4,template3,1874153,2023-01-01 12:59:53,0.380029907663149,-0.9380465710301976,0.8976306460810174,0.8976306460810174,-0.9380465710301976,clean,,,2023-01-01 12:59:53,2023-01-01 13:09:11.044696,-558.044696
ingv,EC1,sim3,template3,1875106,2023-01-01 13:01:31,0.2810071691137262,-2.599404648260124,0.7413610542269328,0.7413610542269328,-2.599404648260124,clean,,,2023-01-01 13:01:31,2023-01-01 13:09:11.044696,-460.044696
ingv,EC1,sim1,template1,1875113,2023-01-01 13:01:38,0.2672632047249177,-2.599560280070546,0.7413477708058683,0.7413477708058683,-2.599560280070546,clean,,,2023-01-01 13:01:38,2023-01-01 13:09:11.044696,-453.044696
ingv,ECPN,sim2,template2,1877341,2023-01-01 15:46:13,0.3237640442232425,-0.6037038340409169,0.932856427658864,0.932856427658864,-0.6037038340409169,clean,,,2023-01-01 15:46:13,2023-01-01 15:38:06.071265,486.928735
ingv,ECPN,sim3,template3,1877366,2023-01-01 15:46:38,0.2417155909648725,-0.6327575943680106,0.9297412938277616,0.9297412938277616,-0.6327575943680106,clean,,,2023-01-01 15:46:38,2023-01-01 15:38:06.071265,511.928735
ingv,ECPN,sim4,template1,1877409,2023-01-01 15:47:21,0.4026580418613669,-0.6124707369557182,0.9319153454907272,0.9319153454907272,-0.6124707369557182,clean,,,2023-01-01 15:47:21,2023-01-01 15:38:06.071265,554.928735
ingv,ECPN,sim1,template1,1887000,2023-01-01 21:07:44,0.3791932721158307,-2.1804870019458944,0.7779929291762925,0.7779929291762925,-2.1804870019458944,clean,,,2023-01-01 21:07:44,2023-01-01 21:00:22.563839,441.436161
ingv,EC1,sim2,template3,1887979,2023-01-01 21:09:48,0.3517590771198814,-3.722452282471527,0.6514444461408784,0.6514444461408784,-3.722452282471527,clean,,,2023-01-01 21:09:48,2023-01-01 21:00:22.563839,565.436161
ingv,EC1,sim3,template2,1887995,2023-01-01 21:10:04,0.4465701686258824,-3.6867686414286593,0.6541262353399006,0.6541262353399006,-3.6867686414286593,clean,,,2023-01-01 21:10:04,2023-01-01 21:00:22.563839,581.436161
ingv,EC1,sim2,template3,1889750,2023-01-01 22:45:12,0.2111434741070663,-4.266517647853469,0.6118910735250147,0.6118910735250147,-4.266517647853469,clean,,,2023-01-01 22:45:12,2023-01-01 22:54:04.084677,-532.084677
ingv,EC1,sim3,template3,1889780,2023-01-01 22:45:42,0.2339213496021437,-4.280865458957654,0.6108811538918966,0.6108811538918966,-4.280865458957654,clean,,,2023-01-01 22:45:42,2023-01-01 22:54:04.084677,-502.084677
ingv,ECPN,sim2,template1,1888956,2023-01-01 22:46:13,0.3805136655330703,-1.5267444834361277,0.8388084094616055,0.8388084094616055,-1.5267444834361277,clean,,,2023-01-01 22:46:13,2023-01-01 22:54:04.084677,-471.084677
ingv,EC1,sim1,template1,1889823,2023-01-01 22:46:25,0.3267830544399309,-4.322767007476212,0.6079413025134794,0.6079413025134794,-4.322767007476212,clean,,,2023-01-01 22:46:25,2023-01-01 22:54:04.084677,-459.084677
ingv,ECPN,sim2,template1,1890131,2023-01-02 00:10:27,0.3413284432513173,0.1570337130439582,1.018243591960345,1.018243591960345,0.1570337130439582,clean,,,2023-01-02 00:10:27,2023-01-02 00:18:52.475439,-505.475439
ingv,EC1,sim1,template2,1891005,2023-01-02 00:10:46,0.206432993909852,-2.8330483490420995,0.7216848401955085,0.7216848401955085,-2.8330483490420995,clean,,,2023-01-02 00:10:46,2023-01-02 00:18:52.475439,-486.475439
ingv,ECPN,sim4,template3,1890194,2023-01-02 00:11:30,0.3255506616612537,0.589278054649117,1.0701974275827353,1.0701974275827353,0.589278054649117,clean,,,2023-01-02 00:11:30,2023-01-02 00:18:52.475439,-442.475439
ingv,ECPN,sim4,template3,1896548,2023-01-02 03:26:22,0.2302332518779088,3.206023294454641,1.4464424692769704,1.4464424692769704,3.206023294454641,clean,,,2023-01-02 03:26:22,2023-01-02 03:35:37.704064,-555.704064
ingv,EC1,sim1,template2,1897499,2023-01-02 03:27:58,0.3980356368648037,0.7679796241068005,1.0924434905027738,1.0924434905027738,0.7679796241068005,clean,,,2023-01-02 03:27:58,2023-01-02 03:35:37.704064,-459.704064
ingv,EC1,sim1,template3,1897553,2023-01-02 03:42:52,0.2047334388722931,0.7849682903354621,1.0945822834538013,1.0945822834538013,0.7849682903354621,clean,,,2023-01-02 03:42:52,2023-01-02 03:35:37.704064,434.295936
ingv,ECPN,sim2,template1,1896770,2023-01-02 03:44:04,0.2844713092220726,2.305535649540894,1.3039975711659928,1.3039975711659928,2.305535649540894,clean,,,2023-01-02 03:44:04,2023-01-02 03:35:37.704064,506.295936
ingv,ECPN,sim1,template2,1900343,2023-01-02 08:01:08,0.3083717402851508,-0.6281176582153719,0.9302380872322216,0.9302380872322216,-0.6281176582153719,clean,,,2023-01-02 08:01:08,2023-01-02 07:51:56.114100,551.8859
ingv,EC1,sim1,template3,1901202,2023-01-02 08:01:12,0.4606736889986182,1.1746884630442709,1.1448126591948813,1.1448126591948813,1.1746884630442709,clean,,,2023-01-02 08:01:12,2023-01-02 07:51:56.114100,555.8859
ingv,ECPN,sim1,template2,1904045,2023-01-02 11:29:06,0.3575928738595933,-2.3549300390556613,0.7625239660199503,0.7625239660199503,-2.3549300390556613,clean,,,2023-01-02 11:29:06,2023-01-02 11:20:16.410448,529.589552
ingv,EC1,sim4,template1,1904924,2023-01-02 11:29:30,0.2905555550350516,0.0504733856588953,1.005827879668604,1.005827879668604,0.0504733856588953,clean,,,2023-01-02 11:29:30,2023-01-02 11:20:16.410448,553.589552
ingv,EC1,sim1,template2,1909625,2023-01-02 13:08:06,0.4252740884831687,-0.5224686070419531,0.9416219411640938,0.9416219411640938,-0.5224686070419531,clean,,,2023-01-02 13:08:06,2023-01-02 13:17:39.776792,-573.776792
ingv,EC1,sim1,template1,1909664,2023-01-02 13:08:45,0.2919400186334697,-0.5408557636710123,0.939630730358182,0.939630730358182,-0.5408557636710123,clean,,,2023-01-02 13:08:45,2023-01-02 13:17:39.776792,-534.776792
ingv,ECPN,sim4,template1,1908859,2023-01-02 13:09:35,0.2399893641138677,-1.84338109294741,0.8087810096066207,0.8087810096066207,-1.84338109294741,clean,,,2023-01-02 13:09:35,2023-01-02 13:17:39.776792,-484.776792
ingv,ECPN,sim3,template3,1909227,2023-01-02 13:49:43,0.2648951977093033,-2.0527608491006872,0.7895178577093378,0.7895178577093378,-2.0527608491006872,clean,,,2023-01-02 13:49:43,2023-01-02 13:59:35.677289,-592.677289
ingv,ECPN,sim2,template3,1909275,2023-01-02 13:50:31,0.3321011028506154,-2.1897088892033887,0.7771673654082495,0.7771673654082495,-2.1897088892033887,clean,,,2023-01-02 13:50:31,2023-01-02 13:59:35.677289,-544.677289
ingv,ECPN,sim4,template3,1909368,2023-01-02 13:52:04,0.3804304979926228,-2.3755775816040146,0.7607134954293253,0.7607134954293253,-2.3755775816040146,clean,,,2023-01-02 13:52:04,2023-01-02 13:59:35.677289,-451.677289
ingv,EC1,sim3,template3,1910234,2023-01-02 13:52:15,0.402526342385986,-0.6190114498303274,0.9312138518579446,0.9312138518579446,-0.6190114498303274,clean,,,2023-01-02 13:52:15,2023-01-02 13:59:35.677289,-440.677289
ingv,EC1,sim1,template1,1918507,2023-01-02 20:04:49,0.3362904952914969,1.0389078298385228,1.127055730447566,1.127055730447566,1.0389078298385228,clean,,,2023-01-02 20:04:49,2023-01-02 20:13:35.225356,-526.225356
ingv,EC1,sim3,template1,1918541,2023-01-02 20:05:23,0.2200657499731312,0.9884917692166167,1.1205328382558033,1.1205328382558033,0.9884917692166167,clean,,,2023-01-02 20:05:23,2023-01-02 20:13:35.225356,-492.225356
ingv,EC1,sim2,template4,1918622,2023-01-02 20:20:44,0.2109194022190194,0.230015042644122,1.026835209989468,1.026835209989468,0.230015042644122,clean,,,2023-01-02 20:20:44,2023-01-02 20:13:35.225356,428.774644
ingv,ECPN,sim2,template1,1917843,2023-01-02 20:22:00,0.2092533664435668,2.203836528662644,1.288818692934696,1.288818692934696,2.203836528662644,clean,,,2023-01-02 20:22:00,2023-01-02 20:13:35.225356,504.774644
ingv,ECPN,sim4,template2,1917855,2023-01-02 20:22:12,0.370900012673051,2.202051404454689,1.2885538421087734,1.2885538421087734,2.202051404454689,clean,,,2023-01-02 20:22:12,2023-01-02 20:13:35.225356,516.774644
ingv,ECPN,sim2,template2,1917904,2023-01-02 20:23:01,0.2643088886080555,2.234333997936696,1.2933518835573683,1.2933518835573683,2.234333997936696,clean,,,2023-01-02 20:23:01,2023-01-02 20:13:35.225356,565.774644
ingv,ECPN,sim2,template4,1918029,2023-01-02 20:45:06,0.2456664936122187,1.092466083471019,1.1340267634127008,1.1340267634127008,1.092466083471019,clean,,,2023-01-02 20:45:06,2023-01-02 20:55:01.585485,-595.585485
ingv,ECPN,sim2,template3,1918053,2023-01-02 20:45:30,0.2611500948558176,2.032469386626817,1.263640303967004,1.263640303967004,2.032469386626817,clean,,,2023-01-02 20:45:30,2023-01-02 20:55:01.585485,-571.585485
ingv,EC1,sim4,template1,1919020,2023-01-02 20:47:22,0.2006532161667937,1.5788812041201472,1.1993448102293338,1.1993448102293338,1.5788812041201472,clean,,,2023-01-02 20:47:22,2023-01-02 20:55:01.585485,-459.585485
ingv,EC1,sim1,template2,1919034,2023-01-02 20:47:36,0.2807251620328627,1.5845390262657817,1.2001262949616087,1.2001262949616087,1.5845390262657817,clean,,,2023-01-02 20:47:36,2023-01-02 20:55:01.585485,-445.585485
ingv,ECPN,sim3,template2,1918238,2023-01-02 21:02:35,0.2251864370837266,1.7353315201931232,1.2211431454405317,1.2211431454405317,1.7353315201931232,clean,,,2023-01-02 21:02:35,2023-01-02 20:55:01.585485,453.414515
ingv,ECPN,sim1,template1,1918320,2023-01-02 21:03:57,0.3501414746127725,1.746645295697222,1.2227347775832025,1.2227347775832025,1.746645295697222,clean,,,2023-01-02 21:03:57,2023-01-02 20:55:01.585485,535.414515
ingv,EC1,sim3,template3,1919182,2023-01-02 21:04:04,0.2951107665585382,1.6383925577545595,1.207590333378636,1.207590333378636,1.6383925577545595,clean,,,2023-01-02 21:04:04,2023-01-02 20:55:01.585485,542.414515
ingv,ECPN,sim1,template3,1918355,2023-01-02 21:04:32,0.4030784399953702,1.8024202541764591,1.230611623200624,1.230611623200624,1.8024202541764591,clean,,,2023-01-02 21:04:32,2023-01-02 20:55:01.585485,570.414515
ingv,ECPN,sim2,template1,1918959,2023-01-02 21:14:36,0.2356710868300353,1.1575863244909574,1.1425607905520132,1.1425607905520132,1.1575863244909574,clean,,,2023-01-02 21:14:36,2023-01-02 21:23:30.332475,-534.332475
ingv,ECPN,sim2,template2,1918964,2023-01-02 21:14:41,0.38174956386936,1.148618335089075,1.1413817305272205,1.1413817305272205,1.148618335089075,clean,,,2023-01-02 21:14:41,2023-01-02 21:23:30.332475,-529.332475
ingv,EC1,sim2,template1,1919857,2023-01-02 21:15:19,0.3378219934790969,2.098154260358448,1.273232492108556,1.273232492108556,2.098154260358448,clean,,,2023-01-02 21:15:19,2023-01-02 21:23:30.332475,-491.332475
ingv,EC1,sim4,template1,1920546,2023-01-02 23:01:19,0.2530476923707343,2.453822015493777,1.3264506618710084,1.3264506618710084,2.453822015493777,clean,,,2023-01-02 23:01:19,2023-01-02 23:10:00.700458,-521.700458
ingv,ECPN,sim4,template2,1919696,2023-01-02 23:01:24,0.3795289596062252,1.503115561126109,1.1889286104172117,1.1889286104172117,1.503115561126109,clean,,,2023-01-02 23:01:24,2023-01-02 23:10:00.700458,-516.700458
ingv,ECPN,sim1,template3,1919705,2023-01-02 23:01:33,0.4511644101503499,1.5040760014319263,1.1890600832012883,1.1890600832012883,1.5040760014319263,clean,,,2023-01-02 23:01:33,2023-01-02 23:10:00.700458,-507.700458
ingv,EC1,sim2,template4,1920577,2023-01-02 23:01:50,0.2281840908905509,-0.6019288787994372,0.9330470756713194,0.9330470756713194,-0.6019288787994372,clean,,,2023-01-02 23:01:50,2023-01-02 23:10:00.700458,-490.700458
ingv,EC1,sim1,template3,1923987,2023-01-03 02:18:27,0.3439164701531855,0.0280613530194416,1.0032359069372891,1.0032359069372891,0.0280613530194416,clean,,,2023-01-03 02:18:27,2023-01-03 02:27:37.574257,-550.574257
ingv,EC1,sim1,template1,1924073,2023-01-03 03:00:54,0.3520826094259329,-0.3043537334364126,0.9655667749693412,0.9655667749693412,-0.3043537334364126,clean,,,2023-01-03 03:00:54,2023-01-03 02:53:53.533070,420.46693
ingv,EC1,sim4,template2,1924147,2023-01-03 03:02:08,0.2221308031271781,-0.5392089761435378,0.9398088950513488,0.9398088950513488,-0.5392089761435378,clean,,,2023-01-03 03:02:08,2023-01-03 02:53:53.533070,494.46693
ingv,ECPN,sim4,template1,1923335,2023-01-03 03:02:51,0.4643166540142429,-0.6524779628938747,0.9276328117007796,0.9276328117007796,-0.6524779628938747,clean,,,2023-01-03 03:02:51,2023-01-03 02:53:53.533070,537.46693
ingv,EC1,sim3,template2,1924219,2023-01-03 03:03:20,0.2741286080021076,-0.6263719946576649,0.9304250624286576,0.9304250624286576,-0.6263719946576649,clean,,,2023-01-03 03:03:20,2023-01-03 02:53:53.533070,566.46693
ingv,EC1,sim3,template1,1924226,2023-01-03 03:03:27,0.2075882659423118,-0.6256847804235715,0.9304986791413024,0.9304986791413024,-0.6256847804235715,clean,,,2023-01-03 03:03:27,2023-01-03 02:53:53.533070,573.46693
ingv,ECPN,sim3,template1,1925066,2023-01-03 04:38:46,0.2534845697878807,0.6074315458395733,1.0724364769589485,1.0724364769589485,0.6074315458395733,clean,,,2023-01-03 04:38:46,2023-01-03 04:31:39.840180,426.15982
ingv,EC1,sim4,template3,1925962,2023-01-03 04:39:27,0.2358004888654779,-2.459086750916573,0.7534347769722939,0.7534347769722939,-2.459086750916573,clean,,,2023-01-03 04:39:27,2023-01-03 04:31:39.840180,467.15982
ingv,EC1,sim4,template1,1925993,2023-01-03 04:39:58,0.3046200632715799,-2.473611079350629,0.7521759548723809,0.7521759548723809,-2.473611079350629,clean,,,2023-01-03 04:39:58,2023-01-03 04:31:39.840180,498.15982
ingv,ECPN,sim3,template2,1925219,2023-01-03 04:41:19,0.4303079929856318,1.051565409548893,1.1286993383983877,1.1286993383983877,1.051565409548893,clean,,,2023-01-03 04:41:19,2023-01-03 04:31:39.840180,579.15982
ingv,ECPN,sim4,template3,1931360,2023-01-03 07:09:58,0.2035626465589482,-0.7463419997821872,0.9176623209370178,0.9176623209370178,-0.7463419997821872,clean,,,2023-01-03 07:09:58,2023-01-03 07:19:52.069414,-594.069414
ingv,EC1,sim4,template1,1932305,2023-01-03 07:11:28,0.2410148450366686,-0.3351714109570365,0.9621469986664628,0.9621469986664628,-0.3351714109570365,clean,,,2023-01-03 07:11:28,2023-01-03 07:19:52.069414,-504.069414
ingv,ECPN,sim1,template3,1931468,2023-01-03 07:11:46,0.2087402637150369,-0.8378509859731766,0.9080451658225605,0.9080451658225605,-0.8378509859731766,clean,,,2023-01-03 07:11:46,2023-01-03 07:19:52.069414,-486.069414
ingv,ECPN,sim2,template1,1931475,2023-01-03 07:11:53,0.4733909428327352,-0.8529153990222698,0.9064716583747684,0.9064716583747684,-0.8529153990222698,clean,,,2023-01-03 07:11:53,2023-01-03 07:19:52.069414,-479.069414
ingv,ECPN,sim3,template1,1931478,2023-01-03 07:11:56,0.2272556957456081,-0.8623376601696573,0.9054888710993892,0.9054888710993892,-0.8623376601696573,clean,,,2023-01-03 07:11:56,2023-01-03 07:19:52.069414,-476.069414
ingv,ECPN,sim3,template3,1944387,2023-01-03 14:47:41,0.448700525354757,1.60029533811253,1.2023053147759664,1.2023053147759664,1.60029533811253,clean,,,2023-01-03 14:47:41,2023-01-03 14:57:35.650498,-594.650498
ingv,EC1,sim1,template1,1945302,2023-01-03 14:48:41,0.2623118482703664,-2.3739290868468617,0.7608578849242497,0.7608578849242497,-2.3739290868468617,clean,,,2023-01-03 14:48:41,2023-01-03 14:57:35.650498,-534.650498
ingv,ECPN,sim4,template3,1944529,2023-01-03 14:50:03,0.3812522464382164,1.3686256206406426,1.1706613524304683,1.1706613524304683,1.3686256206406426,clean,,,2023-01-03 14:50:03,2023-01-03 14:57:35.650498,-452.650498
ingv,EC1,sim3,template1,1955436,2023-01-03 23:23:52,0.2225574666984844,1.063838280191868,1.1302952799355626,1.1302952799355626,1.063838280191868,clean,,,2023-01-03 23:23:52,2023-01-03 23:14:14.631711,577.368289
ingv,ECPN,sim3,template2,1955220,2023-01-04 00:01:47,0.4264334505073083,-0.129399037511519,0.9852128057075672,0.9852128057075672,-0.129399037511519,clean,,,2023-01-04 00:01:47,2023-01-04 00:10:45.551796,-538.551796
ingv,ECPN,sim3,template3,1955240,2023-01-04 00:02:07,0.3418099452469328,-0.1402194601414347,0.9839862437726302,0.9839862437726302,-0.1402194601414347,clean,,,2023-01-04 00:02:07,2023-01-04 00:10:45.551796,-518.551796
ingv,EC1,sim1,template3,1956123,2023-01-04 00:02:35,0.3374530457454044,1.4943276395791552,1.187726323939028,1.187726323939028,1.4943276395791552,clean,,,2023-01-04 00:02:35,2023-01-04 00:10:45.551796,-490.551796
ingv,ECPN,sim4,template3,1955331,2023-01-04 00:03:38,0.3462456011891218,0.1056192960476597,1.0122341026378257,1.0122341026378257,0.1056192960476597,clean,,,2023-01-04 00:03:38,2023-01-04 00:10:45.551796,-427.551796
ingv,ECPN,sim4,template2,1957400,2023-01-04 01:19:19,0.3032366384325901,0.1150957391688088,1.013339068728923,1.013339068728923,0.1150957391688088,clean,,,2023-01-04 01:19:19,2023-01-04 01:26:39.900906,-440.900906
ingv,ECPN,sim3,template2,1957423,2023-01-04 01:33:42,0.3497109378243228,0.1095785061632898,1.012695605280519,1.012695605280519,0.1095785061632898,clean,,,2023-01-04 01:33:42,2023-01-04 01:26:39.900906,422.099094
ingv,ECPN,sim3,template3,1957447,2023-01-04 01:34:06,0.4256593354876132,0.1197240812876845,1.0138791780190786,1.0138791780190786,0.1197240812876845,clean,,,2023-01-04 01:34:06,2023-01-04 01:26:39.900906,446.099094
ingv,ECPN,sim2,template2,1957477,2023-01-04 01:34:36,0.2370403646406583,0.1500208391608104,1.0174218071730767,1.0174218071730767,0.1500208391608104,clean,,,2023-01-04 01:34:36,2023-01-04 01:26:39.900906,476.099094
ingv,ECPN,sim2,template1,1959279,2023-01-04 03:29:04,0.2349376839330496,0.2112418248392689,1.0246182598888425,1.0246182598888425,0.2112418248392689,clean,,,2023-01-04 03:29:04,2023-01-04 03:21:49.548715,434.451285
ingv,EC1,sim1,template2,1960274,2023-01-04 03:31:24,0.3004587796697986,0.5793648244250729,1.0689767049943002,1.0689767049943002,0.5793648244250729,clean,,,2023-01-04 03:31:24,2023-01-04 03:21:49.548715,574.451285
ingv,EC1,sim3,template1,1960284,2023-01-04 03:31:34,0.3649085005289316,0.5779574389316466,1.0688035114019638,1.0688035114019638,0.5779574389316466,clean,,,2023-01-04 03:31:34,2023-01-04 03:21:49.548715,584.451285
ingv,EC1,sim1,template3,1969249,2023-01-04 07:31:39,0.2191612538717318,-1.4945461389889163,0.8419236186715585,0.8419236186715585,-1.4945461389889163,clean,,,2023-01-04 07:31:39,2023-01-04 07:41:24.659469,-585.659469
ingv,ECPN,sim4,template2,1968466,2023-01-04 07:32:51,0.3848595264330116,-0.4180539079984199,0.953009663942336,0.953009663942336,-0.4180539079984199,clean,,,2023-01-04 07:32:51,2023-01-04 07:41:24.659469,-513.659469
ingv,ECPN,sim3,template2,1968551,2023-01-04 07:34:16,0.2911964304560793,-0.2417082364158663,0.9725559343511048,0.9725559343511048,-0.2417082364158663,clean,,,2023-01-04 07:34:16,2023-01-04 07:41:24.659469,-428.659469
ingv,ECPN,sim1,template3,1968631,2023-01-04 07:49:36,0.4540624434702189,-0.3868692104941253,0.9564373764089388,0.9564373764089388,-0.3868692104941253,clean,,,2023-01-04 07:49:36,2023-01-04 07:41:24.659469,491.340531
ingv,ECPN,sim3,template1,1968678,2023-01-04 07:50:23,0.2260560053266756,-0.4989621861161888,0.944173682004152,0.944173682004152,-0.4989621861161888,clean,,,2023-01-04 07:50:23,2023-01-04 07:41:24.659469,538.340531
ingv,EC1,sim3,template2,1969541,2023-01-04 07:50:31,0.255273727333774,-1.4552182357467731,0.8457443169910909,0.8457443169910909,-1.4552182357467731,clean,,,2023-01-04 07:50:31,2023-01-04 07:41:24.659469,546.340531
ingv,EC1,sim4,template4,1969547,2023-01-04 07:50:37,0.229004347725991,2.7352791337384854,1.3701368809156826,1.3701368809156826,2.7352791337384854,clean,,,2023-01-04 07:50:37,2023-01-04 07:41:24.659469,552.340531
ingv,ECPN,sim2,template1,1969631,2023-01-04 08:06:16,0.3707203208090306,-0.2308401953272316,0.973773586619765,0.973773586619765,-0.2308401953272316,clean,,,2023-01-04 08:06:16,2023-01-04 08:15:56.997669,-580.997669
ingv,EC1,sim4,template4,1970547,2023-01-04 08:07:17,0.2021283213313349,2.687787942932492,1.3626659285007685,1.3626659285007685,2.687787942932492,clean,,,2023-01-04 08:07:17,2023-01-04 08:15:56.997669,-519.997669
ingv,ECPN,sim3,template2,1969696,2023-01-04 08:07:21,0.2943876009980998,-0.2022426985551398,0.976984930669257,0.976984930669257,-0.2022426985551398,clean,,,2023-01-04 08:07:21,2023-01-04 08:15:56.997669,-515.997669
ingv,ECPN,sim3,template4,1969706,2023-01-04 08:07:31,0.3680736309207654,0.5689378455812731,1.067694221518239,1.067694221518239,0.5689378455812731,clean,,,2023-01-04 08:07:31,2023-01-04 08:15:56.997669,-505.997669
ingv,EC1,sim1,template3,1970598,2023-01-04 08:08:08,0.333723413466415,-1.6499943858388644,0.826990043096236,0.826990043096236,-1.6499943858388644,clean,,,2023-01-04 08:08:08,2023-01-04 08:15:56.997669,-468.997669
ingv,EC1,sim2,template3,1970654,2023-01-04 08:23:04,0.3213568650369343,-2.3175154221810126,0.7658156353022061,0.7658156353022061,-2.3175154221810126,clean,,,2023-01-04 08:23:04,2023-01-04 08:15:56.997669,427.002331
ingv,EC1,sim1,template1,1970702,2023-01-04 08:23:52,0.3344300093445089,-2.311033843809595,0.7663873149721134,0.7663873149721134,-2.311033843809595,clean,,,2023-01-04 08:23:52,2023-01-04 08:15:56.997669,475.002331
ingv,EC1,sim4,template3,1970721,2023-01-04 08:24:11,0.349446874372855,-2.3146069223606145,0.7660721142230991,0.7660721142230991,-2.3146069223606145,clean,,,2023-01-04 08:24:11,2023-01-04 08:15:56.997669,494.002331
ingv,EC1,sim3,template2,1970751,2023-01-04 08:24:41,0.3299742339593972,-2.323861356147161,0.7652563327103529,0.7652563327103529,-2.323861356147161,clean,,,2023-01-04 08:24:41,2023-01-04 08:15:56.997669,524.002331
ingv,EC1,sim2,template4,1970820,2023-01-04 08:25:50,0.238960618635492,2.598871953996566,1.3487877026798365,1.3487877026798365,2.598871953996566,clean,,,2023-01-04 08:25:50,2023-01-04 08:15:56.997669,593.002331
ingv,ECPN,sim2,template1,1972776,2023-01-04 09:32:41,0.3240808563378449,-0.6496432010499229,0.9279356070806948,0.9279356070806948,-0.6496432010499229,clean,,,2023-01-04 09:32:41,2023-01-04 09:41:35.378531,-534.378531
ingv,EC1,sim1,template3,1973655,2023-01-04 09:33:05,0.2617825013324102,-2.916462332785224,0.7147873918321745,0.7147873918321745,-2.916462332785224,clean,,,2023-01-04 09:33:05,2023-01-04 09:41:35.378531,-510.378531
ingv,EC1,sim4,template1,1974517,2023-01-04 10:29:43,0.2728309031013765,-1.583122153722046,0.8333815707431415,0.8333815707431415,-1.583122153722046,clean,,,2023-01-04 10:29:43,2023-01-04 10:39:34.607208,-591.607208
ingv,ECPN,sim4,template3,1973670,2023-01-04 10:29:51,0.4091714060610801,-1.044702259166178,0.8866758645030178,0.8866758645030178,-1.044702259166178,clean,,,2023-01-04 10:29:51,2023-01-04 10:39:34.607208,-583.607208
ingv,EC1,sim4,template2,1974577,2023-01-04 10:30:43,0.2481378112222964,-1.6341822866635174,0.8284968960224474,0.8284968960224474,-1.6341822866635174,clean,,,2023-01-04 10:30:43,2023-01-04 10:39:34.607208,-531.607208
ingv,EC1,sim3,template3,1974612,2023-01-04 10:31:18,0.2023853822872277,-1.4338455877705203,0.8478279323000497,0.8478279323000497,-1.4338455877705203,clean,,,2023-01-04 10:31:18,2023-01-04 10:39:34.607208,-496.607208
ingv,EC1,sim4,template3,1974639,2023-01-04 10:31:45,0.2552616916539862,-1.1654238028246695,0.8744375723320796,0.8744375723320796,-1.1654238028246695,clean,,,2023-01-04 10:31:45,2023-01-04 10:39:34.607208,-469.607208
ingv,EC1,sim2,template4,1974644,2023-01-04 10:31:50,0.2421259942910906,2.2567895492745635,1.2966999003311248,1.2966999003311248,2.2567895492745635,clean,,,2023-01-04 10:31:50,2023-01-04 10:39:34.607208,-464.607208
ingv,ECPN,sim3,template2,1973890,2023-01-04 10:47:31,0.2946444044333479,-0.6000820881882014,0.9332454808837904,0.9332454808837904,-0.6000820881882014,clean,,,2023-01-04 10:47:31,2023-01-04 10:39:34.607208,476.392792
ingv,EC1,sim3,template2,1976410,2023-01-04 12:24:06,0.3297304629282743,6.314294566309131,2.068781997427028,2.068781997427028,6.314294566309131,clean,,,2023-01-04 12:24:06,2023-01-04 12:16:27.084675,458.915325
ingv,ECPN,sim2,template1,1982459,2023-01-04 15:47:16,0.3406962311250768,-0.5231288745773918,0.9415503654482544,0.9415503654482544,-0.5231288745773918,clean,,,2023-01-04 15:47:16,2023-01-04 15:57:15.864826,-599.864826
ingv,EC1,sim4,template1,1983500,2023-01-04 16:10:26,0.2527458127591543,-2.712152544108392,0.7317999454791001,0.7317999454791001,-2.712152544108392,clean,,,2023-01-04 16:10:26,2023-01-04 16:03:15.337728,430.662272
ingv,ECPN,sim3,template1,1982682,2023-01-04 16:11:03,0.3184033772393488,-1.3473268070019944,0.8563152130669899,0.8563152130669899,-1.3473268070019944,clean,,,2023-01-04 16:11:03,2023-01-04 16:03:15.337728,467.662272
ingv,ECPN,sim3,template2,1982721,2023-01-04 16:11:42,0.2233560303449809,-1.409242816395099,0.8502328081382104,0.8502328081382104,-1.409242816395099,clean,,,2023-01-04 16:11:42,2023-01-04 16:03:15.337728,506.662272
ingv,ECPN,sim2,template2,1982809,2023-01-04 16:13:10,0.3497935641773838,-1.65353428154384,0.8266530756503835,0.8266530756503835,-1.65353428154384,clean,,,2023-01-04 16:13:10,2023-01-04 16:03:15.337728,594.662272
ingv,EC1,sim3,template2,1984159,2023-01-04 16:47:53,0.2214276901074965,-0.74654640564885,0.9176407257564744,0.9176407257564744,-0.74654640564885,clean,,,2023-01-04 16:47:53,2023-01-04 16:40:21.692348,451.307652
ingv,ECPN,sim4,template1,1983378,2023-01-04 16:49:07,0.2864376778871839,-2.001981739434077,0.7941470244983418,0.7941470244983418,-2.001981739434077,clean,,,2023-01-04 16:49:07,2023-01-04 16:40:21.692348,525.307652
ingv,ECPN,sim1,template3,1983429,2023-01-04 16:49:58,0.2036513981881328,-2.090756155929041,0.7860717561671156,0.7860717561671156,-2.090756155929041,clean,,,2023-01-04 16:49:58,2023-01-04 16:40:21.692348,576.307652
ingv,ECPN,sim3,template1,1983876,2023-01-04 17:20:34,0.4337163538315263,-2.2637732342070365,0.7705686538932482,0.7705686538932482,-2.2637732342070365,clean,,,2023-01-04 17:20:34,2023-01-04 17:27:47.670270,-433.67027
ingv,ECPN,sim2,template3,1984738,2023-01-04 18:00:10,0.224800315738812,-1.5898489465577248,0.8327364077035649,0.8327364077035649,-1.5898489465577248,clean,,,2023-01-04 18:00:10,2023-01-04 18:09:35.515464,-565.515464
ingv,ECPN,sim2,template4,1984741,2023-01-04 18:00:13,0.2961515448671603,-0.5337754144065925,0.9403969876264472,0.9403969876264472,-0.5337754144065925,clean,,,2023-01-04 18:00:13,2023-01-04 18:09:35.515464,-562.515464
ingv,ECPN,sim3,template3,1984798,2023-01-04 18:01:10,0.271537457541381,-1.4471069005791162,0.8465344858823414,0.8465344858823414,-1.4471069005791162,clean,,,2023-01-04 18:01:10,2023-01-04 18:09:35.515464,-505.515464
ingv,EC1,sim4,template1,1985779,2023-01-04 18:29:14,0.2389581759432107,-0.3265582217751603,0.9631015657539824,0.9631015657539824,-0.3265582217751603,clean,,,2023-01-04 18:29:14,2023-01-04 18:21:33.098127,460.901873
ingv,ECPN,sim4,template3,1986503,2023-01-04 19:15:33,0.2788253557273402,-1.574297905503127,0.8342286575663991,0.8342286575663991,-1.574297905503127,clean,,,2023-01-04 19:15:33,2023-01-04 19:25:03.829175,-570.829175
ingv,EC1,sim2,template1,1987373,2023-01-04 19:15:48,0.226764070506415,-0.4030221809709918,0.9546603623239248,0.9546603623239248,-0.4030221809709918,clean,,,2023-01-04 19:15:48,2023-01-04 19:25:03.829175,-555.829175
ingv,EC1,sim4,template1,1987508,2023-01-04 19:18:03,0.2419612484621117,-0.464010233005214,0.947980684176704,0.947980684176704,-0.464010233005214,clean,,,2023-01-04 19:18:03,2023-01-04 19:25:03.829175,-420.829175
ingv,ECPN,sim1,template3,1986689,2023-01-04 19:32:39,0.3297029106062333,-1.5063937180120557,0.8407760152236337,0.8407760152236337,-1.5063937180120557,clean,,,2023-01-04 19:32:39,2023-01-04 19:25:03.829175,455.170825
ingv,ECPN,sim4,template2,1986691,2023-01-04 19:32:41,0.2007998519169245,-1.5007521553580403,0.8413222841153506,0.8413222841153506,-1.5007521553580403,clean,,,2023-01-04 19:32:41,2023-01-04 19:25:03.829175,457.170825
ingv,EC1,sim4,template3,1987645,2023-01-04 19:34:20,0.2797500451824166,-0.2602958933073226,0.9704769064394352,0.9704769064394352,-0.2602958933073226,clean,,,2023-01-04 19:34:20,2023-01-04 19:25:03.829175,556.170825
ingv,ECPN,sim2,template3,1987490,2023-01-04 20:50:26,0.2292070319357018,-0.601222937537869,0.933122911679451,0.933122911679451,-0.601222937537869,clean,,,2023-01-04 20:50:26,2023-01-04 20:58:14.166520,-468.16652
ingv,ECPN,sim4,template1,1987557,2023-01-04 21:05:33,0.4049337250725935,-0.554255493525176,0.9381822787259078,0.9381822787259078,-0.554255493525176,clean,,,2023-01-04 21:05:33,2023-01-04 20:58:14.166520,438.83348
ingv,EC1,sim1,template1,1988529,2023-01-04 21:07:30,0.3060671322455551,-0.2597002428181494,0.9705434609191164,0.9705434609191164,-0.2597002428181494,clean,,,2023-01-04 21:07:30,2023-01-04 20:58:14.166520,555.83348
ingv,ECPN,sim3,template1,1987686,2023-01-04 21:07:42,0.4213344062179352,-0.326398582636067,0.9631192668904366,0.9631192668904366,-0.326398582636067,clean,,,2023-01-04 21:07:42,2023-01-04 20:58:14.166520,567.83348
ingv,EC1,sim4,template3,1988665,2023-01-04 21:09:46,0.2556706723311169,-0.2202010539076931,0.9749670697115648,0.9749670697115648,-0.2202010539076931,clean,,,2023-01-04 21:09:46,2023-01-04 21:18:40.881205,-534.881205
ingv,EC1,sim2,template1,1988675,2023-01-04 21:09:56,0.3216187389437145,-0.2083729236696588,0.9762956489913256,0.9762956489913256,-0.2083729236696588,clean,,,2023-01-04 21:09:56,2023-01-04 21:18:40.881205,-524.881205
ingv,ECPN,sim4,template2,1987882,2023-01-04 21:10:58,0.2454867119086324,-0.5517636799781261,0.938451463665213,0.938451463665213,-0.5517636799781261,clean,,,2023-01-04 21:10:58,2023-01-04 21:18:40.881205,-462.881205
ingv,ECPN,sim1,template1,1987928,2023-01-04 21:25:44,0.2938959263415527,-0.5432191652622873,0.9393750947517716,0.9393750947517716,-0.5432191652622873,clean,,,2023-01-04 21:25:44,2023-01-04 21:18:40.881205,423.118795
ingv,EC1,sim1,template4,2000473,2023-01-05 01:30:34,0.2272405561135783,0.1869827495696145,1.0217605661022198,1.0217605661022198,0.1869827495696145,clean,,,2023-01-05 01:30:34,2023-01-05 01:40:17.142166,-583.142166
ingv,EC1,sim1,template1,2000484,2023-01-05 01:30:45,0.468781133130913,0.0239499787973188,1.0027611481749907,1.0027611481749907,0.0239499787973188,clean,,,2023-01-05 01:30:45,2023-01-05 01:40:17.142166,-572.142166
ingv,ECPN,sim2,template1,1999781,2023-01-05 01:33:17,0.2961684933128541,0.9631119338763648,1.1172634632340974,1.1172634632340974,0.9631119338763648,clean,,,2023-01-05 01:33:17,2023-01-05 01:40:17.142166,-420.142166
ingv,EC1,sim4,template2,2001029,2023-01-05 02:27:39,0.2248578985872149,-0.332329667058315,0.9624618337372516,0.9624618337372516,-0.332329667058315,clean,,,2023-01-05 02:27:39,2023-01-05 02:37:32.675638,-593.675638
ingv,EC1,sim3,template4,2001676,2023-01-05 02:52:26,0.2865139186865149,-0.2486537790336597,0.971778555297016,0.971778555297016,-0.2486537790336597,clean,,,2023-01-05 02:52:26,2023-01-05 03:01:52.452221,-566.452221
ingv,EC1,sim3,template2,2001704,2023-01-05 02:52:54,0.2567782473585119,-0.4153080971193186,0.9533109799927176,0.9533109799927176,-0.4153080971193186,clean,,,2023-01-05 02:52:54,2023-01-05 03:01:52.452221,-538.452221
ingv,ECPN,sim2,template2,2000875,2023-01-05 02:53:20,0.3116397408150266,0.4654319763842157,1.0550464944558886,1.0550464944558886,0.4654319763842157,clean,,,2023-01-05 02:53:20,2023-01-05 03:01:52.452221,-512.452221
ingv,EC1,sim1,template4,2003954,2023-01-05 04:25:30,0.2035078650068457,0.0331454687623637,1.0038233033619457,1.0038233033619457,0.0331454687623637,clean,,,2023-01-05 04:25:30,2023-01-05 04:35:29.300350,-599.30035
ingv,EC1,sim1,template1,2003977,2023-01-05 04:25:53,0.3295705779769103,1.0493740454233829,1.1284146146266316,1.1284146146266316,1.0493740454233829,clean,,,2023-01-05 04:25:53,2023-01-05 04:35:29.300350,-576.30035
ingv,ECPN,sim3,template4,2003189,2023-01-05 04:27:00,0.2392495804654791,-0.1352168095634491,0.984553135294432,0.984553135294432,-0.1352168095634491,clean,,,2023-01-05 04:27:00,2023-01-05 04:35:29.300350,-509.30035
ingv,ECPN,sim3,template1,2003200,2023-01-05 04:27:11,0.4746015510654293,0.6224174378695166,1.0742883643331795,1.0742883643331795,0.6224174378695166,clean,,,2023-01-05 04:27:11,2023-01-05 04:35:29.300350,-498.30035
ingv,EC1,sim4,template3,2004892,2023-01-05 06:34:21,0.283172291654389,1.899770771105708,1.2444817682797085,1.2444817682797085,1.899770771105708,clean,,,2023-01-05 06:34:21,2023-01-05 06:26:25.093788,475.906212
ingv,EC1,sim1,template3,2004894,2023-01-05 06:34:23,0.4187296262948701,1.894892445917636,1.2437830163406365,1.2437830163406365,1.894892445917636,clean,,,2023-01-05 06:34:23,2023-01-05 06:26:25.093788,477.906212
ingv,EC1,sim3,template1,2004906,2023-01-05 06:34:35,0.2691477233816584,1.856620860232063,1.2383147415126785,1.2383147415126785,1.856620860232063,clean,,,2023-01-05 06:34:35,2023-01-05 06:26:25.093788,489.906212
ingv,ECPN,sim2,template3,2004087,2023-01-05 06:35:11,0.2610546322896869,1.274333061801065,1.1580215811868362,1.1580215811868362,1.274333061801065,clean,,,2023-01-05 06:35:11,2023-01-05 06:26:25.093788,525.906212
ingv,EC1,sim3,template3,2004981,2023-01-05 06:35:50,0.3624022016124146,1.5611274761609462,1.1968958848810218,1.1968958848810218,1.5611274761609462,clean,,,2023-01-05 06:35:50,2023-01-05 06:26:25.093788,564.906212
ingv,EC1,sim1,template2,2004988,2023-01-05 06:35:57,0.2539849041697603,1.5288021394262217,1.1924498052000236,1.1924498052000236,1.5288021394262217,clean,,,2023-01-05 06:35:57,2023-01-05 06:26:25.093788,571.906212
ingv,EC1,sim2,template1,2007201,2023-01-05 07:12:50,0.2611963856275991,1.6126895611860537,1.2040221541338083,1.2040221541338083,1.6126895611860537,clean,,,2023-01-05 07:12:50,2023-01-05 07:22:42.482393,-592.482393
ingv,ECPN,sim1,template3,2006359,2023-01-05 07:13:03,0.2738960852560838,0.6724407840103137,1.080493202913941,1.080493202913941,0.6724407840103137,clean,,,2023-01-05 07:13:03,2023-01-05 07:22:42.482393,-579.482393
ingv,EC1,sim4,template3,2007261,2023-01-05 07:13:50,0.2138714613793298,1.676802850860972,1.212942301936815,1.212942301936815,1.676802850860972,clean,,,2023-01-05 07:13:50,2023-01-05 07:22:42.482393,-532.482393
ingv,ECPN,sim4,template3,2011671,2023-01-05 09:45:35,0.4754945279650228,-2.9463670272673004,0.7123306781566383,0.7123306781566383,-2.9463670272673004,clean,,,2023-01-05 09:45:35,2023-01-05 09:55:27.386904,-592.386904
ingv,EC1,sim3,template2,2012643,2023-01-05 09:47:32,0.2621329502218046,-3.8610183643776432,0.6411344033166804,0.6411344033166804,-3.8610183643776432,clean,,,2023-01-05 09:47:32,2023-01-05 09:55:27.386904,-475.386904
ingv,EC1,sim4,template3,2012666,2023-01-05 09:47:55,0.2067978353191166,-3.8447220459222295,0.6423384179058375,0.6423384179058375,-3.8447220459222295,clean,,,2023-01-05 09:47:55,2023-01-05 09:55:27.386904,-452.386904
ingv,EC1,sim1,template2,2012812,2023-01-05 10:10:37,0.2975833218838359,-3.5896294226493266,0.6614827585770419,0.6614827585770419,-3.5896294226493266,clean,,,2023-01-05 10:10:37,2023-01-05 10:01:43.165067,533.834933
ingv,EC1,sim2,template3,2015644,2023-01-05 10:57:49,0.2788964576595967,1.3710554634001737,1.1709888860555386,1.1709888860555386,1.3710554634001737,clean,,,2023-01-05 10:57:49,2023-01-05 11:07:25.363287,-576.363287
ingv,EC1,sim3,template1,2015670,2023-01-05 10:58:15,0.414822161253367,1.5053985373557386,1.1892411463357917,1.1892411463357917,1.5053985373557386,clean,,,2023-01-05 10:58:15,2023-01-05 11:07:25.363287,-550.363287
ingv,EC1,sim3,template2,2015852,2023-01-05 11:15:17,0.2860043788254725,1.5178194244003,1.1909429865878678,1.1909429865878678,1.5178194244003,clean,,,2023-01-05 11:15:17,2023-01-05 11:07:25.363287,471.636713
ingv,ECPN,sim3,template1,2015006,2023-01-05 11:15:26,0.2487559208966929,-0.805601093599118,0.9114229189917352,0.9114229189917352,-0.805601093599118,clean,,,2023-01-05 11:15:26,2023-01-05 11:07:25.363287,480.636713
ingv,EC1,sim1,template1,2016155,2023-01-05 11:54:20,0.23373053417804,1.1819847004053354,1.1457747177123072,1.1457747177123072,1.1819847004053354,clean,,,2023-01-05 11:54:20,2023-01-05 11:47:11.296197,428.703803
ingv,ECPN,sim1,template3,2015321,2023-01-05 11:54:41,0.2662285156243523,-1.2184721498594593,0.8691132930852218,0.8691132930852218,-1.2184721498594593,clean,,,2023-01-05 11:54:41,2023-01-05 11:47:11.296197,449.703803
ingv,ECPN,sim3,template4,2015354,2023-01-05 11:55:14,0.2012401532634953,0.1399989579340589,1.0162485709490352,1.0162485709490352,0.1399989579340589,clean,,,2023-01-05 11:55:14,2023-01-05 11:47:11.296197,482.703803
ingv,EC1,sim2,template2,2016262,2023-01-05 11:56:07,0.2403860353912567,1.324549460176036,1.16473593034987,1.16473593034987,1.324549460176036,clean,,,2023-01-05 11:56:07,2023-01-05 11:47:11.296197,535.703803
ingv,ECPN,sim1,template2,2016784,2023-01-05 12:19:04,0.2043274803134838,-0.0174700730656942,0.9979907048508708,0.9979907048508708,-0.0174700730656942,clean,,,2023-01-05 12:19:04,2023-01-05 12:28:56.605448,-592.605448
ingv,EC1,sim4,template4,2017788,2023-01-05 12:21:33,0.2094878360234877,0.902962197865171,1.1095531479056913,1.1095531479056913,0.902962197865171,clean,,,2023-01-05 12:21:33,2023-01-05 12:28:56.605448,-443.605448
ingv,EC1,sim3,template3,2017791,2023-01-05 12:21:36,0.3290544776495372,-0.0526685002424082,0.9939546618602508,0.9939546618602508,-0.0526685002424082,clean,,,2023-01-05 12:21:36,2023-01-05 12:28:56.605448,-440.605448
ingv,EC1,sim4,template2,2017950,2023-01-05 12:38:15,0.256199757363607,0.3786327354908222,1.0445557805140326,1.0445557805140326,0.3786327354908222,clean,,,2023-01-05 12:38:15,2023-01-05 12:28:56.605448,558.394552
ingv,ECPN,sim2,template2,2019841,2023-01-05 14:23:04,0.3261999710105578,1.8449389545093071,1.2366504154345686,1.2366504154345686,1.8449389545093071,clean,,,2023-01-05 14:23:04,2023-01-05 14:13:18.688086,585.311914
ingv,EC1,sim2,template3,2027002,2023-01-05 17:58:22,0.2860242795225109,3.264513626619173,1.4562156071226362,1.4562156071226362,3.264513626619173,clean,,,2023-01-05 17:58:22,2023-01-05 17:50:05.956429,496.043571
ingv,EC1,sim3,template1,2027019,2023-01-05 17:58:39,0.3407062279281605,3.2514310294706137,1.4540239211961803,1.4540239211961803,3.2514310294706137,clean,,,2023-01-05 17:58:39,2023-01-05 17:50:05.956429,513.043571
ingv,EC1,sim3,template3,2027026,2023-01-05 17:58:46,0.2570691521644992,3.2399588948280007,1.452104745619636,1.452104745619636,3.2399588948280007,clean,,,2023-01-05 17:58:46,2023-01-05 17:50:05.956429,520.043571
ingv,ECPN,sim4,template4,2026232,2023-01-05 17:59:47,0.2401510558707374,-0.3732659789585124,0.9579364551584296,0.9579364551584296,-0.3732659789585124,clean,,,2023-01-05 17:59:47,2023-01-05 17:50:05.956429,581.043571
ingv,ECPN,sim2,template1,2026241,2023-01-05 17:59:56,0.3070625080530484,-0.0870806885905471,0.990024553375346,0.990024553375346,-0.0870806885905471,clean,,,2023-01-05 17:59:56,2023-01-05 17:50:05.956429,590.043571
ingv,EC1,sim1,template3,2032207,2023-01-05 21:06:33,0.3822439800903817,-0.7800452370054678,0.9141084806869864,0.9141084806869864,-0.7800452370054678,clean,,,2023-01-05 21:06:33,2023-01-05 21:16:06.691977,-573.691977
ingv,EC1,sim2,template2,2032283,2023-01-05 21:07:49,0.2214356103900141,-1.3227665154499073,0.8587399633718659,0.8587399633718659,-1.3227665154499073,clean,,,2023-01-05 21:07:49,2023-01-05 21:16:06.691977,-497.691977
ingv,ECPN,sim2,template3,2031598,2023-01-05 21:24:39,0.4038655765047629,-0.0386061443849752,0.9955651664179564,0.9955651664179564,-0.0386061443849752,clean,,,2023-01-05 21:24:39,2023-01-05 21:16:06.691977,512.308023
ingv,ECPN,sim3,template1,2031616,2023-01-05 21:24:57,0.3111473366821468,-0.0251723239194116,0.9971061244630116,0.9971061244630116,-0.0251723239194116,clean,,,2023-01-05 21:24:57,2023-01-05 21:16:06.691977,530.308023
ingv,ECPN,sim3,template1,2032942,2023-01-05 21:47:03,0.4022399426587906,-0.827805962650813,0.9090959057680568,0.9090959057680568,-0.827805962650813,clean,,,2023-01-05 21:47:03,2023-01-05 21:56:25.053126,-562.053126
ingv,ECPN,sim1,template3,2032942,2023-01-05 21:47:03,0.2280551926695517,-0.8285358853881092,0.9090195126847068,0.9090195126847068,-0.8285358853881092,clean,,,2023-01-05 21:47:03,2023-01-05 21:56:25.053126,-562.053126
ingv,ECPN,sim4,template2,2032988,2023-01-05 21:47:49,0.4142164185699388,-0.9324997651415884,0.8982040557474779,0.8982040557474779,-0.9324997651415884,clean,,,2023-01-05 21:47:49,2023-01-05 21:56:25.053126,-516.053126
ingv,EC1,sim1,template3,2034001,2023-01-05 22:20:33,0.3051001700388265,-0.6600982983094488,0.9268193344953016,0.9268193344953016,-0.6600982983094488,clean,,,2023-01-05 22:20:33,2023-01-05 22:12:31.684887,481.315113
ingv,EC1,sim3,template3,2034073,2023-01-05 22:21:45,0.2864399144991778,-1.008572079131926,0.8903717990654784,0.8903717990654784,-1.008572079131926,clean,,,2023-01-05 22:21:45,2023-01-05 22:12:31.684887,553.315113
ingv,EC1,sim3,template1,2034077,2023-01-05 22:21:49,0.2520735322612599,-1.0106625607452575,0.890157534092626,0.890157534092626,-1.0106625607452575,clean,,,2023-01-05 22:21:49,2023-01-05 22:12:31.684887,557.315113
ingv,EC1,sim1,template2,2034098,2023-01-05 22:22:10,0.3168930015329902,-0.9977012966668936,0.8914868371269914,0.8914868371269914,-0.9977012966668936,clean,,,2023-01-05 22:22:10,2023-01-05 22:12:31.684887,578.315113
ingv,ECPN,sim4,template1,2035980,2023-01-06 00:02:15,0.2251210324036942,0.0789153071178237,1.0091268585636188,1.0091268585636188,0.0789153071178237,clean,,,2023-01-06 00:02:15,2023-01-05 23:54:10.144366,484.855634
ingv,ECPN,sim4,template3,2037510,2023-01-06 00:27:45,0.3962728159801325,-0.2205420334668398,0.9749287964511134,0.9749287964511134,-0.2205420334668398,clean,,,2023-01-06 00:27:45,2023-01-06 00:37:18.561990,-573.56199
ingv,EC1,sim3,template1,2038577,2023-01-06 00:45:17,0.2784336807776509,-4.643133892392815,0.5859267224311625,0.5859267224311625,-4.643133892392815,clean,,,2023-01-06 00:45:17,2023-01-06 00:37:18.561990,478.43801
ingv,ECPN,sim3,template1,2037777,2023-01-06 00:46:12,0.2058361780650263,-0.476110187756985,0.9466610107737712,0.9466610107737712,-0.476110187756985,clean,,,2023-01-06 00:46:12,2023-01-06 00:37:18.561990,533.43801
ingv,ECPN,sim4,template2,2037832,2023-01-06 00:47:07,0.386646492693379,-0.3281133242094325,0.9629291496186893,0.9629291496186893,-0.3281133242094325,clean,,,2023-01-06 00:47:07,2023-01-06 00:37:18.561990,588.43801
ingv,ECPN,sim4,template2,2046031,2023-01-06 03:43:46,0.3156436919496339,-0.3649271118221609,0.9588565613151168,0.9588565613151168,-0.3649271118221609,clean,,,2023-01-06 03:43:46,2023-01-06 03:53:44.753500,-598.7535
ingv,EC1,sim3,template2,2047099,2023-01-06 04:01:19,0.2356890312823947,0.917970615587244,1.1114720109381768,1.1114720109381768,0.917970615587244,clean,,,2023-01-06 04:01:19,2023-01-06 03:53:44.753500,454.2465
ingv,ECPN,sim1,template3,2046249,2023-01-06 04:01:24,0.3018793065906518,-0.3494602668606736,0.9605655051833176,0.9605655051833176,-0.3494602668606736,clean,,,2023-01-06 04:01:24,2023-01-06 03:53:44.753500,459.2465
ingv,ECPN,sim3,template1,2046302,2023-01-06 04:02:17,0.2648074318675433,-0.339485304931432,0.9616692618111063,0.9616692618111063,-0.339485304931432,clean,,,2023-01-06 04:02:17,2023-01-06 03:53:44.753500,512.2465
ingv,ECPN,sim2,template2,2046387,2023-01-06 04:03:42,0.2410231946821718,-0.4063791403360985,0.9542914724389212,0.9542914724389212,-0.4063791403360985,clean,,,2023-01-06 04:03:42,2023-01-06 03:53:44.753500,597.2465
ingv,EC1,sim2,template1,2049033,2023-01-06 05:55:11,0.2654193833397009,2.9635023549520683,1.4066145898745002,1.4066145898745002,2.9635023549520683,clean,,,2023-01-06 05:55:11,2023-01-06 06:04:03.488397,-532.488397
ingv,EC1,sim3,template1,2049033,2023-01-06 05:55:11,0.3701592831608821,2.9635023549520683,1.4066145898745002,1.4066145898745002,2.9635023549520683,clean,,,2023-01-06 05:55:11,2023-01-06 06:04:03.488397,-532.488397
ingv,EC1,sim3,template3,2049036,2023-01-06 05:55:14,0.2661348435476958,2.9638995794236216,1.4066789188651796,1.4066789188651796,2.9638995794236216,clean,,,2023-01-06 05:55:14,2023-01-06 06:04:03.488397,-529.488397
ingv,ECPN,sim2,template2,2048187,2023-01-06 05:55:20,0.2073250074150404,-0.1232012204117849,0.985916055239329,0.985916055239329,-0.1232012204117849,clean,,,2023-01-06 05:55:20,2023-01-06 06:04:03.488397,-523.488397
ingv,ECPN,sim4,template3,2048199,2023-01-06 05:55:32,0.3918611839614394,-0.1378973573472538,0.984249339754236,0.984249339754236,-0.1378973573472538,clean,,,2023-01-06 05:55:32,2023-01-06 06:04:03.488397,-511.488397
ingv,ECPN,sim4,template1,2048349,2023-01-06 06:12:02,0.2029985263093796,-0.3665918456241665,0.9586728048966312,0.9586728048966312,-0.3665918456241665,clean,,,2023-01-06 06:12:02,2023-01-06 06:04:03.488397,478.511603
ingv,ECPN,sim2,template3,2051858,2023-01-06 07:50:31,0.3257585728361827,-0.0963488203913,0.9889687278015252,0.9889687278015252,-0.0963488203913,clean,,,2023-01-06 07:50:31,2023-01-06 08:00:28.321296,-597.321296
ingv,ECPN,sim1,template3,2051873,2023-01-06 07:50:46,0.3226805316813037,-0.2709466584572076,0.969287622743775,0.969287622743775,-0.2709466584572076,clean,,,2023-01-06 07:50:46,2023-01-06 08:00:28.321296,-582.321296
ingv,EC1,sim2,template2,2052823,2023-01-06 07:52:21,0.2618827151938389,0.6831241336663396,1.0818229905356949,1.0818229905356949,0.6831241336663396,clean,,,2023-01-06 07:52:21,2023-01-06 08:00:28.321296,-487.321296
ingv,ECPN,sim4,template1,2052070,2023-01-06 08:08:03,0.314632234278228,-0.7027550778445488,0.9222788430744217,0.9222788430744217,-0.7027550778445488,clean,,,2023-01-06 08:08:03,2023-01-06 08:00:28.321296,454.678704
ingv,EC1,sim1,template4,2052942,2023-01-06 08:08:20,0.2286285733025257,1.270066466002269,1.1574528890977036,1.1574528890977036,1.270066466002269,clean,,,2023-01-06 08:08:20,2023-01-06 08:00:28.321296,471.678704
ingv,EC1,sim3,template3,2056883,2023-01-06 09:14:01,0.2391087056455234,-2.823947854280953,0.7224413695984859,0.7224413695984859,-2.823947854280953,clean,,,2023-01-06 09:14:01,2023-01-06 09:23:47.366975,-586.366975
ingv,ECPN,sim3,template2,2056033,2023-01-06 09:14:06,0.3405881082752475,1.4275369985991464,1.1786282598807605,1.1786282598807605,1.4275369985991464,clean,,,2023-01-06 09:14:06,2023-01-06 09:23:47.366975,-581.366975
ingv,ECPN,sim3,template3,2056060,2023-01-06 09:14:33,0.2903264107987988,1.450762945516511,1.181784112769096,1.181784112769096,1.450762945516511,clean,,,2023-01-06 09:14:33,2023-01-06 09:23:47.366975,-554.366975
ingv,EC1,sim2,template3,2056960,2023-01-06 09:15:18,0.2588580781505463,-2.5568552459919456,0.745001655305675,0.745001655305675,-2.5568552459919456,clean,,,2023-01-06 09:15:18,2023-01-06 09:23:47.366975,-509.366975
ingv,ECPN,sim2,template3,2056149,2023-01-06 09:16:02,0.3198473574598775,1.4764434172099128,1.18528331471159,1.18528331471159,1.4764434172099128,clean,,,2023-01-06 09:16:02,2023-01-06 09:23:47.366975,-465.366975
ingv,EC1,sim4,template2,2057083,2023-01-06 09:31:21,0.2039206496723943,-2.0425600110059827,0.7904456239192932,0.7904456239192932,-2.0425600110059827,clean,,,2023-01-06 09:31:21,2023-01-06 09:23:47.366975,453.633025
ingv,ECPN,sim2,template2,2056253,2023-01-06 09:31:46,0.4254400470411936,1.2874519084102527,1.15977193567591,1.15977193567591,1.2874519084102527,clean,,,2023-01-06 09:31:46,2023-01-06 09:23:47.366975,478.633025
ingv,ECPN,sim1,template3,2065732,2023-01-06 13:28:36,0.3033760336270854,-0.5385220499419964,0.939883223060332,0.939883223060332,-0.5385220499419964,clean,,,2023-01-06 13:28:36,2023-01-06 13:19:27.322806,548.677194
ingv,ECPN,sim3,template2,2066779,2023-01-06 13:46:03,0.3044047579339326,-0.158272197130555,0.9819432523902576,0.9819432523902576,-0.158272197130555,clean,,,2023-01-06 13:46:03,2023-01-06 13:56:00.649665,-597.649665
ingv,ECPN,sim2,template2,2066807,2023-01-06 13:46:31,0.299064009930071,-0.2162951311093403,0.9754055973267276,0.9754055973267276,-0.2162951311093403,clean,,,2023-01-06 13:46:31,2023-01-06 13:56:00.649665,-569.649665
ingv,ECPN,sim2,template1,2066825,2023-01-06 13:46:49,0.2210989484115964,-0.2343800412538221,0.9733768159599452,0.9733768159599452,-0.2343800412538221,clean,,,2023-01-06 13:46:49,2023-01-06 13:56:00.649665,-551.649665
ingv,ECPN,sim1,template3,2066832,2023-01-06 13:46:56,0.39293947792793,-0.2430667932195328,0.9724038291307846,0.9724038291307846,-0.2430667932195328,clean,,,2023-01-06 13:46:56,2023-01-06 13:56:00.649665,-544.649665
ingv,ECPN,sim2,template3,2068556,2023-01-06 14:42:59,0.472761287627472,0.067022874486375,1.007746140898257,1.007746140898257,0.067022874486375,clean,,,2023-01-06 14:42:59,2023-01-06 14:52:02.114850,-543.11485
ingv,EC1,sim1,template1,2069607,2023-01-06 15:16:54,0.4752406202130646,-1.7296396037059574,0.8194416228751451,0.8194416228751451,-1.7296396037059574,clean,,,2023-01-06 15:16:54,2023-01-06 15:08:41.262621,492.737379
ingv,ECPN,sim1,template1,2068789,2023-01-06 15:17:31,0.2954900552248367,0.1616191300599976,1.0187812805958791,1.0187812805958791,0.1616191300599976,clean,,,2023-01-06 15:17:31,2023-01-06 15:08:41.262621,529.737379
ingv,EC1,sim2,template2,2069760,2023-01-06 15:19:27,0.2140999754412812,-1.6810414624181511,0.8240393044760099,0.8240393044760099,-1.6810414624181511,clean,,,2023-01-06 15:19:27,2023-01-06 15:28:27.751348,-540.751348
ingv,ECPN,sim2,template1,2068947,2023-01-06 15:20:09,0.4022640827525889,-0.0398910049097072,0.9954179082981758,0.9954179082981758,-0.0398910049097072,clean,,,2023-01-06 15:20:09,2023-01-06 15:28:27.751348,-498.751348
ingv,ECPN,sim1,template3,2069011,2023-01-06 15:21:13,0.2222856625119073,-0.2785659546591415,0.9684377326859056,0.9684377326859056,-0.2785659546591415,clean,,,2023-01-06 15:21:13,2023-01-06 15:28:27.751348,-434.751348
ingv,ECPN,sim3,template2,2069025,2023-01-06 15:21:27,0.2843664081765738,-0.3094049582774195,0.965005418887553,0.965005418887553,-0.3094049582774195,clean,,,2023-01-06 15:21:27,2023-01-06 15:28:27.751348,-420.751348
ingv,ECPN,sim4,template4,2069046,2023-01-06 15:35:48,0.2654940702541553,-1.007699021112908,0.8904612988565275,0.8904612988565275,-1.007699021112908,clean,,,2023-01-06 15:35:48,2023-01-06 15:28:27.751348,440.248652
ingv,ECPN,sim3,template3,2069067,2023-01-06 15:36:09,0.247395212445477,-0.4339458159174618,0.951267609190554,0.951267609190554,-0.4339458159174618,clean,,,2023-01-06 15:36:09,2023-01-06 15:28:27.751348,461.248652
ingv,ECPN,sim3,template4,2069154,2023-01-06 15:37:36,0.2777959873464697,-1.0762839563195323,0.8834577852050602,0.8834577852050602,-1.0762839563195323,clean,,,2023-01-06 15:37:36,2023-01-06 15:28:27.751348,548.248652
ingv,ECPN,sim1,template2,2069173,2023-01-06 15:37:55,0.2418596217906239,-0.3994342063347235,0.9550547956944576,0.9550547956944576,-0.3994342063347235,clean,,,2023-01-06 15:37:55,2023-01-06 15:28:27.751348,567.248652
ingv,EC1,sim3,template2,2075906,2023-01-06 18:40:25,0.2757497013701779,-1.097023175437273,0.8813508774677655,0.8813508774677655,-1.097023175437273,clean,,,2023-01-06 18:40:25,2023-01-06 18:48:21.354164,-476.354164
ingv,EC1,sim3,template1,2075929,2023-01-06 18:40:48,0.3904178737724082,-1.0834011054038817,0.8827341833995674,0.8827341833995674,-1.0834011054038817,clean,,,2023-01-06 18:40:48,2023-01-06 18:48:21.354164,-453.354164
ingv,ECPN,sim2,template2,2075084,2023-01-06 18:40:58,0.2118748082996737,-1.1851158073751524,0.87245735789151,0.87245735789151,-1.1851158073751524,clean,,,2023-01-06 18:40:58,2023-01-06 18:48:21.354164,-443.354164
ingv,ECPN,sim4,template3,2075086,2023-01-06 18:41:00,0.4293149117977976,-1.1881574252435383,0.8721518949600364,0.8721518949600364,-1.1881574252435383,clean,,,2023-01-06 18:41:00,2023-01-06 18:48:21.354164,-441.354164
ingv,ECPN,sim3,template1,2075200,2023-01-06 18:56:54,0.2990897942851789,-1.173071935427032,0.8736679481187511,0.8736679481187511,-1.173071935427032,clean,,,2023-01-06 18:56:54,2023-01-06 18:48:21.354164,512.645836
ingv,ECPN,sim3,template3,2075202,2023-01-06 18:56:56,0.4328269451384953,-1.173501223146454,0.8736247693922783,0.8736247693922783,-1.173501223146454,clean,,,2023-01-06 18:56:56,2023-01-06 18:48:21.354164,514.645836
ingv,EC1,sim2,template1,2076106,2023-01-06 18:57:45,0.2304637311205082,-1.3943111821009708,0.8516956731110251,0.8516956731110251,-1.3943111821009708,clean,,,2023-01-06 18:57:45,2023-01-06 18:48:21.354164,563.645836
ingv,EC1,sim4,template3,2081936,2023-01-06 21:51:42,0.2018348394792751,1.9478743216897976,1.2513929849532213,1.2513929849532213,1.9478743216897976,clean,,,2023-01-06 21:51:42,2023-01-06 22:00:08.166487,-506.166487
ingv,ECPN,sim3,template4,2082002,2023-01-06 23:19:35,0.2892034599854362,0.982137918869382,1.11971345246859,1.11971345246859,0.982137918869382,clean,,,2023-01-06 23:19:35,2023-01-06 23:28:26.370263,-531.370263
ingv,ECPN,sim1,template3,2085346,2023-01-07 00:49:19,0.3314219026687001,0.4271742293663654,1.0504096706845318,1.0504096706845318,0.4271742293663654,clean,,,2023-01-07 00:49:19,2023-01-07 00:58:33.495630,-554.49563
ingv,EC1,sim1,template1,2086336,2023-01-07 01:05:34,0.2036728893204265,1.9076241560002325,1.2456074807154365,1.2456074807154365,1.9076241560002325,clean,,,2023-01-07 01:05:34,2023-01-07 00:58:33.495630,420.50437
ingv,EC1,sim2,template1,2086369,2023-01-07 01:06:07,0.335054915297647,1.9561799079638496,1.2525901591814428,1.2525901591814428,1.9561799079638496,clean,,,2023-01-07 01:06:07,2023-01-07 00:58:33.495630,453.50437
ingv,EC1,sim1,template3,2086417,2023-01-07 01:06:55,0.2303147318017485,2.041875269536891,1.2650094314829567,1.2650094314829567,2.041875269536891,clean,,,2023-01-07 01:06:55,2023-01-07 00:58:33.495630,501.50437
ingv,EC1,sim1,template2,2086478,2023-01-07 01:07:56,0.2742193202948347,2.2079228362742973,1.289425164910838,1.289425164910838,2.2079228362742973,clean,,,2023-01-07 01:07:56,2023-01-07 00:58:33.495630,562.50437
ingv,ECPN,sim2,template4,2087497,2023-01-07 01:39:10,0.2282236282666445,1.0597529756210942,1.129763784035961,1.129763784035961,1.0597529756210942,clean,,,2023-01-07 01:39:10,2023-01-07 01:49:00.118571,-590.118571
ingv,EC1,sim4,template2,2089474,2023-01-07 02:52:26,0.2277331230792377,0.8075532730095979,1.0974321112374616,1.0974321112374616,0.8075532730095979,clean,,,2023-01-07 02:52:26,2023-01-07 03:00:30.684747,-484.684747
ingv,ECPN,sim1,template1,2088635,2023-01-07 02:52:42,0.2548961577295591,0.6491615857666689,1.077601232131258,1.077601232131258,0.6491615857666689,clean,,,2023-01-07 02:52:42,2023-01-07 03:00:30.684747,-468.684747
ingv,EC1,sim3,template2,2089528,2023-01-07 02:53:20,0.2165260713836632,0.6670433252226762,1.079821987165329,1.079821987165329,0.6670433252226762,clean,,,2023-01-07 02:53:20,2023-01-07 03:00:30.684747,-430.684747
ingv,ECPN,sim4,template1,2088785,2023-01-07 03:09:12,0.3203134077247958,0.8743514356783987,1.1059043638815762,1.1059043638815762,0.8743514356783987,clean,,,2023-01-07 03:09:12,2023-01-07 03:00:30.684747,521.315253
ingv,ECPN,sim2,template2,2088854,2023-01-07 03:10:21,0.2102592575160801,0.971205113451977,1.1183049717175435,1.1183049717175435,0.971205113451977,clean,,,2023-01-07 03:10:21,2023-01-07 03:00:30.684747,590.315253
ingv,ECPN,sim1,template2,2092659,2023-01-07 04:33:46,0.2263547626431676,1.712129033437476,1.217885477083177,1.217885477083177,1.712129033437476,clean,,,2023-01-07 04:33:46,2023-01-07 04:43:05.523412,-559.523412
ingv,EC1,sim2,template3,2093592,2023-01-07 04:35:04,0.3248272167910401,0.2118993590445333,1.0246958278850722,1.0246958278850722,0.2118993590445333,clean,,,2023-01-07 04:35:04,2023-01-07 04:43:05.523412,-481.523412
ingv,ECPN,sim1,template4,2092748,2023-01-07 04:35:15,0.2900827784855474,0.047926457106955,1.00553298803407,1.00553298803407,0.047926457106955,clean,,,2023-01-07 04:35:15,2023-01-07 04:43:05.523412,-470.523412
ingv,ECPN,sim1,template1,2092757,2023-01-07 04:35:24,0.4021725004587939,1.483228442228395,1.1862095662748102,1.1862095662748102,1.483228442228395,clean,,,2023-01-07 04:35:24,2023-01-07 04:43:05.523412,-461.523412
ingv,ECPN,sim4,template2,2092783,2023-01-07 04:35:50,0.320778366223727,1.599290849359602,1.2021662809652338,1.2021662809652338,1.599290849359602,clean,,,2023-01-07 04:35:50,2023-01-07 04:43:05.523412,-435.523412
ingv,ECPN,sim3,template2,2092823,2023-01-07 04:50:30,0.2332076703975607,1.8329358640718327,1.2349426599987916,1.2349426599987916,1.8329358640718327,clean,,,2023-01-07 04:50:30,2023-01-07 04:43:05.523412,444.476588
ingv,EC1,sim2,template4,2095721,2023-01-07 05:24:33,0.2079859803663119,-1.2519881304564668,0.8657661337564314,0.8657661337564314,-1.2519881304564668,clean,,,2023-01-07 05:24:33,2023-01-07 05:33:25.120089,-532.120089
ingv,ECPN,sim1,template1,2094920,2023-01-07 05:25:27,0.3859282807632867,0.5920698154546152,1.0705414585982576,1.0705414585982576,0.5920698154546152,clean,,,2023-01-07 05:25:27,2023-01-07 05:33:25.120089,-478.120089
ingv,ECPN,sim1,template4,2094934,2023-01-07 05:25:41,0.2352397947873666,-0.5402414853067751,0.9396971847183662,0.9396971847183662,-0.5402414853067751,clean,,,2023-01-07 05:25:41,2023-01-07 05:33:25.120089,-464.120089
ingv,ECPN,sim3,template1,2094975,2023-01-07 05:26:22,0.2458634091992651,0.4744399464809352,1.0561412305729454,1.0561412305729454,0.4744399464809352,clean,,,2023-01-07 05:26:22,2023-01-07 05:33:25.120089,-423.120089
ingv,EC1,sim3,template3,2096062,2023-01-07 06:18:18,0.3878762867425409,-1.444541525581344,0.8467845465242803,0.8467845465242803,-1.444541525581344,clean,,,2023-01-07 06:18:18,2023-01-07 06:11:17.282693,420.717307
ingv,EC1,sim1,template1,2096240,2023-01-07 06:21:16,0.2092137162780919,-1.2881873012921252,0.862165489257928,0.862165489257928,-1.2881873012921252,clean,,,2023-01-07 06:21:16,2023-01-07 06:11:17.282693,598.717307
ingv,EC1,sim1,template3,2099089,2023-01-07 08:05:41,0.287839575288851,-0.1675788321104481,0.980891697085384,0.980891697085384,-0.1675788321104481,clean,,,2023-01-07 08:05:41,2023-01-07 08:15:39.286319,-598.286319
ingv,ECPN,sim4,template3,2098284,2023-01-07 08:06:31,0.4147187248918824,-0.8167765064441672,0.910251020868057,0.910251020868057,-0.8167765064441672,clean,,,2023-01-07 08:06:31,2023-01-07 08:15:39.286319,-548.286319
ingv,ECPN,sim4,template1,2099470,2023-01-07 09:10:25,0.3303154762267064,-0.8768834434639454,0.903973767502298,0.903973767502298,-0.8768834434639454,clean,,,2023-01-07 09:10:25,2023-01-07 09:03:18.837264,426.162736
ingv,ECPN,sim1,template2,2099599,2023-01-07 09:12:34,0.2497258221035365,-0.897330349433215,0.9018482824834368,0.9018482824834368,-0.897330349433215,clean,,,2023-01-07 09:12:34,2023-01-07 09:03:18.837264,555.162736
ingv,EC1,sim4,template2,2100465,2023-01-07 09:12:45,0.2694044826203177,-1.2639711294623268,0.8645725517329791,0.8645725517329791,-1.2639711294623268,clean,,,2023-01-07 09:12:45,2023-01-07 09:03:18.837264,566.162736
ingv,ECPN,sim4,template1,2106876,2023-01-07 12:57:09,0.2801706238592276,0.308197155856867,1.0361195250360984,1.0361195250360984,0.308197155856867,clean,,,2023-01-07 12:57:09,2023-01-07 13:07:04.318810,-595.31881
ingv,ECPN,sim1,template3,2106977,2023-01-07 12:58:50,0.2084772335736952,0.2522403710466436,1.0294660254396184,1.0294660254396184,0.2522403710466436,clean,,,2023-01-07 12:58:50,2023-01-07 13:07:04.318810,-494.31881
ingv,ECPN,sim4,template4,2107182,2023-01-07 13:16:15,0.2887106777377425,0.0539106949627973,1.0062259995916667,1.0062259995916667,0.0539106949627973,clean,,,2023-01-07 13:16:15,2023-01-07 13:07:04.318810,550.68119
ingv,EC1,sim1,template4,2108085,2023-01-07 13:17:03,0.2172079938407261,0.2879304087505998,1.0337047702864948,1.0337047702864948,0.2879304087505998,clean,,,2023-01-07 13:17:03,2023-01-07 13:07:04.318810,598.68119
ingv,EC1,sim4,template2,2108986,2023-01-07 14:12:04,0.3181551244584255,0.5559583671010161,1.0660999386420162,1.0660999386420162,0.5559583671010161,clean,,,2023-01-07 14:12:04,2023-01-07 14:02:46.726269,557.273731
ingv,EC1,sim1,template2,2109514,2023-01-07 14:40:52,0.2660379340956133,0.4393635475132957,1.0518847948768435,1.0518847948768435,0.4393635475132957,clean,,,2023-01-07 14:40:52,2023-01-07 14:31:45.917482,546.082518
ingv,EC1,sim4,template3,2109561,2023-01-07 14:41:39,0.2497192032001201,0.4153066368742509,1.048975468519965,1.048975468519965,0.4153066368742509,clean,,,2023-01-07 14:41:39,2023-01-07 14:31:45.917482,593.082518
ingv,ECPN,sim2,template2,2114958,2023-01-07 17:55:51,0.2138685619633638,1.465096578906102,1.183735927191498,1.183735927191498,1.465096578906102,clean,,,2023-01-07 17:55:51,2023-01-07 18:04:52.564479,-541.564479
ingv,ECPN,sim3,template1,2115005,2023-01-07 17:56:38,0.2844066409095649,1.558729011054202,1.196565427458425,1.196565427458425,1.558729011054202,clean,,,2023-01-07 17:56:38,2023-01-07 18:04:52.564479,-494.564479
ingv,EC1,sim2,template3,2115902,2023-01-07 17:57:20,0.3158191014437246,0.4630681533956044,1.0547594077054192,1.0547594077054192,0.4630681533956044,clean,,,2023-01-07 17:57:20,2023-01-07 18:04:52.564479,-452.564479
ingv,EC1,sim1,template3,2115948,2023-01-07 18:12:06,0.2972230889832907,0.4603612086425944,1.0544307447009456,1.0544307447009456,0.4603612086425944,clean,,,2023-01-07 18:12:06,2023-01-07 18:04:52.564479,433.435521
ingv,ECPN,sim4,template3,2115193,2023-01-07 18:13:46,0.3860028320134395,1.0628144127515964,1.1301620518636026,1.1301620518636026,1.0628144127515964,clean,,,2023-01-07 18:13:46,2023-01-07 18:04:52.564479,533.435521
ingv,EC1,sim4,template1,2116064,2023-01-07 18:14:02,0.3547492947783568,-0.8795774502111438,0.903693435388654,0.903693435388654,-0.8795774502111438,clean,,,2023-01-07 18:14:02,2023-01-07 18:04:52.564479,549.435521
ingv,ECPN,sim2,template4,2115221,2023-01-07 18:14:14,0.2292364268179995,1.1444405670220097,1.1408328769541949,1.1408328769541949,1.1444405670220097,clean,,,2023-01-07 18:14:14,2023-01-07 18:04:52.564479,561.435521
ingv,ECPN,sim3,template4,2118899,2023-01-07 19:15:32,0.2167435615237494,0.7492957221275375,1.0900961005542094,1.0900961005542094,0.7492957221275375,clean,,,2023-01-07 19:15:32,2023-01-07 19:24:58.360652,-566.360652
ingv,ECPN,sim1,template2,2118902,2023-01-07 19:15:35,0.2748997074269534,0.6688964333985227,1.0800523884837845,1.0800523884837845,0.6688964333985227,clean,,,2023-01-07 19:15:35,2023-01-07 19:24:58.360652,-563.360652
ingv,ECPN,sim2,template3,2118909,2023-01-07 19:15:42,0.3572861135421586,0.6730274851466268,1.080566188874686,1.080566188874686,0.6730274851466268,clean,,,2023-01-07 19:15:42,2023-01-07 19:24:58.360652,-556.360652
ingv,EC1,sim3,template2,2120570,2023-01-07 20:02:08,0.2047657509564574,-1.43439421209143,0.8477743828821344,0.8477743828821344,-1.43439421209143,clean,,,2023-01-07 20:02:08,2023-01-07 20:10:37.439349,-509.439349
ingv,ECPN,sim2,template1,2119855,2023-01-07 20:27:23,0.2411144612573033,-0.148652536903933,0.9830313612076796,0.9830313612076796,-0.148652536903933,clean,,,2023-01-07 20:27:23,2023-01-07 20:19:32.248240,470.75176
ingv,ECPN,sim4,template2,2119956,2023-01-07 20:29:04,0.4008982140474603,-0.1832816261265114,0.979119993049348,0.979119993049348,-0.1832816261265114,clean,,,2023-01-07 20:29:04,2023-01-07 20:19:32.248240,571.75176
ingv,EC1,sim1,template1,2130871,2023-01-08 01:15:55,0.3646414800689515,-0.3167226264570631,0.9641927657270226,0.9641927657270226,-0.3167226264570631,clean,,,2023-01-08 01:15:55,2023-01-08 01:07:51.317598,483.682402
ingv,EC1,sim2,template3,2130915,2023-01-08 01:16:39,0.3744959602237225,-0.2669594066060834,0.9697326757240008,0.9697326757240008,-0.2669594066060834,clean,,,2023-01-08 01:16:39,2023-01-08 01:07:51.317598,527.682402
ingv,ECPN,sim4,template1,2130067,2023-01-08 01:16:46,0.4713657517080664,-0.3691845928429026,0.9583866827591774,0.9583866827591774,-0.3691845928429026,clean,,,2023-01-08 01:16:46,2023-01-08 01:07:51.317598,534.682402
ingv,ECPN,sim2,template2,2132657,2023-01-08 02:19:56,0.2533955514230567,-1.0236276900889123,0.8888298176585696,0.8888298176585696,-1.0236276900889123,clean,,,2023-01-08 02:19:56,2023-01-08 02:29:23.551468,-567.551468
ingv,ECPN,sim4,template4,2132752,2023-01-08 02:21:31,0.2876766311649671,-1.912718608756752,0.802350392795343,0.802350392795343,-1.912718608756752,clean,,,2023-01-08 02:21:31,2023-01-08 02:29:23.551468,-472.551468
ingv,ECPN,sim1,template2,2132768,2023-01-08 02:21:47,0.2152229664255377,-1.4428815087778455,0.8469463964863799,0.8469463964863799,-1.4428815087778455,clean,,,2023-01-08 02:21:47,2023-01-08 02:29:23.551468,-456.551468
ingv,ECPN,sim4,template2,2138278,2023-01-08 04:55:32,0.2484814967942109,-1.1360279588276327,0.8774019637014645,0.8774019637014645,-1.1360279588276327,clean,,,2023-01-08 04:55:32,2023-01-08 05:04:46.804029,-554.804029
ingv,ECPN,sim3,template2,2138310,2023-01-08 04:56:04,0.2241455303283878,-1.053921384909272,0.8857352539198718,0.8857352539198718,-1.053921384909272,clean,,,2023-01-08 04:56:04,2023-01-08 05:04:46.804029,-522.804029
ingv,ECPN,sim4,template4,2138325,2023-01-08 04:56:19,0.2106530100129327,-1.117798495359876,0.879245339995002,0.879245339995002,-1.117798495359876,clean,,,2023-01-08 04:56:19,2023-01-08 05:04:46.804029,-507.804029
ingv,ECPN,sim4,template1,2138575,2023-01-08 05:14:29,0.2612808140108339,-0.850378846666444,0.9067364152027731,0.9067364152027731,-0.850378846666444,clean,,,2023-01-08 05:14:29,2023-01-08 05:04:46.804029,582.195971
ingv,EC1,sim4,template3,2143904,2023-01-08 07:32:34,0.2897845221399517,-2.5767514522352464,0.7432970811688402,0.7432970811688402,-2.5767514522352464,clean,,,2023-01-08 07:32:34,2023-01-08 07:40:13.118365,-459.118365
ingv,EC1,sim2,template1,2143917,2023-01-08 07:32:47,0.2070044315747075,-2.65190487618113,0.7368935517203131,0.7368935517203131,-2.65190487618113,clean,,,2023-01-08 07:32:47,2023-01-08 07:40:13.118365,-446.118365
ingv,ECPN,sim1,template3,2143100,2023-01-08 07:59:54,0.2731496549258012,-1.0708947827737467,0.8840060980258523,0.8840060980258523,-1.0708947827737467,clean,,,2023-01-08 07:59:54,2023-01-08 07:52:42.888828,431.111172
ingv,EC1,sim3,template3,2144038,2023-01-08 08:01:17,0.2956587703352008,-2.8410612197671026,0.7210193814984314,0.7210193814984314,-2.8410612197671026,clean,,,2023-01-08 08:01:17,2023-01-08 07:52:42.888828,514.111172
ingv,EC1,sim1,template1,2144054,2023-01-08 08:01:33,0.3451752424568575,-2.885566045813912,0.7173344654810024,0.7173344654810024,-2.885566045813912,clean,,,2023-01-08 08:01:33,2023-01-08 07:52:42.888828,530.111172
ingv,EC1,sim4,template4,2144109,2023-01-08 08:02:28,0.2290123053954695,-0.445300094162932,0.950024915455294,0.950024915455294,-0.445300094162932,clean,,,2023-01-08 08:02:28,2023-01-08 07:52:42.888828,585.111172
ingv,ECPN,sim4,template3,2143258,2023-01-08 08:02:32,0.3863996083859423,-1.033774088068242,0.8877921397614227,0.8877921397614227,-1.033774088068242,clean,,,2023-01-08 08:02:32,2023-01-08 07:52:42.888828,589.111172
ingv,EC1,sim1,template3,2144507,2023-01-08 08:09:06,0.4020664883347621,-3.23867890817081,0.68875704578847,0.68875704578847,-3.23867890817081,clean,,,2023-01-08 08:09:06,2023-01-08 08:16:30.000465,-444.000465
ingv,ECPN,sim2,template2,2143668,2023-01-08 08:09:22,0.2576233730287136,-1.3118503057468751,0.8598198848308433,0.8598198848308433,-1.3118503057468751,clean,,,2023-01-08 08:09:22,2023-01-08 08:16:30.000465,-428.000465
ingv,EC1,sim4,template2,2153911,2023-01-08 13:00:45,0.337242357195314,0.9437757530842882,1.114779022318389,1.114779022318389,0.9437757530842882,clean,,,2023-01-08 13:00:45,2023-01-08 13:10:01.674239,-556.674239
ingv,EC1,sim3,template2,2153986,2023-01-08 13:02:00,0.3627243005103022,0.9457544332990117,1.115033002342343,1.115033002342343,0.9457544332990117,clean,,,2023-01-08 13:02:00,2023-01-08 13:10:01.674239,-481.674239
ingv,ECPN,sim1,template3,2153627,2023-01-08 15:14:03,0.2874967785813819,2.31097629854667,1.3048146222450248,1.3048146222450248,2.31097629854667,clean,,,2023-01-08 15:14:03,2023-01-08 15:23:45.605862,-582.605862
ingv,ECPN,sim4,template2,2153825,2023-01-08 15:31:21,0.465339264063551,0.540466706954045,1.0642001978927615,1.0642001978927615,0.540466706954045,clean,,,2023-01-08 15:31:21,2023-01-08 15:23:45.605862,455.394138
ingv,ECPN,sim4,template1,2153868,2023-01-08 15:32:04,0.2397747957042149,0.5726762573219613,1.0681538566126891,1.0681538566126891,0.5726762573219613,clean,,,2023-01-08 15:32:04,2023-01-08 15:23:45.605862,498.394138
ingv,ECPN,sim3,template3,2155581,2023-01-08 16:43:49,0.2905808960632071,0.5083536649826524,1.0602729537866125,1.0602729537866125,0.5083536649826524,clean,,,2023-01-08 16:43:49,2023-01-08 16:53:24.998893,-575.998893
ingv,ECPN,sim2,template3,2155614,2023-01-08 16:44:22,0.3464480532248815,0.5012956873139338,1.0594117474458558,1.0594117474458558,0.5012956873139338,clean,,,2023-01-08 16:44:22,2023-01-08 16:53:24.998893,-542.998893
ingv,EC1,sim2,template2,2156500,2023-01-08 16:44:53,0.2264351016773417,-0.4072030292964088,0.9542009586338226,0.9542009586338226,-0.4072030292964088,clean,,,2023-01-08 16:44:53,2023-01-08 16:53:24.998893,-511.998893
ingv,ECPN,sim1,template1,2155663,2023-01-08 16:45:11,0.2381153870458958,0.4561317930506685,1.0539174362855008,1.0539174362855008,0.4561317930506685,clean,,,2023-01-08 16:45:11,2023-01-08 16:53:24.998893,-493.998893
ingv,EC1,sim4,template1,2156685,2023-01-08 17:01:58,0.2401285474276625,-2.4136499007266625,0.7573864043818578,0.7573864043818578,-2.4136499007266625,clean,,,2023-01-08 17:01:58,2023-01-08 16:53:24.998893,513.001107
ingv,ECPN,sim3,template2,2155861,2023-01-08 17:02:29,0.2119745759948869,0.4430523555774848,1.0523316144120989,1.0523316144120989,0.4430523555774848,clean,,,2023-01-08 17:02:29,2023-01-08 16:53:24.998893,544.001107
ingv,EC1,sim1,template3,2158932,2023-01-08 18:29:25,0.2472941946899946,0.949002382217804,1.1154500289894371,1.1154500289894371,0.949002382217804,clean,,,2023-01-08 18:29:25,2023-01-08 18:36:56.841268,-451.841268
ingv,ECPN,sim1,template2,2158088,2023-01-08 18:29:36,0.4117917108677013,-0.1427649064851893,0.9836979235980506,0.9836979235980506,-0.1427649064851893,clean,,,2023-01-08 18:29:36,2023-01-08 18:36:56.841268,-440.841268
ingv,ECPN,sim1,template3,2158124,2023-01-08 18:44:12,0.2380558606602403,-0.1202311410134356,0.9862532400057068,0.9862532400057068,-0.1202311410134356,clean,,,2023-01-08 18:44:12,2023-01-08 18:36:56.841268,435.158732
ingv,ECPN,sim3,template1,2161510,2023-01-08 22:22:46,0.2594459435648469,-2.211029984906234,0.7752620062588427,0.7752620062588427,-2.211029984906234,clean,,,2023-01-08 22:22:46,2023-01-08 22:15:27.505120,438.49488
ingv,ECPN,sim2,template1,2161518,2023-01-08 22:22:54,0.3596509898099216,-2.20753908952264,0.775573649923775,0.775573649923775,-2.20753908952264,clean,,,2023-01-08 22:22:54,2023-01-08 22:15:27.505120,446.49488
ingv,ECPN,sim1,template1,2161583,2023-01-08 22:23:59,0.3059796188396765,-2.28257221730862,0.7689027056724708,0.7689027056724708,-2.28257221730862,clean,,,2023-01-08 22:23:59,2023-01-08 22:15:27.505120,511.49488
ingv,EC1,sim3,template1,2162483,2023-01-08 22:24:44,0.2791307561775053,0.201651168032769,1.0234875364615923,1.0234875364615923,0.201651168032769,clean,,,2023-01-08 22:24:44,2023-01-08 22:15:27.505120,556.49488
ingv,EC1,sim1,template2,2162498,2023-01-08 22:24:59,0.4573498611841202,0.2032139064068068,1.023671695736842,1.023671695736842,0.2032139064068068,clean,,,2023-01-08 22:24:59,2023-01-08 22:15:27.505120,571.49488
ingv,ECPN,sim2,template2,2178080,2023-01-09 06:46:18,0.2818333465556798,-2.6585821948520327,0.7363272790133791,0.7363272790133791,-2.6585821948520327,clean,,,2023-01-09 06:46:18,2023-01-09 06:55:49.493974,-571.493974
ingv,EC1,sim4,template1,2178991,2023-01-09 06:47:14,0.2719560701373997,-0.1935990425539724,0.9779576490936864,0.9779576490936864,-0.1935990425539724,clean,,,2023-01-09 06:47:14,2023-01-09 06:55:49.493974,-515.493974
ingv,EC1,sim4,template3,2183310,2023-01-09 09:26:36,0.2462157085054086,1.644890107714863,1.2084940190522002,1.2084940190522002,1.644890107714863,clean,,,2023-01-09 09:26:36,2023-01-09 09:34:01.715657,-445.715657
ingv,EC1,sim4,template1,2186703,2023-01-09 11:06:07,0.3987764491494372,-1.856249088283237,0.8075837016377313,0.8075837016377313,-1.856249088283237,clean,,,2023-01-09 11:06:07,2023-01-09 11:13:59.945848,-472.945848
ingv,ECPN,sim4,template2,2191720,2023-01-09 15:03:16,0.2416299345759848,-6.741514754454881,0.4601763152616353,0.4601763152616353,-6.741514754454881,clean,,,2023-01-09 15:03:16,2023-01-09 15:13:15.119877,-599.119877
ingv,ECPN,sim4,template1,2191727,2023-01-09 15:03:23,0.3770355247103948,-6.751779436468941,0.4596328161186658,0.4596328161186658,-6.751779436468941,clean,,,2023-01-09 15:03:23,2023-01-09 15:13:15.119877,-592.119877
ingv,ECPN,sim3,template2,2191767,2023-01-09 15:04:03,0.3124549005166945,-6.732514221918096,0.460653408426103,0.460653408426103,-6.732514221918096,clean,,,2023-01-09 15:04:03,2023-01-09 15:13:15.119877,-552.119877
ingv,ECPN,sim3,template3,2191819,2023-01-09 15:04:55,0.3069108737634151,-6.64026709819423,0.4655717765907853,0.4655717765907853,-6.64026709819423,clean,,,2023-01-09 15:04:55,2023-01-09 15:13:15.119877,-500.119877
ingv,EC1,sim3,template2,2192693,2023-01-09 15:05:14,0.2918562173269654,-3.489767099332118,0.6691317616904544,0.6691317616904544,-3.489767099332118,clean,,,2023-01-09 15:05:14,2023-01-09 15:13:15.119877,-481.119877
ingv,ECPN,sim2,template3,2191868,2023-01-09 15:05:44,0.2093851573377889,-6.330046112626161,0.4825004185005135,0.4825004185005135,-6.330046112626161,clean,,,2023-01-09 15:05:44,2023-01-09 15:13:15.119877,-451.119877
ingv,EC1,sim1,template1,2192914,2023-01-09 15:22:55,0.22393371315676,-3.473432253768118,0.6703913273337846,0.6703913273337846,-3.473432253768118,clean,,,2023-01-09 15:22:55,2023-01-09 15:13:15.119877,579.880123
ingv,ECPN,sim1,template3,2200229,2023-01-09 19:46:01,0.296062471720144,5.471209203397437,1.8774157640288551,1.8774157640288551,5.471209203397437,clean,,,2023-01-09 19:46:01,2023-01-09 19:36:41.285795,559.714205
ingv,ECPN,sim1,template3,2201255,2023-01-09 20:03:07,0.3409272798461505,0.1520423801326334,1.0176586279613573,1.0176586279613573,0.1520423801326334,clean,,,2023-01-09 20:03:07,2023-01-09 20:12:30.285938,-563.285938
ingv,ECPN,sim1,template1,2205883,2023-01-10 00:08:03,0.2605589092713864,-4.0369421091925295,0.6282795073733672,0.6282795073733672,-4.0369421091925295,clean,,,2023-01-10 00:08:03,2023-01-10 00:00:56.552004,426.447996
ingv,ECPN,sim1,template4,2205896,2023-01-10 00:08:16,0.2262670998909887,-1.4489900009599883,0.8463509771468777,0.8463509771468777,-1.4489900009599883,clean,,,2023-01-10 00:08:16,2023-01-10 00:00:56.552004,439.447996
ingv,EC1,sim1,template3,2206772,2023-01-10 00:08:37,0.2407396701160043,-4.827442047430143,0.5736247714000857,0.5736247714000857,-4.827442047430143,clean,,,2023-01-10 00:08:37,2023-01-10 00:00:56.552004,460.447996
ingv,ECPN,sim3,template1,2206132,2023-01-10 00:42:12,0.3134313494136677,-3.560921562125569,0.6636726518204905,0.6636726518204905,-3.560921562125569,clean,,,2023-01-10 00:42:12,2023-01-10 00:33:58.764404,493.235596
ingv,EC1,sim3,template3,2207004,2023-01-10 00:42:29,0.3457138493505604,-4.295938108627021,0.6098220092746907,0.6098220092746907,-4.295938108627021,clean,,,2023-01-10 00:42:29,2023-01-10 00:33:58.764404,510.235596
ingv,ECPN,sim2,template1,2206193,2023-01-10 00:43:13,0.3534969184009863,-3.5474631057761186,0.6647017845020647,0.6647017845020647,-3.5474631057761186,clean,,,2023-01-10 00:43:13,2023-01-10 00:33:58.764404,554.235596
ingv,EC1,sim1,template1,2207089,2023-01-10 00:43:54,0.2845838115318133,-4.383761833400884,0.6036871176252834,0.6036871176252834,-4.383761833400884,clean,,,2023-01-10 00:43:54,2023-01-10 00:33:58.764404,595.235596
ingv,EC1,sim2,template1,2215971,2023-01-10 05:15:04,0.2502279193006222,-1.0364035893641474,0.8875234168835306,0.8875234168835306,-1.0364035893641474,clean,,,2023-01-10 05:15:04,2023-01-10 05:07:34.034556,449.965444
ingv,ECPN,sim2,template3,2215180,2023-01-10 05:16:08,0.3753844823431209,7.628997576074457,2.406854731961373,2.406854731961373,7.628997576074457,clean,,,2023-01-10 05:16:08,2023-01-10 05:07:34.034556,513.965444
ingv,ECPN,sim4,template3,2217651,2023-01-10 06:32:52,0.2130432450970234,-1.533279725198721,0.8381775294664051,0.8381775294664051,-1.533279725198721,clean,,,2023-01-10 06:32:52,2023-01-10 06:23:37.559732,554.440268
ingv,EC1,sim2,template1,2227175,2023-01-10 12:54:02,0.2426198740927189,0.3929668700993626,1.046281011346224,1.046281011346224,0.3929668700993626,clean,,,2023-01-10 12:54:02,2023-01-10 13:03:50.104008,-588.104008
ingv,ECPN,sim2,template2,2226337,2023-01-10 12:54:19,0.3757447576191743,-3.001885749210091,0.7077921025678373,0.7077921025678373,-3.001885749210091,clean,,,2023-01-10 12:54:19,2023-01-10 13:03:50.104008,-571.104008
ingv,EC1,sim3,template1,2227224,2023-01-10 12:54:51,0.2384285776968285,-0.2646662829700824,0.9699887243931284,0.9699887243931284,-0.2646662829700824,clean,,,2023-01-10 12:54:51,2023-01-10 13:03:50.104008,-539.104008
ingv,EC1,sim1,template3,2227230,2023-01-10 12:54:57,0.3944748931356688,-0.3037537094748668,0.9656334789268344,0.9656334789268344,-0.3037537094748668,clean,,,2023-01-10 12:54:57,2023-01-10 13:03:50.104008,-533.104008
ingv,ECPN,sim1,template1,2226607,2023-01-10 13:12:49,0.4248822657749774,-2.679759112410876,0.7345342388659042,0.7345342388659042,-2.679759112410876,clean,,,2023-01-10 13:12:49,2023-01-10 13:03:50.104008,538.895992
ingv,ECPN,sim1,template3,2226649,2023-01-10 13:13:31,0.3365067013292555,-2.6723479333357787,0.7351612429031593,0.7351612429031593,-2.6723479333357787,clean,,,2023-01-10 13:13:31,2023-01-10 13:03:50.104008,580.895992
ingv,ECPN,sim3,template2,2228420,2023-01-10 13:43:02,0.4879132142253697,0.4091896422704822,1.048236992824708,1.048236992824708,0.4091896422704822,clean,,,2023-01-10 13:43:02,2023-01-10 13:51:12.598061,-490.598061
ingv,EC1,sim3,template3,2229276,2023-01-10 13:43:03,0.2873348548013683,-0.8361963253760757,0.9082181647601024,0.9082181647601024,-0.8361963253760757,clean,,,2023-01-10 13:43:03,2023-01-10 13:51:12.598061,-489.598061
ingv,ECPN,sim3,template3,2228451,2023-01-10 13:43:33,0.4197476508101396,0.4168423051747736,1.0491609441422078,1.0491609441422078,0.4168423051747736,clean,,,2023-01-10 13:43:33,2023-01-10 13:51:12.598061,-459.598061
ingv,EC1,sim2,template2,2229313,2023-01-10 13:43:40,0.2884356795448565,-0.626843827749753,0.9303745214444992,0.9303745214444992,-0.626843827749753,clean,,,2023-01-10 13:43:40,2023-01-10 13:51:12.598061,-452.598061
ingv,ECPN,sim2,template2,2228462,2023-01-10 13:43:44,0.470309909328458,0.4190090497072879,1.049422695948533,1.049422695948533,0.4190090497072879,clean,,,2023-01-10 13:43:44,2023-01-10 13:51:12.598061,-448.598061
ingv,EC1,sim1,template1,2229439,2023-01-10 13:59:46,0.2292092974263107,-0.6176277177474107,0.9313622135319064,0.9313622135319064,-0.6176277177474107,clean,,,2023-01-10 13:59:46,2023-01-10 13:51:12.598061,513.401939
ingv,EC1,sim4,template2,2233925,2023-01-10 15:54:32,0.2663036001040159,-0.3168757327375082,0.9641757700394112,0.9641757700394112,-0.3168757327375082,clean,,,2023-01-10 15:54:32,2023-01-10 16:04:06.268438,-574.268438
ingv,EC1,sim1,template3,2233932,2023-01-10 15:54:39,0.3490477606770885,-0.3579309598985515,0.959629194726672,0.959629194726672,-0.3579309598985515,clean,,,2023-01-10 15:54:39,2023-01-10 16:04:06.268438,-567.268438
ingv,ECPN,sim2,template1,2236839,2023-01-10 18:47:55,0.3989369034833173,-4.157663267290578,0.6196077434323538,0.6196077434323538,-4.157663267290578,clean,,,2023-01-10 18:47:55,2023-01-10 18:56:20.409980,-505.40998
ingv,EC1,sim1,template2,2237767,2023-01-10 18:49:08,0.2108579869878549,-0.6227669105497693,0.9308113161040182,0.9308113161040182,-0.6227669105497693,clean,,,2023-01-10 18:49:08,2023-01-10 18:56:20.409980,-432.40998
ingv,EC1,sim1,template1,2237836,2023-01-10 19:08:52,0.2510177675551546,-0.5524483714658697,0.938377490309482,0.938377490309482,-0.5524483714658697,clean,,,2023-01-10 19:08:52,2023-01-10 19:00:55.415842,476.584158
ingv,EC1,sim1,template3,2238078,2023-01-10 19:12:54,0.2572882245534569,-0.4613168961649877,0.948274681372524,0.948274681372524,-0.4613168961649877,clean,,,2023-01-10 19:12:54,2023-01-10 19:22:34.044514,-580.044514
ingv,ECPN,sim2,template3,2237287,2023-01-10 19:13:58,0.2052995863489996,-3.882506084382941,0.6395502834926192,0.6395502834926192,-3.882506084382941,clean,,,2023-01-10 19:13:58,2023-01-10 19:22:34.044514,-516.044514
ingv,EC1,sim3,template1,2238179,2023-01-10 19:14:35,0.2268441877292244,-0.3814124986811354,0.957038425127135,0.957038425127135,-0.3814124986811354,clean,,,2023-01-10 19:14:35,2023-01-10 19:22:34.044514,-479.044514
ingv,ECPN,sim3,template1,2237341,2023-01-10 19:14:52,0.4123068937479349,-3.747277732703746,0.6495851878617432,0.6495851878617432,-3.747277732703746,clean,,,2023-01-10 19:14:52,2023-01-10 19:22:34.044514,-462.044514
ingv,EC1,sim4,template2,2238325,2023-01-10 19:31:01,0.2094450690779059,-0.5324116947505441,0.9405446453321262,0.9405446453321262,-0.5324116947505441,clean,,,2023-01-10 19:31:01,2023-01-10 19:22:34.044514,506.955486
ingv,EC1,sim3,template2,2239558,2023-01-10 19:51:34,0.2559191102078218,-0.3059899591663474,0.9653849010947038,0.9653849010947038,-0.3059899591663474,clean,,,2023-01-10 19:51:34,2023-01-10 19:58:45.656523,-431.656523
ingv,EC1,sim4,template3,2239580,2023-01-10 20:57:19,0.2016283680149705,-0.3131697021049967,0.9645872451448144,0.9645872451448144,-0.3131697021049967,clean,,,2023-01-10 20:57:19,2023-01-10 21:05:23.653123,-484.653123
ingv,ECPN,sim3,template1,2238757,2023-01-10 20:57:51,0.2098311588444738,-3.69235077576949,0.653705985071791,0.653705985071791,-3.69235077576949,clean,,,2023-01-10 20:57:51,2023-01-10 21:05:23.653123,-452.653123
ingv,ECPN,sim3,template3,2238792,2023-01-10 21:12:26,0.3249280773062178,-3.597620406533577,0.6608744769240901,0.6608744769240901,-3.597620406533577,clean,,,2023-01-10 21:12:26,2023-01-10 21:05:23.653123,422.346877
ingv,EC1,sim1,template3,2239769,2023-01-10 21:14:28,0.3950589674056002,-0.605355887174897,0.932679015568988,0.932679015568988,-0.605355887174897,clean,,,2023-01-10 21:14:28,2023-01-10 21:05:23.653123,544.346877
ingv,ECPN,sim1,template3,2238925,2023-01-10 21:14:39,0.2285549070027068,-3.678643218670219,0.6547384396439739,0.6547384396439739,-3.678643218670219,clean,,,2023-01-10 21:14:39,2023-01-10 21:05:23.653123,555.346877
ingv,ECPN,sim1,template4,2239276,2023-01-10 21:44:26,0.251756946227804,-5.815125591729094,0.5119690653172578,0.5119690653172578,-5.815125591729094,clean,,,2023-01-10 21:44:26,2023-01-10 21:35:39.078169,526.921831
ingv,EC1,sim1,template2,2240142,2023-01-10 21:44:37,0.2790734502836793,-0.6135695051197372,0.9317974653203592,0.9317974653203592,-0.6135695051197372,clean,,,2023-01-10 21:44:37,2023-01-10 21:35:39.078169,537.921831
ingv,EC1,sim4,template1,2240147,2023-01-10 21:44:42,0.2641278633148963,-0.5936711514885552,0.9339345509126568,0.9339345509126568,-0.5936711514885552,clean,,,2023-01-10 21:44:42,2023-01-10 21:35:39.078169,542.921831
ingv,ECPN,sim1,template2,2239292,2023-01-10 21:44:42,0.305623521156227,-3.880040280875072,0.6397318687146705,0.6397318687146705,-3.880040280875072,clean,,,2023-01-10 21:44:42,2023-01-10 21:35:39.078169,542.921831
ingv,ECPN,sim3,template4,2239335,2023-01-10 21:45:25,0.2259718648187619,-5.779880811609226,0.514050705374097,0.514050705374097,-5.779880811609226,clean,,,2023-01-10 21:45:25,2023-01-10 21:35:39.078169,585.921831
ingv,ECPN,sim1,template1,2239502,2023-01-10 22:12:16,0.4248921864737077,-4.550121256366334,0.5922348191285038,0.5922348191285038,-4.550121256366334,clean,,,2023-01-10 22:12:16,2023-01-10 22:04:20.478839,475.521161
ingv,EC1,sim1,template1,2240358,2023-01-10 22:12:17,0.2555190742277038,0.3870936039351506,1.0455737712154665,1.0455737712154665,0.3870936039351506,clean,,,2023-01-10 22:12:17,2023-01-10 22:04:20.478839,476.521161
ingv,ECPN,sim2,template3,2239589,2023-01-10 22:13:43,0.3795102827468335,-4.585583392131582,0.5898218138796506,0.5898218138796506,-4.585583392131582,clean,,,2023-01-10 22:13:43,2023-01-10 22:04:20.478839,562.521161
ingv,ECPN,sim3,template2,2241816,2023-01-10 22:50:50,0.2066769073929187,-8.144733229095236,0.3915284621312025,0.3915284621312025,-8.144733229095236,clean,,,2023-01-10 22:50:50,2023-01-10 23:00:31.595741,-581.595741
ingv,EC1,sim1,template4,2242723,2023-01-10 22:51:42,0.2517137035600783,-1.711275852260922,0.8211759231520727,0.8211759231520727,-1.711275852260922,clean,,,2023-01-10 22:51:42,2023-01-10 23:00:31.595741,-529.595741
ingv,EC1,sim1,template1,2242724,2023-01-10 22:51:43,0.3445111237282495,-0.6676623004064431,0.9260125763992584,0.9260125763992584,-0.6676623004064431,clean,,,2023-01-10 22:51:43,2023-01-10 23:00:31.595741,-528.595741
ingv,ECPN,sim1,template2,2241950,2023-01-10 22:53:04,0.3491091935007965,-7.84521856536575,0.4052649752253496,0.4052649752253496,-7.84521856536575,clean,,,2023-01-10 22:53:04,2023-01-10 23:00:31.595741,-447.595741
ingv,ECPN,sim2,template2,2241960,2023-01-10 22:53:14,0.3224540423932226,-7.8318078906870365,0.4058911718208627,0.4058911718208627,-7.8318078906870365,clean,,,2023-01-10 22:53:14,2023-01-10 23:00:31.595741,-437.595741
ingv,EC1,sim2,template2,2242886,2023-01-10 23:08:25,0.3104039956929255,-1.0407235725176327,0.8870821111482176,0.8870821111482176,-1.0407235725176327,clean,,,2023-01-10 23:08:25,2023-01-10 23:00:31.595741,473.404259
ingv,ECPN,sim1,template3,2242036,2023-01-10 23:08:30,0.2358542905806155,-7.923417131804863,0.4016327726767416,0.4016327726767416,-7.923417131804863,clean,,,2023-01-10 23:08:30,2023-01-10 23:00:31.595741,478.404259
ingv,EC1,sim4,template1,2242965,2023-01-10 23:09:44,0.2784952663491367,-1.060356885125311,0.8850792430199433,0.8850792430199433,-1.060356885125311,clean,,,2023-01-10 23:09:44,2023-01-10 23:00:31.595741,552.404259
ingv,ECPN,sim4,template3,2242139,2023-01-10 23:10:13,0.2227244075200396,-8.73571734462097,0.3657750958335097,0.3657750958335097,-8.73571734462097,clean,,,2023-01-10 23:10:13,2023-01-10 23:00:31.595741,581.404259
ingv,ECPN,sim3,template4,2246127,2023-01-11 01:17:36,0.2139948431107499,-2.806782702513118,0.7238704779179,0.7238704779179,-2.806782702513118,clean,,,2023-01-11 01:17:36,2023-01-11 01:09:24.177807,491.822193
ingv,EC1,sim3,template1,2246995,2023-01-11 01:17:49,0.3155374431562111,-2.5468119537107645,0.7458635816184633,0.7458635816184633,-2.5468119537107645,clean,,,2023-01-11 01:17:49,2023-01-11 01:09:24.177807,504.822193
ingv,EC1,sim4,template1,2247437,2023-01-11 01:25:11,0.2551423278557216,-1.9214233282271127,0.8015467057974743,0.8015467057974743,-1.9214233282271127,clean,,,2023-01-11 01:25:11,2023-01-11 01:34:36.285463,-565.285463
ingv,ECPN,sim1,template3,2246611,2023-01-11 01:25:40,0.2798984009252048,-2.107490367600165,0.7845587703560258,0.7845587703560258,-2.107490367600165,clean,,,2023-01-11 01:25:40,2023-01-11 01:34:36.285463,-536.285463
ingv,ECPN,sim3,template3,2246650,2023-01-11 01:26:19,0.3626693324107215,-2.11576371891644,0.7838118301730423,0.7838118301730423,-2.11576371891644,clean,,,2023-01-11 01:26:19,2023-01-11 01:34:36.285463,-497.285463
ingv,EC1,sim2,template2,2247655,2023-01-11 01:42:49,0.2889072633966608,-1.6574396470394073,0.8262814779366059,0.8262814779366059,-1.6574396470394073,clean,,,2023-01-11 01:42:49,2023-01-11 01:34:36.285463,492.714537
ingv,EC1,sim1,template3,2247695,2023-01-11 01:43:29,0.2753728177308828,-1.5718118115552355,0.8344674664552605,0.8344674664552605,-1.5718118115552355,clean,,,2023-01-11 01:43:29,2023-01-11 01:34:36.285463,532.714537
ingv,ECPN,sim1,template2,2250318,2023-01-11 03:37:48,0.281740659135006,0.2926348587508717,1.0342647969273226,1.0342647969273226,0.2926348587508717,clean,,,2023-01-11 03:37:48,2023-01-11 03:47:40.065557,-592.065557
ingv,EC1,sim3,template2,2251237,2023-01-11 03:38:52,0.2412425568858102,-2.4461101696826653,0.7545612378163743,0.7545612378163743,-2.4461101696826653,clean,,,2023-01-11 03:38:52,2023-01-11 03:47:40.065557,-528.065557
ingv,EC1,sim2,template2,2251325,2023-01-11 03:40:20,0.3859022596571761,-2.2661608073166786,0.7703568694662251,0.7703568694662251,-2.2661608073166786,clean,,,2023-01-11 03:40:20,2023-01-11 03:47:40.065557,-440.065557
ingv,ECPN,sim4,template1,2250504,2023-01-11 04:03:51,0.4040967646706097,0.7816341215862601,1.0941621973335356,1.0941621973335356,0.7816341215862601,clean,,,2023-01-11 04:03:51,2023-01-11 03:56:02.079292,468.920708
ingv,EC1,sim1,template1,2251391,2023-01-11 04:04:23,0.3037867695826228,-1.9850224583896443,0.7956991187637951,0.7956991187637951,-1.9850224583896443,clean,,,2023-01-11 04:04:23,2023-01-11 03:56:02.079292,500.920708
ingv,ECPN,sim1,template3,2250537,2023-01-11 04:04:24,0.3814251361565323,0.7409399735117185,1.0890479420366557,1.0890479420366557,0.7409399735117185,clean,,,2023-01-11 04:04:24,2023-01-11 03:56:02.079292,501.920708
ingv,EC1,sim2,template1,2251472,2023-01-11 04:05:44,0.2164741781929377,-2.123803091928906,0.7830866954231451,0.7830866954231451,-2.123803091928906,clean,,,2023-01-11 04:05:44,2023-01-11 03:56:02.079292,581.920708
ingv,EC1,sim2,template3,2252164,2023-01-11 04:17:16,0.4053900680967886,-2.7814170671664638,0.7259875058976206,0.7259875058976206,-2.7814170671664638,clean,,,2023-01-11 04:17:16,2023-01-11 04:27:13.766614,-597.766614
ingv,ECPN,sim4,template3,2251445,2023-01-11 04:19:32,0.4495053805905447,-0.1065382193255125,0.9878092508821432,0.9878092508821432,-0.1065382193255125,clean,,,2023-01-11 04:19:32,2023-01-11 04:27:13.766614,-461.766614
ingv,ECPN,sim1,template1,2251477,2023-01-11 04:20:04,0.2410699831975983,-0.1787358048616692,0.9796325564803842,0.9796325564803842,-0.1787358048616692,clean,,,2023-01-11 04:20:04,2023-01-11 04:27:13.766614,-429.766614
ingv,ECPN,sim1,template2,2252500,2023-01-11 05:24:56,0.2269465749097083,0.055937968741986,1.0064608786590676,1.0064608786590676,0.055937968741986,clean,,,2023-01-11 05:24:56,2023-01-11 05:34:23.515540,-567.51554
ingv,EC1,sim1,template2,2253386,2023-01-11 05:25:27,0.4110688577530219,-1.2114292007995824,0.8698182989315136,0.8698182989315136,-1.2114292007995824,clean,,,2023-01-11 05:25:27,2023-01-11 05:34:23.515540,-536.51554
ingv,ECPN,sim2,template1,2252553,2023-01-11 05:25:49,0.4009915580743862,0.0768859472669667,1.0088911150297992,1.0088911150297992,0.0768859472669667,clean,,,2023-01-11 05:25:49,2023-01-11 05:34:23.515540,-514.51554
ingv,EC1,sim1,template1,2253460,2023-01-11 05:26:41,0.4764456240059323,-1.163443402838613,0.8746369685554786,0.8746369685554786,-1.163443402838613,clean,,,2023-01-11 05:26:41,2023-01-11 05:34:23.515540,-462.51554
ingv,EC1,sim2,template1,2253472,2023-01-11 05:26:53,0.4687220086591591,-1.1654511364566902,0.8744348205682172,0.8744348205682172,-1.1654511364566902,clean,,,2023-01-11 05:26:53,2023-01-11 05:34:23.515540,-450.51554
ingv,EC1,sim2,template4,2253475,2023-01-11 05:26:56,0.2289595174392764,-2.04998021213626,0.7897706486233194,0.7897706486233194,-2.04998021213626,clean,,,2023-01-11 05:26:56,2023-01-11 05:34:23.515540,-447.51554
ingv,EC1,sim3,template3,2253574,2023-01-11 05:53:49,0.2416510833086314,-1.0490620024250106,0.8862309234217357,0.8862309234217357,-1.0490620024250106,clean,,,2023-01-11 05:53:49,2023-01-11 05:45:37.266232,491.733768
ingv,ECPN,sim3,template3,2252783,2023-01-11 05:54:53,0.3573367759721204,0.560760892853496,1.066689560238586,1.066689560238586,0.560760892853496,clean,,,2023-01-11 05:54:53,2023-01-11 05:45:37.266232,555.733768
ingv,ECPN,sim2,template1,2258274,2023-01-11 11:48:44,0.2875872477821107,-3.636139087652604,0.6579502338498772,0.6579502338498772,-3.636139087652604,clean,,,2023-01-11 11:48:44,2023-01-11 11:57:20.106021,-516.106021
ingv,EC1,sim4,template3,2259217,2023-01-11 11:50:12,0.2668466014836041,-0.1238957398671952,0.9858372250290254,0.9858372250290254,-0.1238957398671952,clean,,,2023-01-11 11:50:12,2023-01-11 11:57:20.106021,-428.106021
ingv,ECPN,sim1,template2,2258552,2023-01-11 12:52:26,0.34324140706906,-3.74456647276074,0.6497879844980943,0.6497879844980943,-3.74456647276074,clean,,,2023-01-11 12:52:26,2023-01-11 12:43:52.074531,513.925469
ingv,ECPN,sim3,template3,2258570,2023-01-11 12:52:44,0.2693938866392231,-3.827721994740656,0.6435968358147627,0.6435968358147627,-3.827721994740656,clean,,,2023-01-11 12:52:44,2023-01-11 12:43:52.074531,531.925469
ingv,ECPN,sim2,template2,2274963,2023-01-11 21:11:12,0.3795028459718405,-1.708455365681468,0.8214426191213969,0.8214426191213969,-1.708455365681468,clean,,,2023-01-11 21:11:12,2023-01-11 21:21:11.068174,-599.068174
ingv,ECPN,sim4,template2,2275001,2023-01-11 21:11:50,0.3945508209129585,-1.704173354431862,0.8218476776524083,0.8218476776524083,-1.704173354431862,clean,,,2023-01-11 21:11:50,2023-01-11 21:21:11.068174,-561.068174
ingv,ECPN,sim2,template4,2275080,2023-01-11 21:13:09,0.2173254804225165,-1.5987677399956288,0.8318817811141628,0.8318817811141628,-1.5987677399956288,clean,,,2023-01-11 21:13:09,2023-01-11 21:21:11.068174,-482.068174
ingv,EC1,sim1,template3,2275976,2023-01-11 21:13:50,0.3453665892112978,-0.8410585962306103,0.9077098959344096,0.9077098959344096,-0.8410585962306103,clean,,,2023-01-11 21:13:50,2023-01-11 21:21:11.068174,-441.068174
ingv,EC1,sim1,template2,2276079,2023-01-11 21:29:33,0.3121119598013039,-0.8119713798819692,0.9107547207307264,0.9107547207307264,-0.8119713798819692,clean,,,2023-01-11 21:29:33,2023-01-11 21:21:11.068174,501.931826
ingv,ECPN,sim3,template1,2275268,2023-01-11 21:30:17,0.2050634333143202,-1.6250684074644752,0.8293666726104738,0.8293666726104738,-1.6250684074644752,clean,,,2023-01-11 21:30:17,2023-01-11 21:21:11.068174,545.931826
ingv,ECPN,sim3,template4,2280299,2023-01-11 23:14:08,0.2159151451139478,-0.648515096871467,0.928056133136264,0.928056133136264,-0.648515096871467,clean,,,2023-01-11 23:14:08,2023-01-11 23:23:37.637668,-569.637668
ingv,EC1,sim2,template1,2281162,2023-01-11 23:14:16,0.2555502332906539,0.2261229210939823,1.0263751912321015,1.0263751912321015,0.2261229210939823,clean,,,2023-01-11 23:14:16,2023-01-11 23:23:37.637668,-561.637668
ingv,ECPN,sim4,template3,2280337,2023-01-11 23:14:46,0.2253180014083219,0.4268457646862544,1.0503699492550342,1.0503699492550342,0.4268457646862544,clean,,,2023-01-11 23:14:46,2023-01-11 23:23:37.637668,-531.637668
ingv,ECPN,sim2,template2,2280344,2023-01-11 23:14:53,0.3945869169028731,0.4163657476169713,1.0491033827544476,1.0491033827544476,0.4163657476169713,clean,,,2023-01-11 23:14:53,2023-01-11 23:23:37.637668,-524.637668
ingv,EC1,sim3,template2,2281240,2023-01-11 23:15:34,0.2821292518571093,-0.0309814633475468,0.996439480951,0.996439480951,-0.0309814633475468,clean,,,2023-01-11 23:15:34,2023-01-11 23:23:37.637668,-483.637668
ingv,EC1,sim4,template3,2285321,2023-01-12 02:13:30,0.2304777110617539,0.782025223943233,1.0942114656372468,1.0942114656372468,0.782025223943233,clean,,,2023-01-12 02:13:30,2023-01-12 02:05:14.371373,495.628627
ingv,EC1,sim2,template2,2285354,2023-01-12 02:14:03,0.3021256162532039,0.6745148181800097,1.080751236056254,1.080751236056254,0.6745148181800097,clean,,,2023-01-12 02:14:03,2023-01-12 02:05:14.371373,528.628627
ingv,EC1,sim1,template2,2285366,2023-01-12 02:14:15,0.4242241538328067,0.6564902072448147,1.078510829701954,1.078510829701954,0.6564902072448147,clean,,,2023-01-12 02:14:15,2023-01-12 02:05:14.371373,540.628627
ingv,ECPN,sim1,template1,2290340,2023-01-12 04:39:30,0.2058345478021634,-1.3916441916379054,0.8519572252482229,0.8519572252482229,-1.3916441916379054,clean,,,2023-01-12 04:39:30,2023-01-12 04:48:47.120956,-557.120956
ingv,EC1,sim1,template1,2291344,2023-01-12 04:55:59,0.3416424432734444,1.7499195163727137,1.2231957848407882,1.2231957848407882,1.7499195163727137,clean,,,2023-01-12 04:55:59,2023-01-12 04:48:47.120956,431.879044
ingv,EC1,sim1,template3,2291415,2023-01-12 04:57:10,0.2749609681334838,1.95824769408261,1.2528883896423122,1.2528883896423122,1.95824769408261,clean,,,2023-01-12 04:57:10,2023-01-12 04:48:47.120956,502.879044
ingv,ECPN,sim3,template3,2290606,2023-01-12 04:57:56,0.3131043720737191,-1.0556348006520482,0.8855605472273267,0.8855605472273267,-1.0556348006520482,clean,,,2023-01-12 04:57:56,2023-01-12 04:48:47.120956,548.879044
ingv,EC1,sim3,template3,2295532,2023-01-12 08:08:01,0.2959942480464099,-0.3406657381688009,0.961538577531946,0.961538577531946,-0.3406657381688009,clean,,,2023-01-12 08:08:01,2023-01-12 08:00:58.383634,422.616366
ingv,EC1,sim1,template2,2295537,2023-01-12 08:08:06,0.4669894771480815,-0.3445455743170201,0.961109170849311,0.961109170849311,-0.3445455743170201,clean,,,2023-01-12 08:08:06,2023-01-12 08:00:58.383634,427.616366
ingv,ECPN,sim3,template1,2294770,2023-01-12 08:09:34,0.3729545173399096,2.733634977442448,1.36987755158071,1.36987755158071,2.733634977442448,clean,,,2023-01-12 08:09:34,2023-01-12 08:00:58.383634,515.616366
ingv,EC1,sim2,template3,2299471,2023-01-12 11:37:39,0.3322700577392524,-1.0715399205363014,0.8839404415921485,0.8839404415921485,-1.0715399205363014,clean,,,2023-01-12 11:37:39,2023-01-12 11:28:16.298762,562.701238
ingv,EC1,sim2,template3,2304045,2023-01-12 14:14:08,0.2974248796694128,-0.829906137034836,0.9088761206670892,0.9088761206670892,-0.829906137034836,clean,,,2023-01-12 14:14:08,2023-01-12 14:22:43.493811,-515.493811
ingv,ECPN,sim4,template2,2303228,2023-01-12 14:14:46,0.3389473463167621,1.2082692653276554,1.149247223678665,1.149247223678665,1.2082692653276554,clean,,,2023-01-12 14:14:46,2023-01-12 14:22:43.493811,-477.493811
ingv,ECPN,sim1,template2,2303241,2023-01-12 14:14:59,0.4205492689253768,1.276751625938254,1.1583440742819695,1.1583440742819695,1.276751625938254,clean,,,2023-01-12 14:14:59,2023-01-12 14:22:43.493811,-464.493811
ingv,ECPN,sim3,template4,2303256,2023-01-12 14:15:14,0.2504452868524832,0.68799600962617,1.0824299503312098,1.0824299503312098,0.68799600962617,clean,,,2023-01-12 14:15:14,2023-01-12 14:22:43.493811,-449.493811
ingv,EC1,sim2,template2,2304137,2023-01-12 14:15:40,0.363186599433186,-0.8992937446314229,0.901644447925357,0.901644447925357,-0.8992937446314229,clean,,,2023-01-12 14:15:40,2023-01-12 14:22:43.493811,-423.493811
ingv,EC1,sim3,template1,2305625,2023-01-12 16:17:50,0.3869616607434289,-2.6631152034731804,0.7359431033870069,0.7359431033870069,-2.6631152034731804,clean,,,2023-01-12 16:17:50,2023-01-12 16:26:51.737121,-541.737121
ingv,EC1,sim2,template4,2305704,2023-01-12 16:19:09,0.2335962384972207,-1.0082932539042506,0.8904003812965033,0.8904003812965033,-1.0082932539042506,clean,,,2023-01-12 16:19:09,2023-01-12 16:26:51.737121,-462.737121
ingv,ECPN,sim2,template2,2304854,2023-01-12 16:19:14,0.4591074321955016,1.9484175656161768,1.2514712536080377,1.2514712536080377,1.9484175656161768,clean,,,2023-01-12 16:19:14,2023-01-12 16:26:51.737121,-457.737121
ingv,ECPN,sim2,template1,2305493,2023-01-12 17:33:35,0.2597171204300326,1.128742853345779,1.1387729503765371,1.1387729503765371,1.128742853345779,clean,,,2023-01-12 17:33:35,2023-01-12 17:41:37.766623,-482.766623
ingv,EC1,sim4,template3,2306355,2023-01-12 17:33:42,0.2057835378540407,-1.854148361757027,0.8077790434790958,0.8077790434790958,-1.854148361757027,clean,,,2023-01-12 17:33:42,2023-01-12 17:41:37.766623,-475.766623
ingv,EC1,sim1,template3,2306429,2023-01-12 17:48:56,0.2890660187738603,-1.8608509706479024,0.8071559480020635,0.8071559480020635,-1.8608509706479024,clean,,,2023-01-12 17:48:56,2023-01-12 17:41:37.766623,438.233377
ingv,ECPN,sim3,template2,2305639,2023-01-12 17:50:01,0.4055744296666391,1.2379555964007791,1.1531818007113153,1.1531818007113153,1.2379555964007791,clean,,,2023-01-12 17:50:01,2023-01-12 17:41:37.766623,503.233377
ingv,EC1,sim1,template2,2306497,2023-01-12 17:50:04,0.2230867520127676,-2.022345499824848,0.7922873557629525,0.7922873557629525,-2.022345499824848,clean,,,2023-01-12 17:50:04,2023-01-12 17:41:37.766623,506.233377
ingv,ECPN,sim4,template4,2305669,2023-01-12 17:50:31,0.2546037476611053,0.7000025735257649,1.0839272351759004,1.0839272351759004,0.7000025735257649,clean,,,2023-01-12 17:50:31,2023-01-12 17:41:37.766623,533.233377
ingv,EC1,sim4,template2,2306532,2023-01-12 17:50:39,0.2915535861809268,-2.0512773807261646,0.7896527114600336,0.7896527114600336,-2.0512773807261646,clean,,,2023-01-12 17:50:39,2023-01-12 17:41:37.766623,541.233377
ingv,ECPN,sim4,template3,2305730,2023-01-12 17:51:32,0.2724438315653424,1.5317805741891202,1.1928587722842168,1.1928587722842168,1.5317805741891202,clean,,,2023-01-12 17:51:32,2023-01-12 17:41:37.766623,594.233377
ingv,EC1,sim3,template1,2307164,2023-01-12 18:28:59,0.3017374431938542,-2.4744431825835607,0.7521039002998544,0.7521039002998544,-2.4744431825835607,clean,,,2023-01-12 18:28:59,2023-01-12 18:19:30.224730,568.77527
ingv,EC1,sim4,template3,2312426,2023-01-12 20:21:04,0.2914439685047916,-1.5040077449543117,0.8410070041674962,0.8410070041674962,-1.5040077449543117,clean,,,2023-01-12 20:21:04,2023-01-12 20:11:15.205838,588.794162
ingv,ECPN,sim1,template4,2311577,2023-01-12 20:21:10,0.2009235976953701,1.337290387386502,1.1664456809416843,1.1664456809416843,1.337290387386502,clean,,,2023-01-12 20:21:10,2023-01-12 20:11:15.205838,594.794162
ingv,EC1,sim3,template2,2314154,2023-01-12 22:31:33,0.3264976393169836,0.4364895134824628,1.0515367991366755,1.0515367991366755,0.4364895134824628,clean,,,2023-01-12 22:31:33,2023-01-12 22:24:16.067289,436.932711
ingv,EC1,sim4,template2,2322685,2023-01-13 00:53:44,0.2236149016754809,-0.0474816644604373,0.9945483856400026,0.9945483856400026,-0.0474816644604373,clean,,,2023-01-13 00:53:44,2023-01-13 01:02:23.961717,-519.961717
ingv,EC1,sim4,template3,2322715,2023-01-13 00:54:14,0.2305857635243241,0.0018186338464008,1.0002093998803117,1.0002093998803117,0.0018186338464008,clean,,,2023-01-13 00:54:14,2023-01-13 01:02:23.961717,-489.961717
ingv,ECPN,sim2,template4,2321925,2023-01-13 00:55:19,0.2433857339403159,-1.9730498201501565,0.7967966674157752,0.7967966674157752,-1.9730498201501565,clean,,,2023-01-13 00:55:19,2023-01-13 01:02:23.961717,-424.961717
ingv,EC1,sim3,template3,2322818,2023-01-13 01:09:57,0.2816760859173705,9.324865703922088e-05,1.0000107357060093,1.0000107357060093,9.324865703922088e-05,clean,,,2023-01-13 01:09:57,2023-01-13 01:02:23.961717,453.038283
ingv,ECPN,sim3,template1,2322006,2023-01-13 01:10:40,0.4259730366911107,0.225041688522309,1.0262474344604946,1.0262474344604946,0.225041688522309,clean,,,2023-01-13 01:10:40,2023-01-13 01:02:23.961717,496.038283
ingv,ECPN,sim4,template3,2322037,2023-01-13 01:11:11,0.2420452572349809,0.2622540030433573,1.0306535420782768,1.0306535420782768,0.2622540030433573,clean,,,2023-01-13 01:11:11,2023-01-13 01:02:23.961717,527.038283
ingv,EC1,sim3,template3,2327078,2023-01-13 03:10:57,0.2816447449593737,1.279383191087078,1.1586950711096355,1.1586950711096355,1.279383191087078,clean,,,2023-01-13 03:10:57,2023-01-13 03:20:36.372613,-579.372613
ingv,ECPN,sim1,template1,2326227,2023-01-13 03:11:01,0.2538477728486239,-2.302067229560313,0.7671788801340641,0.7671788801340641,-2.302067229560313,clean,,,2023-01-13 03:11:01,2023-01-13 03:20:36.372613,-575.372613
ingv,ECPN,sim1,template1,2332085,2023-01-13 06:20:32,0.2277566844028941,-0.6020590582734435,0.9330330917649629,0.9330330917649629,-0.6020590582734435,clean,,,2023-01-13 06:20:32,2023-01-13 06:30:12.367445,-580.367445
ingv,EC1,sim4,template3,2332957,2023-01-13 06:20:49,0.4934103602865839,-0.5669853855887079,0.9368083018258532,0.9368083018258532,-0.5669853855887079,clean,,,2023-01-13 06:20:49,2023-01-13 06:30:12.367445,-563.367445
ingv,EC1,sim2,template1,2333167,2023-01-13 06:58:09,0.3458729500281866,-0.4754855212300285,0.9467290946126224,0.9467290946126224,-0.4754855212300285,clean,,,2023-01-13 06:58:09,2023-01-13 06:49:12.672647,536.327353
ingv,EC1,sim4,template1,2342592,2023-01-13 10:21:50,0.23245951267237,0.3202301012940911,1.0375559017524816,1.0375559017524816,0.3202301012940911,clean,,,2023-01-13 10:21:50,2023-01-13 10:31:42.723681,-592.723681
ingv,EC1,sim2,template3,2342615,2023-01-13 10:22:13,0.3570894675793548,0.3264584697844834,1.0383001661000817,1.0383001661000817,0.3264584697844834,clean,,,2023-01-13 10:22:13,2023-01-13 10:31:42.723681,-569.723681
ingv,ECPN,sim1,template1,2341839,2023-01-13 10:23:32,0.2025511561380473,0.9958011466250832,1.1214761894755774,1.1214761894755774,0.9958011466250832,clean,,,2023-01-13 10:23:32,2023-01-13 10:31:42.723681,-490.723681
ingv,EC1,sim4,template2,2342783,2023-01-13 10:39:23,0.2035027569576663,0.3753583504883872,1.0441620806949552,1.0441620806949552,0.3753583504883872,clean,,,2023-01-13 10:39:23,2023-01-13 10:32:04.507159,438.492841
ingv,ECPN,sim2,template4,2342006,2023-01-13 10:40:41,0.258984614263768,-0.4036113062142429,0.954595614155458,0.954595614155458,-0.4036113062142429,clean,,,2023-01-13 10:40:41,2023-01-13 10:32:04.507159,516.492841
ingv,EC1,sim3,template1,2343062,2023-01-13 10:58:02,0.2449119927361041,0.241220212182952,1.0281607261790844,1.0281607261790844,0.241220212182952,clean,,,2023-01-13 10:58:02,2023-01-13 10:49:18.377235,523.622765
ingv,EC1,sim2,template1,2344478,2023-01-13 11:21:38,0.4281878941114519,0.4679708630536576,1.0553549297589049,1.0553549297589049,0.4679708630536576,clean,,,2023-01-13 11:21:38,2023-01-13 11:29:55.624304,-497.624304
ingv,EC1,sim4,template2,2344638,2023-01-13 11:38:18,0.3217649557911498,0.1848330840465045,1.0215077224929257,1.0215077224929257,0.1848330840465045,clean,,,2023-01-13 11:38:18,2023-01-13 11:29:55.624304,502.375696
ingv,EC1,sim3,template3,2344699,2023-01-13 11:39:19,0.3095202103109989,0.2103078260363359,1.0245080880104336,1.0245080880104336,0.2103078260363359,clean,,,2023-01-13 11:39:19,2023-01-13 11:29:55.624304,563.375696
ingv,EC1,sim3,template1,2344700,2023-01-13 11:39:20,0.4336322755790968,0.2113272313107471,1.0246283347877951,1.0246283347877951,0.2113272313107471,clean,,,2023-01-13 11:39:20,2023-01-13 11:29:55.624304,564.375696
ingv,EC1,sim2,template1,2348859,2023-01-13 13:08:39,0.228907051351448,0.5406470456151689,1.0642222933186969,1.0642222933186969,0.5406470456151689,clean,,,2023-01-13 13:08:39,2023-01-13 13:18:14.731430,-575.73143
ingv,EC1,sim1,template2,2349010,2023-01-13 13:47:04,0.2334278069141423,0.4570428578298174,1.0540279877033998,1.0540279877033998,0.4570428578298174,clean,,,2023-01-13 13:47:04,2023-01-13 13:39:16.225556,467.774444
ingv,EC1,sim2,template4,2349027,2023-01-13 13:47:21,0.2249968827979298,-0.2551761377306384,0.9710491067988664,0.9710491067988664,-0.2551761377306384,clean,,,2023-01-13 13:47:21,2023-01-13 13:39:16.225556,484.774444
ingv,ECPN,sim1,template1,2348241,2023-01-13 13:48:30,0.3098956303290069,-2.355454419354896,0.762477932683985,0.762477932683985,-2.355454419354896,clean,,,2023-01-13 13:48:30,2023-01-13 13:39:16.225556,553.774444
ingv,EC1,sim3,template3,2357491,2023-01-13 17:32:28,0.2497279559863906,-0.5974327334006512,0.933530181196905,0.933530181196905,-0.5974327334006512,clean,,,2023-01-13 17:32:28,2023-01-13 17:25:27.440276,420.559724
ingv,ECPN,sim1,template1,2356686,2023-01-13 17:33:18,0.2720212632818757,0.9880705791867562,1.1204785034856708,1.1204785034856708,0.9880705791867562,clean,,,2023-01-13 17:33:18,2023-01-13 17:25:27.440276,470.559724
ingv,ECPN,sim1,template3,2356690,2023-01-13 17:33:22,0.479013083184898,0.9903035373549682,1.120766591794609,1.120766591794609,0.9903035373549682,clean,,,2023-01-13 17:33:22,2023-01-13 17:25:27.440276,474.559724
ingv,EC1,sim2,template3,2359699,2023-01-13 18:29:16,0.3095800221284709,-0.8964160152747003,0.9019432219919143,0.9019432219919143,-0.8964160152747003,clean,,,2023-01-13 18:29:16,2023-01-13 18:39:09.088764,-593.088764
ingv,EC1,sim1,template3,2359759,2023-01-13 18:30:16,0.4319928998913121,-1.0512168388149372,0.8860110903520917,0.8860110903520917,-1.0512168388149372,clean,,,2023-01-13 18:30:16,2023-01-13 18:39:09.088764,-533.088764
ingv,EC1,sim4,template2,2359775,2023-01-13 18:30:32,0.3477820543234406,-1.0518216771007618,0.8859493954890995,0.8859493954890995,-1.0518216771007618,clean,,,2023-01-13 18:30:32,2023-01-13 18:39:09.088764,-517.088764
ingv,ECPN,sim2,template1,2358952,2023-01-13 18:31:04,0.3184815533670482,0.4689386810001628,1.0554725283457471,1.0554725283457471,0.4689386810001628,clean,,,2023-01-13 18:31:04,2023-01-13 18:39:09.088764,-485.088764
ingv,EC1,sim1,template1,2359858,2023-01-13 18:31:55,0.4094632502804252,-1.3900141947791642,0.8521171188190304,0.8521171188190304,-1.3900141947791642,clean,,,2023-01-13 18:31:55,2023-01-13 18:39:09.088764,-434.088764
ingv,EC1,sim3,template1,2359858,2023-01-13 18:31:55,0.2109086510872946,-1.3900141947791642,0.8521171188190304,0.8521171188190304,-1.3900141947791642,clean,,,2023-01-13 18:31:55,2023-01-13 18:39:09.088764,-434.088764
ingv,ECPN,sim2,template2,2359107,2023-01-13 19:02:56,0.3703189206006027,0.0927574455444808,1.010736320632394,1.010736320632394,0.0927574455444808,clean,,,2023-01-13 19:02:56,2023-01-13 18:55:23.606120,452.39388
ingv,ECPN,sim3,template2,2359139,2023-01-13 19:03:28,0.4871661053589246,-0.0579039056714407,0.9933557378712023,0.9933557378712023,-0.0579039056714407,clean,,,2023-01-13 19:03:28,2023-01-13 18:55:23.606120,484.39388
ingv,EC1,sim2,template2,2360034,2023-01-13 19:04:08,0.2251200984296536,-1.5738502446247176,0.8342716538710957,0.8342716538710957,-1.5738502446247176,clean,,,2023-01-13 19:04:08,2023-01-13 18:55:23.606120,524.39388
ingv,ECPN,sim2,template3,2359247,2023-01-13 19:05:16,0.3606031000491166,-0.1052365420248546,0.987957296192876,0.987957296192876,-0.1052365420248546,clean,,,2023-01-13 19:05:16,2023-01-13 18:55:23.606120,592.39388
ingv,EC1,sim3,template3,2360698,2023-01-13 19:15:12,0.2803780996804941,-1.5178029030375355,0.8396723548950592,0.8396723548950592,-1.5178029030375355,clean,,,2023-01-13 19:15:12,2023-01-13 19:25:01.516386,-589.516386
ingv,EC1,sim2,template3,2360742,2023-01-13 19:15:56,0.2209413008752618,-1.4699568845457929,0.8443104329290431,0.8443104329290431,-1.4699568845457929,clean,,,2023-01-13 19:15:56,2023-01-13 19:25:01.516386,-545.516386
ingv,ECPN,sim4,template1,2359913,2023-01-13 19:16:22,0.3963651167914923,-1.4771492980926513,0.8436115849698955,0.8436115849698955,-1.4771492980926513,clean,,,2023-01-13 19:16:22,2023-01-13 19:25:01.516386,-519.516386
ingv,EC1,sim1,template3,2360774,2023-01-13 19:16:28,0.2858000563055511,-1.4592899288681709,0.8453479494968021,0.8453479494968021,-1.4592899288681709,clean,,,2023-01-13 19:16:28,2023-01-13 19:25:01.516386,-513.516386
ingv,EC1,sim1,template2,2360852,2023-01-13 19:17:46,0.3207274081089794,-1.5167322970240804,0.8397758576695765,0.8397758576695765,-1.5167322970240804,clean,,,2023-01-13 19:17:46,2023-01-13 19:25:01.516386,-435.516386
ingv,ECPN,sim4,template1,2377250,2023-01-14 03:25:57,0.3234611112332655,-0.4036939290226976,0.9545865337965376,0.9545865337965376,-0.4036939290226976,clean,,,2023-01-14 03:25:57,2023-01-14 03:35:05.230460,-548.23046
ingv,EC1,sim2,template3,2378113,2023-01-14 03:26:05,0.3511723296018844,-0.8176311581071778,0.910161460752838,0.910161460752838,-0.8176311581071778,clean,,,2023-01-14 03:26:05,2023-01-14 03:35:05.230460,-540.23046
ingv,EC1,sim2,template1,2378132,2023-01-14 03:26:24,0.2848052747388684,-0.8383344555842045,0.907994624076856,0.907994624076856,-0.8383344555842045,clean,,,2023-01-14 03:26:24,2023-01-14 03:35:05.230460,-521.23046
ingv,ECPN,sim3,template2,2377378,2023-01-14 03:28:05,0.2070828837836459,-0.5378649039017012,0.9399543342451424,0.9399543342451424,-0.5378649039017012,clean,,,2023-01-14 03:28:05,2023-01-14 03:35:05.230460,-420.23046
ingv,ECPN,sim2,template2,2377429,2023-01-14 03:42:56,0.2399825171887661,-0.5105833559196068,0.9429112821554084,0.9429112821554084,-0.5105833559196068,clean,,,2023-01-14 03:42:56,2023-01-14 03:35:05.230460,470.76954
ingv,EC1,sim2,template2,2379235,2023-01-14 04:18:47,0.3730564186183983,0.5754081721085944,1.0684898687416806,1.0684898687416806,0.5754081721085944,clean,,,2023-01-14 04:18:47,2023-01-14 04:10:16.008155,510.991845
ingv,EC1,sim4,template1,2379251,2023-01-14 04:19:03,0.2891283325529333,0.5893022133736291,1.0702004042082578,1.0702004042082578,0.5893022133736291,clean,,,2023-01-14 04:19:03,2023-01-14 04:10:16.008155,526.991845
ingv,ECPN,sim1,template1,2378411,2023-01-14 04:19:18,0.3189300981058263,0.2092826872064766,1.0243871791466463,1.0243871791466463,0.2092826872064766,clean,,,2023-01-14 04:19:18,2023-01-14 04:10:16.008155,541.991845
ingv,ECPN,sim1,template2,2378435,2023-01-14 04:19:42,0.3507602320968857,0.2133848888130975,1.0248710944838486,1.0248710944838486,0.2133848888130975,clean,,,2023-01-14 04:19:42,2023-01-14 04:10:16.008155,565.991845
ingv,ECPN,sim1,template3,2381387,2023-01-14 05:33:08,0.434745946634392,0.95554319703427,1.1162903228613572,1.1162903228613572,0.95554319703427,clean,,,2023-01-14 05:33:08,2023-01-14 05:42:42.889901,-574.889901
ingv,ECPN,sim1,template1,2381482,2023-01-14 05:34:43,0.3418747008641044,0.4998168928854713,1.059231395300113,1.059231395300113,0.4998168928854713,clean,,,2023-01-14 05:34:43,2023-01-14 05:42:42.889901,-479.889901
ingv,EC1,sim2,template2,2382375,2023-01-14 05:35:21,0.2308994018967589,-1.1411473425499723,0.8768849833945805,0.8768849833945805,-1.1411473425499723,clean,,,2023-01-14 05:35:21,2023-01-14 05:42:42.889901,-441.889901
ingv,ECPN,sim1,template2,2381531,2023-01-14 05:35:32,0.2872909730331118,0.4957310910049075,1.058733254974131,1.058733254974131,0.4957310910049075,clean,,,2023-01-14 05:35:32,2023-01-14 05:42:42.889901,-430.889901
ingv,ECPN,sim2,template2,2381583,2023-01-14 05:50:24,0.3676389769599541,0.2516021185590345,1.029390381476967,1.029390381476967,0.2516021185590345,clean,,,2023-01-14 05:50:24,2023-01-14 05:42:42.889901,461.110099
ingv,ECPN,sim2,template3,2381679,2023-01-14 05:52:00,0.2824348030474847,0.1376813385606052,1.015977445793412,1.015977445793412,0.1376813385606052,clean,,,2023-01-14 05:52:00,2023-01-14 05:42:42.889901,557.110099
ingv,EC1,sim2,template1,2383121,2023-01-14 06:01:47,0.2540839803875954,-0.6192773757495386,0.931185342388088,0.931185342388088,-0.6192773757495386,clean,,,2023-01-14 06:01:47,2023-01-14 06:10:17.256405,-510.256405
ingv,ECPN,sim2,template3,2383694,2023-01-14 06:53:35,0.2161844991144337,0.9748276026326148,1.118771463084666,1.118771463084666,0.9748276026326148,clean,,,2023-01-14 06:53:35,2023-01-14 06:46:02.284167,452.715833
ingv,EC1,sim3,template1,2384650,2023-01-14 06:55:16,0.2479198028516098,-0.0759603438009273,0.991292870773032,0.991292870773032,-0.0759603438009273,clean,,,2023-01-14 06:55:16,2023-01-14 06:46:02.284167,553.715833
ingv,EC1,sim1,template1,2385738,2023-01-14 07:40:37,0.283728233122428,0.1538795702238226,1.017873900105763,1.017873900105763,0.1538795702238226,clean,,,2023-01-14 07:40:37,2023-01-14 07:32:23.585387,493.414613
ingv,EC1,sim2,template1,2386294,2023-01-14 08:56:12,0.2611952462723054,0.788165866487235,1.094985311199722,1.094985311199722,0.788165866487235,clean,,,2023-01-14 08:56:12,2023-01-14 08:48:34.899875,457.100125
ingv,ECPN,sim2,template1,2385447,2023-01-14 08:56:20,0.2685139515028408,-1.865926234112352,0.80668445542357,0.80668445542357,-1.865926234112352,clean,,,2023-01-14 08:56:20,2023-01-14 08:48:34.899875,465.100125
ingv,ECPN,sim1,template3,2385493,2023-01-14 08:57:06,0.2709327790046527,-1.8751362272156316,0.8058295492430118,0.8058295492430118,-1.8751362272156316,clean,,,2023-01-14 08:57:06,2023-01-14 08:48:34.899875,511.100125
ingv,EC1,sim2,template3,2396050,2023-01-14 11:58:48,0.3294246818536829,0.2402664482378295,1.0280478340247905,1.0280478340247905,0.2402664482378295,clean,,,2023-01-14 11:58:48,2023-01-14 12:08:29.666720,-581.66672
ingv,EC1,sim4,template2,2396142,2023-01-14 12:00:20,0.2143625682659313,0.1948891748680059,1.0226910581762028,1.0226910581762028,0.1948891748680059,clean,,,2023-01-14 12:00:20,2023-01-14 12:08:29.666720,-489.66672
ingv,EC1,sim2,template2,2396192,2023-01-14 12:01:10,0.3714170377618913,0.1982010628728235,1.023081079717134,1.023081079717134,0.1982010628728235,clean,,,2023-01-14 12:01:10,2023-01-14 12:08:29.666720,-439.66672
ingv,ECPN,sim3,template1,2395369,2023-01-14 12:15:42,0.4111793525290871,0.4174486836168473,1.049234190615809,1.049234190615809,0.4174486836168473,clean,,,2023-01-14 12:15:42,2023-01-14 12:08:29.666720,432.33328
ingv,ECPN,sim3,template4,2395378,2023-01-14 12:15:51,0.2022445955172448,0.5902001512716938,1.07031104609014,1.07031104609014,0.5902001512716938,clean,,,2023-01-14 12:15:51,2023-01-14 12:08:29.666720,441.33328
ingv,ECPN,sim1,template1,2395399,2023-01-14 12:16:12,0.2657995066769697,0.6035114289854325,1.07195257399287,1.07195257399287,0.6035114289854325,clean,,,2023-01-14 12:16:12,2023-01-14 12:08:29.666720,462.33328
ingv,EC1,sim1,template3,2396278,2023-01-14 12:16:36,0.2943054437644046,1.3741209779065189,1.1714022365694536,1.1714022365694536,1.3741209779065189,clean,,,2023-01-14 12:16:36,2023-01-14 12:08:29.666720,486.33328
ingv,EC1,sim2,template4,2396352,2023-01-14 12:17:50,0.2079693348555679,1.9875118659479576,1.2571166928845017,1.2571166928845017,1.9875118659479576,clean,,,2023-01-14 12:17:50,2023-01-14 12:08:29.666720,560.33328
ingv,EC1,sim1,template2,2396631,2023-01-14 13:12:44,0.2653150810194732,2.679799323594183,1.3614132283857208,1.3614132283857208,2.679799323594183,clean,,,2023-01-14 13:12:44,2023-01-14 13:20:21.814291,-457.814291
ingv,EC1,sim2,template1,2396752,2023-01-14 13:28:45,0.3308524231998003,2.733001850743384,1.369777702920448,1.369777702920448,2.733001850743384,clean,,,2023-01-14 13:28:45,2023-01-14 13:20:21.814291,503.185709
ingv,ECPN,sim2,template1,2395924,2023-01-14 13:29:12,0.4555398882985906,0.499222413644069,1.0591589019166558,1.0591589019166558,0.499222413644069,clean,,,2023-01-14 13:29:12,2023-01-14 13:20:21.814291,530.185709
ingv,ECPN,sim2,template3,2422320,2023-01-15 01:58:12,0.2877225950423753,2.4261608012083964,1.322233146364458,1.322233146364458,2.4261608012083964,clean,,,2023-01-15 01:58:12,2023-01-15 02:06:26.712087,-494.712087
ingv,ECPN,sim2,template2,2422392,2023-01-15 01:59:24,0.4038316745804732,2.430917659878799,1.3229574704193412,1.3229574704193412,2.430917659878799,clean,,,2023-01-15 01:59:24,2023-01-15 02:06:26.712087,-422.712087
ingv,ECPN,sim1,template3,2422436,2023-01-15 02:14:08,0.4507028959656977,2.4661978350391047,1.328341960876645,1.328341960876645,2.4661978350391047,clean,,,2023-01-15 02:14:08,2023-01-15 02:06:26.712087,461.287913
ingv,EC1,sim3,template1,2423357,2023-01-15 02:15:14,0.2836257046894313,1.236528853535333,1.152992394806472,1.152992394806472,1.236528853535333,clean,,,2023-01-15 02:15:14,2023-01-15 02:06:26.712087,527.287913
ingv,ECPN,sim4,template2,2429270,2023-01-15 07:12:30,0.3452524055767519,-1.5124184101197404,0.8401930397879004,0.8401930397879004,-1.5124184101197404,clean,,,2023-01-15 07:12:30,2023-01-15 07:04:25.371635,484.628365
ingv,ECPN,sim1,template2,2429297,2023-01-15 07:12:57,0.2953357311798679,-1.5235124848632708,0.8391205861229775,0.8391205861229775,-1.5235124848632708,clean,,,2023-01-15 07:12:57,2023-01-15 07:04:25.371635,511.628365
ingv,ECPN,sim1,template1,2429363,2023-01-15 07:14:03,0.3263597906745306,-1.158980287644077,0.8750865032356767,0.8750865032356767,-1.158980287644077,clean,,,2023-01-15 07:14:03,2023-01-15 07:04:25.371635,577.628365
ingv,ECPN,sim3,template2,2433065,2023-01-15 09:23:50,0.3378405523138833,-1.8546128913178128,0.8077358438500338,0.8077358438500338,-1.8546128913178128,clean,,,2023-01-15 09:23:50,2023-01-15 09:33:39.430245,-589.430245
ingv,ECPN,sim4,template3,2433092,2023-01-15 09:24:17,0.3035113168270746,-1.8982648992902629,0.8036866512811314,0.8036866512811314,-1.8982648992902629,clean,,,2023-01-15 09:24:17,2023-01-15 09:33:39.430245,-562.430245
ingv,ECPN,sim2,template4,2433092,2023-01-15 09:24:17,0.2455832202315282,-1.126792441310254,0.878335382278185,0.878335382278185,-1.126792441310254,clean,,,2023-01-15 09:24:17,2023-01-15 09:33:39.430245,-562.430245
ingv,EC1,sim4,template1,2433993,2023-01-15 09:25:03,0.3329190911935002,-0.3798339652723967,0.9572123686693804,0.9572123686693804,-0.3798339652723967,clean,,,2023-01-15 09:25:03,2023-01-15 09:33:39.430245,-516.430245
ingv,EC1,sim3,template3,2434113,2023-01-15 09:41:03,0.2447828893708062,-0.5277464078162024,0.9410499579064832,0.9410499579064832,-0.5277464078162024,clean,,,2023-01-15 09:41:03,2023-01-15 09:33:39.430245,443.569755
ingv,ECPN,sim2,template1,2438972,2023-01-15 11:16:17,0.2998295786374865,-0.4095166523562467,0.9539468260766442,0.9539468260766442,-0.4095166523562467,clean,,,2023-01-15 11:16:17,2023-01-15 11:26:05.742363,-588.742363
ingv,ECPN,sim3,template3,2438999,2023-01-15 11:16:44,0.3499802727008864,-0.385067869495248,0.9566357497009764,0.9566357497009764,-0.385067869495248,clean,,,2023-01-15 11:16:44,2023-01-15 11:26:05.742363,-561.742363
ingv,EC1,sim1,template4,2439888,2023-01-15 11:17:18,0.201111182847514,0.2596006574235565,1.0303387484847617,1.0303387484847617,0.2596006574235565,clean,,,2023-01-15 11:17:18,2023-01-15 11:26:05.742363,-527.742363
ingv,EC1,sim1,template1,2440125,2023-01-15 11:35:15,0.2231339656182164,-1.53885724764263,0.8376394782683799,0.8376394782683799,-1.53885724764263,clean,,,2023-01-15 11:35:15,2023-01-15 11:26:05.742363,549.257637
ingv,ECPN,sim3,template1,2439306,2023-01-15 11:35:51,0.2918265874057686,0.6156797022124865,1.073455350716359,1.073455350716359,0.6156797022124865,clean,,,2023-01-15 11:35:51,2023-01-15 11:26:05.742363,585.257637
ingv,EC1,sim1,template3,2442623,2023-01-15 14:20:30,0.3014680755033244,0.0646145554001061,1.0074667638929853,1.0074667638929853,0.0646145554001061,clean,,,2023-01-15 14:20:30,2023-01-15 14:11:40.503816,529.496184
ingv,EC1,sim1,template2,2442663,2023-01-15 14:21:10,0.3394896290481375,-0.024828884582006,0.9971455507338024,0.9971455507338024,-0.024828884582006,clean,,,2023-01-15 14:21:10,2023-01-15 14:11:40.503816,569.496184
ingv,EC1,sim4,template2,2442684,2023-01-15 14:21:31,0.3451002560938452,-0.0525616268323895,0.99396689180814,0.99396689180814,-0.0525616268323895,clean,,,2023-01-15 14:21:31,2023-01-15 14:11:40.503816,590.496184
ingv,ECPN,sim4,template3,2441830,2023-01-15 14:21:32,0.4968082385188179,1.1564995605896513,1.1424178442105473,1.1424178442105473,1.1564995605896513,clean,,,2023-01-15 14:21:32,2023-01-15 14:11:40.503816,591.496184
ingv,ECPN,sim2,template2,2445812,2023-01-15 15:27:54,0.3970185224812613,-0.1226407220087497,0.985979678221846,0.985979678221846,-0.1226407220087497,clean,,,2023-01-15 15:27:54,2023-01-15 15:36:14.203298,-500.203298
ingv,ECPN,sim4,template1,2445826,2023-01-15 15:28:08,0.422575489453069,-0.0577466140757456,0.993373726578214,0.993373726578214,-0.0577466140757456,clean,,,2023-01-15 15:28:08,2023-01-15 15:36:14.203298,-486.203298
ingv,EC1,sim4,template3,2446712,2023-01-15 15:28:39,0.27293844984211,0.6304687595931312,1.0752846297259904,1.0752846297259904,0.6304687595931312,clean,,,2023-01-15 15:28:39,2023-01-15 15:36:14.203298,-455.203298
ingv,ECPN,sim1,template2,2446018,2023-01-15 15:45:20,0.2394753549262882,0.0121641714113388,1.0014014330788408,1.0014014330788408,0.0121641714113388,clean,,,2023-01-15 15:45:20,2023-01-15 15:36:14.203298,545.796702
ingv,EC1,sim3,template3,2449749,2023-01-15 17:13:15,0.3002986913873531,1.4226820565130525,1.1779696545695175,1.1779696545695175,1.4226820565130525,clean,,,2023-01-15 17:13:15,2023-01-15 17:23:03.278649,-588.278649
ingv,EC1,sim2,template3,2449808,2023-01-15 17:14:14,0.2320070399480134,1.433652131770036,1.1794583425555147,1.1794583425555147,1.433652131770036,clean,,,2023-01-15 17:14:14,2023-01-15 17:23:03.278649,-529.278649
ingv,EC1,sim4,template1,2449931,2023-01-15 17:30:17,0.2028082012915564,1.5577300877149438,1.1964278240057824,1.1964278240057824,1.5577300877149438,clean,,,2023-01-15 17:30:17,2023-01-15 17:23:03.278649,433.721351
ingv,ECPN,sim2,template4,2449085,2023-01-15 17:30:26,0.2272814556462684,-0.7111267590548074,0.9213903555252956,0.9213903555252956,-0.7111267590548074,clean,,,2023-01-15 17:30:26,2023-01-15 17:23:03.278649,442.721351
ingv,ECPN,sim1,template1,2449241,2023-01-15 17:33:02,0.2067132490209997,0.570564656138163,1.0678942124198112,1.0678942124198112,0.570564656138163,clean,,,2023-01-15 17:33:02,2023-01-15 17:23:03.278649,598.721351
ingv,EC1,sim2,template2,2454532,2023-01-15 20:10:01,0.2275094742599974,-0.6040643282419147,0.9328177117220904,0.9328177117220904,-0.6040643282419147,clean,,,2023-01-15 20:10:01,2023-01-15 20:17:57.391203,-476.391203
ingv,ECPN,sim2,template1,2453681,2023-01-15 20:10:05,0.3118453452225129,-0.4608963834487858,0.9483205916052608,0.9483205916052608,-0.4608963834487858,clean,,,2023-01-15 20:10:05,2023-01-15 20:17:57.391203,-472.391203
ingv,EC1,sim1,template2,2454546,2023-01-15 20:10:15,0.2936176882010774,-0.6043646904318327,0.9327854550002134,0.9327854550002134,-0.6043646904318327,clean,,,2023-01-15 20:10:15,2023-01-15 20:17:57.391203,-462.391203
ingv,EC1,sim2,template3,2454615,2023-01-15 20:51:47,0.2381776152648393,-0.6376082684718197,0.9292222205767396,0.9292222205767396,-0.6376082684718197,clean,,,2023-01-15 20:51:47,2023-01-15 20:44:20.549470,446.45053
ingv,ECPN,sim3,template2,2453771,2023-01-15 20:51:58,0.213767669917179,-0.2100323033843698,0.9761091522105024,0.9761091522105024,-0.2100323033843698,clean,,,2023-01-15 20:51:58,2023-01-15 20:44:20.549470,457.45053
ingv,ECPN,sim1,template2,2457402,2023-01-15 23:10:57,0.3043449290714838,-1.1289099139895324,0.8781212850963153,0.8781212850963153,-1.1289099139895324,clean,,,2023-01-15 23:10:57,2023-01-15 23:20:42.553043,-585.553043
ingv,ECPN,sim3,template4,2457452,2023-01-15 23:11:47,0.2057415642846599,-1.4993179163696095,0.8414612171320974,0.8414612171320974,-1.4993179163696095,clean,,,2023-01-15 23:11:47,2023-01-15 23:20:42.553043,-535.553043
ingv,ECPN,sim1,template3,2457602,2023-01-15 23:52:07,0.2922911149202845,-1.9379712391092183,0.8000210938964948,0.8000210938964948,-1.9379712391092183,clean,,,2023-01-15 23:52:07,2023-01-15 23:44:10.962436,476.037564
ingv,EC1,sim4,template1,2458462,2023-01-15 23:52:12,0.2713695535196017,-2.503670304150693,0.7495774014391773,0.7495774014391773,-2.503670304150693,clean,,,2023-01-15 23:52:12,2023-01-15 23:44:10.962436,481.037564
ingv,EC1,sim1,template2,2460686,2023-01-16 01:17:16,0.2080194937133177,-3.0606168284297124,0.7030223929776939,0.7030223929776939,-3.0606168284297124,clean,,,2023-01-16 01:17:16,2023-01-16 01:09:04.745129,491.254871
ingv,EC1,sim4,template1,2460789,2023-01-16 01:18:59,0.2655190226958935,-2.8584547292065308,0.719576983589557,0.719576983589557,-2.8584547292065308,clean,,,2023-01-16 01:18:59,2023-01-16 01:09:04.745129,594.254871
ingv,ECPN,sim3,template3,2462377,2023-01-16 02:40:43,0.4603466368871961,-1.3989867490640149,0.8512373333528186,0.8512373333528186,-1.3989867490640149,clean,,,2023-01-16 02:40:43,2023-01-16 02:32:57.407276,465.592724
ingv,ECPN,sim2,template3,2462453,2023-01-16 02:41:59,0.2918917435579867,-1.4280202333679224,0.8483967346837418,0.8483967346837418,-1.4280202333679224,clean,,,2023-01-16 02:41:59,2023-01-16 02:32:57.407276,541.592724
ingv,EC1,sim3,template1,2463320,2023-01-16 02:42:11,0.2308465269132667,-2.0882231044367487,0.7863010303906648,0.7863010303906648,-2.0882231044367487,clean,,,2023-01-16 02:42:11,2023-01-16 02:32:57.407276,553.592724
ingv,ECPN,sim4,template1,2464498,2023-01-16 03:36:04,0.4656897556438051,-0.1735033522822706,0.9802228731154689,0.9802228731154689,-0.1735033522822706,clean,,,2023-01-16 03:36:04,2023-01-16 03:45:22.088676,-558.088676
ingv,ECPN,sim3,template4,2470240,2023-01-16 06:43:25,0.2986538942168741,0.6964096286305994,1.0834789580718136,1.0834789580718136,0.6964096286305994,clean,,,2023-01-16 06:43:25,2023-01-16 06:53:19.754570,-594.75457
ingv,ECPN,sim4,template1,2470297,2023-01-16 06:44:22,0.239190528151136,-2.3935052829243046,0.7591449998224136,0.7591449998224136,-2.3935052829243046,clean,,,2023-01-16 06:44:22,2023-01-16 06:53:19.754570,-537.75457
ingv,ECPN,sim3,template3,2470367,2023-01-16 06:45:32,0.2820161589792206,-2.5218920410019035,0.748006545043665,0.748006545043665,-2.5218920410019035,clean,,,2023-01-16 06:45:32,2023-01-16 06:53:19.754570,-467.75457
ingv,ECPN,sim2,template3,2470419,2023-01-16 07:00:24,0.237425985805835,-2.717723192285173,0.7313307600267589,0.7313307600267589,-2.717723192285173,clean,,,2023-01-16 07:00:24,2023-01-16 06:53:19.754570,424.24543
ingv,EC1,sim4,template2,2471356,2023-01-16 07:01:46,0.2900550019228762,0.8446045716128616,1.1021234133582587,1.1021234133582587,0.8446045716128616,clean,,,2023-01-16 07:01:46,2023-01-16 06:53:19.754570,506.24543
ingv,ECPN,sim4,template3,2470545,2023-01-16 07:02:30,0.3336467937582123,-2.618881288349442,0.7397005397183014,0.7397005397183014,-2.618881288349442,clean,,,2023-01-16 07:02:30,2023-01-16 06:53:19.754570,550.24543
ingv,EC1,sim1,template3,2471624,2023-01-16 07:26:14,0.2550384785877737,0.6086087402242372,1.072581833601247,1.072581833601247,0.6086087402242372,clean,,,2023-01-16 07:26:14,2023-01-16 07:17:43.501175,510.498825
ingv,ECPN,sim1,template1,2470874,2023-01-16 07:27:59,0.2978901383889354,-2.2080654288418997,0.7755266538697281,0.7755266538697281,-2.2080654288418997,clean,,,2023-01-16 07:27:59,2023-01-16 07:36:05.287715,-486.287715
ingv,EC1,sim1,template3,2486296,2023-01-16 15:28:06,0.2274732529000356,-0.3366477283677868,0.9619834790135384,0.9619834790135384,-0.3366477283677868,clean,,,2023-01-16 15:28:06,2023-01-16 15:37:30.673854,-564.673854
ingv,EC1,sim3,template3,2486455,2023-01-16 15:44:45,0.2597598378834612,0.5366652173534234,1.063734539106992,1.063734539106992,0.5366652173534234,clean,,,2023-01-16 15:44:45,2023-01-16 15:37:30.673854,434.326146
ingv,EC1,sim3,template4,2486506,2023-01-16 15:45:36,0.2015429436227545,0.1525830795377377,1.0177219795078956,1.0177219795078956,0.1525830795377377,clean,,,2023-01-16 15:45:36,2023-01-16 15:37:30.673854,485.326146
ingv,EC1,sim1,template1,2486558,2023-01-16 15:46:28,0.3682490229491005,0.5406789772611208,1.064226205690758,1.064226205690758,0.5406789772611208,clean,,,2023-01-16 15:46:28,2023-01-16 15:37:30.673854,537.326146
ingv,ECPN,sim4,template3,2485759,2023-01-16 15:47:24,0.299916416827008,-3.648892878335452,0.6569848518032664,0.6569848518032664,-3.648892878335452,clean,,,2023-01-16 15:47:24,2023-01-16 15:37:30.673854,593.326146
ingv,ECPN,sim1,template2,2486646,2023-01-16 16:02:11,0.3116555772882498,-3.213217246430064,0.6907790180289147,0.6907790180289147,-3.213217246430064,clean,,,2023-01-16 16:02:11,2023-01-16 16:10:59.026074,-528.026074
ingv,ECPN,sim3,template1,2496599,2023-01-16 23:13:45,0.3267467408301381,4.1951669346351,1.620907929104984,1.620907929104984,4.1951669346351,clean,,,2023-01-16 23:13:45,2023-01-16 23:21:36.090111,-471.090111
ingv,ECPN,sim1,template3,2496715,2023-01-16 23:29:41,0.2679520448912403,4.40704157181402,1.660932864969316,1.660932864969316,4.40704157181402,clean,,,2023-01-16 23:29:41,2023-01-16 23:21:36.090111,484.909889
ingv,EC1,sim1,template2,2498415,2023-01-16 23:43:46,0.2460540769310402,0.6382388851581091,1.0762469761473936,1.0762469761473936,0.6382388851581091,clean,,,2023-01-16 23:43:46,2023-01-16 23:52:50.502596,-544.502596
ingv,EC1,sim1,template3,2498418,2023-01-16 23:43:49,0.3168034924137179,0.6366615504300538,1.0760515502703103,1.0760515502703103,0.6366615504300538,clean,,,2023-01-16 23:43:49,2023-01-16 23:52:50.502596,-541.502596
ingv,EC1,sim4,template2,2498505,2023-01-16 23:45:16,0.3788074087787129,0.6802031020151632,1.081459238745958,1.081459238745958,0.6802031020151632,clean,,,2023-01-16 23:45:16,2023-01-16 23:52:50.502596,-454.502596
ingv,ECPN,sim4,template2,2497680,2023-01-16 23:45:46,0.2159325828296267,4.837337753385591,1.7452871361174016,1.7452871361174016,4.837337753385591,clean,,,2023-01-16 23:45:46,2023-01-16 23:52:50.502596,-424.502596
ingv,ECPN,sim3,template1,2497722,2023-01-17 00:00:28,0.3907259959764173,4.86571460163693,1.7509983227545307,1.7509983227545307,4.86571460163693,clean,,,2023-01-17 00:00:28,2023-01-16 23:52:50.502596,457.497404
ingv,EC1,sim3,template1,2498578,2023-01-17 00:00:29,0.438389848269933,0.6383615239771381,1.076262172125635,1.076262172125635,0.6383615239771381,clean,,,2023-01-17 00:00:29,2023-01-16 23:52:50.502596,458.497404
ingv,EC1,sim3,template3,2498605,2023-01-17 00:00:56,0.3425434608899741,0.6009344626689285,1.071634589761712,1.071634589761712,0.6009344626689285,clean,,,2023-01-17 00:00:56,2023-01-16 23:52:50.502596,485.497404
ingv,ECPN,sim1,template3,2497761,2023-01-17 00:01:07,0.2368208694519802,4.951331720627074,1.7683433193545142,1.7683433193545142,4.951331720627074,clean,,,2023-01-17 00:01:07,2023-01-16 23:52:50.502596,496.497404
ingv,ECPN,sim1,template4,2497826,2023-01-17 00:02:12,0.3021237497880376,2.8079553567637348,1.3816491298283036,1.3816491298283036,2.8079553567637348,clean,,,2023-01-17 00:02:12,2023-01-16 23:52:50.502596,561.497404
ingv,EC1,sim2,template1,2504807,2023-01-17 03:31:20,0.2750208063652088,-2.663910256209973,0.7358757427797662,0.7358757427797662,-2.663910256209973,clean,,,2023-01-17 03:31:20,2023-01-17 03:41:10.185667,-590.185667
ingv,EC1,sim1,template3,2504824,2023-01-17 03:31:37,0.2747057124576457,-2.788040662963436,0.7254341008931192,0.7254341008931192,-2.788040662963436,clean,,,2023-01-17 03:31:37,2023-01-17 03:41:10.185667,-573.185667
ingv,EC1,sim1,template1,2504883,2023-01-17 03:52:36,0.4019094473368134,-2.8642936274027573,0.7190934263435395,0.7190934263435395,-2.8642936274027573,clean,,,2023-01-17 03:52:36,2023-01-17 04:02:17.566543,-581.566543
ingv,EC1,sim1,template4,2504895,2023-01-17 03:52:48,0.2751286514817674,-2.0956166150440234,0.785632008368826,0.785632008368826,-2.0956166150440234,clean,,,2023-01-17 03:52:48,2023-01-17 04:02:17.566543,-569.566543
ingv,ECPN,sim1,template1,2504176,2023-01-17 03:55:04,0.3796512573100683,-2.5542636986389566,0.745223969334817,0.745223969334817,-2.5542636986389566,clean,,,2023-01-17 03:55:04,2023-01-17 04:02:17.566543,-433.566543
ingv,ECPN,sim2,template3,2504259,2023-01-17 04:10:27,0.2147022854925269,-2.61247253355032,0.7402465181830704,0.7402465181830704,-2.61247253355032,clean,,,2023-01-17 04:10:27,2023-01-17 04:02:17.566543,489.433457
ingv,ECPN,sim2,template1,2504325,2023-01-17 04:11:33,0.2292185624802022,-2.6198044474589337,0.7396219265844566,0.7396219265844566,-2.6198044474589337,clean,,,2023-01-17 04:11:33,2023-01-17 04:02:17.566543,555.433457
ingv,ECPN,sim4,template3,2504365,2023-01-17 04:12:13,0.2332160326377788,-2.6598351390468427,0.7362210710726558,0.7362210710726558,-2.6598351390468427,clean,,,2023-01-17 04:12:13,2023-01-17 04:02:17.566543,595.433457
ingv,EC1,sim3,template4,2505221,2023-01-17 04:12:14,0.2141062097107496,-2.076083886632488,0.7874007165455422,0.7874007165455422,-2.076083886632488,clean,,,2023-01-17 04:12:14,2023-01-17 04:02:17.566543,596.433457
ingv,ECPN,sim1,template3,2514423,2023-01-17 08:40:03,0.2259599269845094,-4.0491764064408295,0.6273951825946431,0.6273951825946431,-4.0491764064408295,clean,,,2023-01-17 08:40:03,2023-01-17 08:32:28.039784,454.960216
ingv,ECPN,sim4,template1,2514474,2023-01-17 08:40:54,0.2952252729964825,-3.9054424442368174,0.6378636854198303,0.6378636854198303,-3.9054424442368174,clean,,,2023-01-17 08:40:54,2023-01-17 08:32:28.039784,505.960216
ingv,EC1,sim3,template2,2515361,2023-01-17 08:41:26,0.2325992192664357,-1.532004446022548,0.8383006013528088,0.8383006013528088,-1.532004446022548,clean,,,2023-01-17 08:41:26,2023-01-17 08:32:28.039784,537.960216
ingv,ECPN,sim2,template3,2514557,2023-01-17 08:42:17,0.2810838931362573,-3.785030245039404,0.6467679456070092,0.6467679456070092,-3.785030245039404,clean,,,2023-01-17 08:42:17,2023-01-17 08:32:28.039784,588.960216
ingv,ECPN,sim3,template2,2514560,2023-01-17 08:42:20,0.2248708447007075,-3.7801774082601054,0.6471293980728104,0.6471293980728104,-3.7801774082601054,clean,,,2023-01-17 08:42:20,2023-01-17 08:32:28.039784,591.960216
ingv,ECPN,sim2,template4,2516414,2023-01-17 09:52:03,0.2247974594612723,2.582565980041135,1.3462580060074412,1.3462580060074412,2.582565980041135,clean,,,2023-01-17 09:52:03,2023-01-17 09:44:50.570503,432.429497
ingv,EC1,sim3,template1,2517276,2023-01-17 09:52:10,0.4062333519216213,-0.8151719189455252,0.9104191915895078,0.9104191915895078,-0.8151719189455252,clean,,,2023-01-17 09:52:10,2023-01-17 09:44:50.570503,439.429497
ingv,ECPN,sim1,template3,2518406,2023-01-17 10:51:05,0.2070433424540777,4.423553449907954,1.6640933017511488,1.6640933017511488,4.423553449907954,clean,,,2023-01-17 10:51:05,2023-01-17 11:00:45.356051,-580.356051
ingv,EC1,sim2,template1,2519322,2023-01-17 10:52:06,0.3828862393150957,1.506589119734263,1.189404167817146,1.189404167817146,1.506589119734263,clean,,,2023-01-17 10:52:06,2023-01-17 11:00:45.356051,-519.356051
ingv,ECPN,sim4,template2,2518541,2023-01-17 10:53:20,0.2223974356185502,4.414674135429894,1.6623930202130328,1.6623930202130328,4.414674135429894,clean,,,2023-01-17 10:53:20,2023-01-17 11:00:45.356051,-445.356051
ingv,EC1,sim4,template1,2519402,2023-01-17 10:53:26,0.4053094905993496,1.472293648079145,1.1847171692117715,1.1847171692117715,1.472293648079145,clean,,,2023-01-17 10:53:26,2023-01-17 11:00:45.356051,-439.356051
ingv,EC1,sim1,template3,2519425,2023-01-17 11:07:49,0.3473674895997437,1.4728476511241764,1.1847927352019312,1.1847927352019312,1.4728476511241764,clean,,,2023-01-17 11:07:49,2023-01-17 11:00:45.356051,423.643949
ingv,ECPN,sim2,template3,2518622,2023-01-17 11:08:41,0.3111298619529192,4.081439781529915,1.5998231948886,1.5998231948886,4.081439781529915,clean,,,2023-01-17 11:08:41,2023-01-17 11:00:45.356051,475.643949
ingv,ECPN,sim3,template3,2518647,2023-01-17 11:09:06,0.2435193011690111,4.082147926689244,1.5999536309500353,1.5999536309500353,4.082147926689244,clean,,,2023-01-17 11:09:06,2023-01-17 11:00:45.356051,500.643949
ingv,EC1,sim4,template2,2519507,2023-01-17 11:09:11,0.4464048151685806,1.5518122831786625,1.1956129604830057,1.1956129604830057,1.5518122831786625,clean,,,2023-01-17 11:09:11,2023-01-17 11:00:45.356051,505.643949
ingv,EC1,sim3,template2,2519595,2023-01-17 11:10:39,0.4519380008062832,1.436919035434097,1.1799020393618778,1.1799020393618778,1.436919035434097,clean,,,2023-01-17 11:10:39,2023-01-17 11:00:45.356051,593.643949
ingv,EC1,sim4,template3,2525534,2023-01-17 14:26:58,0.4163137974612697,-0.1810855159539922,0.9793675816465932,0.9793675816465932,-0.1810855159539922,clean,,,2023-01-17 14:26:58,2023-01-17 14:34:30.284555,-452.284555
ingv,EC1,sim2,template2,2525627,2023-01-17 14:42:31,0.3161138573568268,-0.2789927864242383,0.9683901440280024,0.9683901440280024,-0.2789927864242383,clean,,,2023-01-17 14:42:31,2023-01-17 14:34:30.284555,480.715445
ingv,ECPN,sim4,template1,2524831,2023-01-17 14:43:30,0.2227709730744848,0.1458480807514822,1.0169331484438575,1.0169331484438575,0.1458480807514822,clean,,,2023-01-17 14:43:30,2023-01-17 14:34:30.284555,539.715445
ingv,EC1,sim3,template3,2525720,2023-01-17 14:44:04,0.3628345409876094,-0.2935833373732817,0.9667648084857496,0.9667648084857496,-0.2935833373732817,clean,,,2023-01-17 14:44:04,2023-01-17 14:34:30.284555,573.715445
ingv,EC1,sim1,template1,2531090,2023-01-17 16:53:34,0.2790951292649766,1.3512705551349922,1.1683246176276103,1.1683246176276103,1.3512705551349922,clean,,,2023-01-17 16:53:34,2023-01-17 17:03:31.933766,-597.933766
ingv,ECPN,sim3,template1,2530244,2023-01-17 16:53:43,0.4586220544399866,-3.769062699310842,0.6479580131182959,0.6479580131182959,-3.769062699310842,clean,,,2023-01-17 16:53:43,2023-01-17 17:03:31.933766,-588.933766
ingv,ECPN,sim2,template2,2530293,2023-01-17 16:54:32,0.2949161507579458,-3.4051026970179,0.6756859137685527,0.6756859137685527,-3.4051026970179,clean,,,2023-01-17 16:54:32,2023-01-17 17:03:31.933766,-539.933766
ingv,EC1,sim2,template2,2535840,2023-01-17 20:37:45,0.3381447236667047,0.5614650678116199,1.0667760414807228,1.0667760414807228,0.5614650678116199,clean,,,2023-01-17 20:37:45,2023-01-17 20:47:35.561553,-590.561553
ingv,ECPN,sim3,template2,2535025,2023-01-17 20:38:25,0.2050670072779413,0.6925694835240446,1.083000043766629,1.083000043766629,0.6925694835240446,clean,,,2023-01-17 20:38:25,2023-01-17 20:47:35.561553,-550.561553
ingv,ECPN,sim1,template4,2535276,2023-01-17 20:56:36,0.2841393849523933,-1.02922760477344,0.8882569613122878,0.8882569613122878,-1.02922760477344,clean,,,2023-01-17 20:56:36,2023-01-17 20:47:35.561553,540.438447
ingv,EC1,sim1,template3,2536136,2023-01-17 20:56:41,0.2225300544692031,0.3715421969318478,1.0437034278919604,1.0437034278919604,0.3715421969318478,clean,,,2023-01-17 20:56:41,2023-01-17 20:47:35.561553,545.438447
ingv,ECPN,sim1,template3,2535305,2023-01-17 20:57:05,0.3215047246486524,1.5946239955946335,1.2015205408573233,1.2015205408573233,1.5946239955946335,clean,,,2023-01-17 20:57:05,2023-01-17 20:47:35.561553,569.438447
ingv,ECPN,sim2,template2,2537547,2023-01-17 23:14:54,0.429921061497664,3.2036691621926323,1.446050493829196,1.446050493829196,3.2036691621926323,clean,,,2023-01-17 23:14:54,2023-01-17 23:23:00.768426,-486.768426
ingv,ECPN,sim4,template3,2537615,2023-01-17 23:30:02,0.2609656550156186,3.101574818616386,1.4291530514660584,1.4291530514660584,3.101574818616386,clean,,,2023-01-17 23:30:02,2023-01-17 23:23:00.768426,421.231574
ingv,EC1,sim1,template3,2538527,2023-01-17 23:30:59,0.3146797995827886,-5.015903950553849,0.5613126146925497,0.5613126146925497,-5.015903950553849,clean,,,2023-01-17 23:30:59,2023-01-17 23:23:00.768426,478.231574
ingv,ECPN,sim1,template2,2537779,2023-01-17 23:32:46,0.4198168757176949,3.11329849734401,1.4310833366069784,1.4310833366069784,3.11329849734401,clean,,,2023-01-17 23:32:46,2023-01-17 23:23:00.768426,585.231574
ingv,EC1,sim4,template2,2539498,2023-01-17 23:47:10,0.2066060542366938,-4.799662141155112,0.5754623209111893,0.5754623209111893,-4.799662141155112,clean,,,2023-01-17 23:47:10,2023-01-17 23:55:47.652517,-517.652517
ingv,EC1,sim2,template1,2541810,2023-01-18 02:00:09,0.2998094135388598,-2.806384662534156,0.7239036507998758,0.7239036507998758,-2.806384662534156,clean,,,2023-01-18 02:00:09,2023-01-18 02:09:20.801500,-551.8015
ingv,ECPN,sim4,template2,2545000,2023-01-18 05:47:55,0.4739710317881362,-5.436243670177143,0.5347955889410994,0.5347955889410994,-5.436243670177143,clean,,,2023-01-18 05:47:55,2023-01-18 05:56:13.018900,-498.0189
ingv,EC1,sim3,template2,2545890,2023-01-18 05:48:30,0.2566393891621396,-3.2088136787625947,0.6911293175946119,0.6911293175946119,-3.2088136787625947,clean,,,2023-01-18 05:48:30,2023-01-18 05:56:13.018900,-463.0189
ingv,ECPN,sim3,template2,2545049,2023-01-18 05:48:44,0.3798042322146167,-5.498833446232342,0.5309557491708401,0.5309557491708401,-5.498833446232342,clean,,,2023-01-18 05:48:44,2023-01-18 05:56:13.018900,-449.0189
ingv,EC1,sim1,template2,2546027,2023-01-18 06:04:47,0.2746854440052957,-3.4460805716963,0.6725057027057705,0.6725057027057705,-3.4460805716963,clean,,,2023-01-18 06:04:47,2023-01-18 06:13:20.958325,-513.958325
ingv,ECPN,sim1,template1,2545223,2023-01-18 06:05:38,0.2777145732046671,-5.168183990061203,0.5515575076937012,0.5515575076937012,-5.168183990061203,clean,,,2023-01-18 06:05:38,2023-01-18 06:13:20.958325,-462.958325
ingv,ECPN,sim2,template1,2545834,2023-01-18 08:17:10,0.398432767238018,-3.910129154810145,0.6375196013686112,0.6375196013686112,-3.910129154810145,clean,,,2023-01-18 08:17:10,2023-01-18 08:26:06.084451,-536.084451
ingv,ECPN,sim3,template1,2545864,2023-01-18 08:17:40,0.3905154534241514,-3.9053394029204327,0.6378712524862354,0.6378712524862354,-3.9053394029204327,clean,,,2023-01-18 08:17:40,2023-01-18 08:26:06.084451,-506.084451
ingv,ECPN,sim4,template3,2545895,2023-01-18 08:18:11,0.2023847723611779,-3.860078596416111,0.6412037744683051,0.6412037744683051,-3.860078596416111,clean,,,2023-01-18 08:18:11,2023-01-18 08:26:06.084451,-475.084451
ingv,ECPN,sim2,template1,2557043,2023-01-18 18:11:49,0.4234913299426427,7.170641741527078,2.283137604014128,2.283137604014128,7.170641741527078,clean,,,2023-01-18 18:11:49,2023-01-18 18:04:37.771914,431.228086
ingv,ECPN,sim1,template3,2557093,2023-01-18 18:12:39,0.2486111355993988,7.871790992473144,2.47508175976043,2.47508175976043,7.871790992473144,clean,,,2023-01-18 18:12:39,2023-01-18 18:04:37.771914,481.228086
ingv,EC1,sim4,template3,2557987,2023-01-18 18:13:18,0.2392244920035325,-3.3900688074451377,0.676856431011162,0.676856431011162,-3.3900688074451377,clean,,,2023-01-18 18:13:18,2023-01-18 18:04:37.771914,520.228086
ingv,ECPN,sim4,template1,2557174,2023-01-18 18:14:00,0.4132917906651375,8.002523117286458,2.512616201854888,2.512616201854888,8.002523117286458,clean,,,2023-01-18 18:14:00,2023-01-18 18:04:37.771914,562.228086
ingv,EC1,sim3,template2,2558055,2023-01-18 18:14:26,0.343865795357682,-3.412576388513855,0.6751047762748238,0.6751047762748238,-3.412576388513855,clean,,,2023-01-18 18:14:26,2023-01-18 18:04:37.771914,588.228086
ingv,EC1,sim3,template3,2558391,2023-01-18 21:41:31,0.3415319284111417,-3.941676170828853,0.6352083398694424,0.6352083398694424,-3.941676170828853,clean,,,2023-01-18 21:41:31,2023-01-18 21:48:38.720317,-427.720317
ingv,ECPN,sim4,template2,2557536,2023-01-18 21:41:31,0.4124565239275462,7.63732795100024,2.409164181067437,2.409164181067437,7.63732795100024,clean,,,2023-01-18 21:41:31,2023-01-18 21:48:38.720317,-427.720317
ingv,ECPN,sim3,template2,2557578,2023-01-18 21:56:13,0.4529273708548201,7.620403862150276,2.404474596696273,2.404474596696273,7.620403862150276,clean,,,2023-01-18 21:56:13,2023-01-18 21:48:38.720317,454.279683
ingv,EC1,sim1,template1,2558460,2023-01-18 21:56:40,0.2315468598887663,-3.930039935294234,0.6360598804048847,0.6360598804048847,-3.930039935294234,clean,,,2023-01-18 21:56:40,2023-01-18 21:48:38.720317,481.279683
ingv,EC1,sim1,template3,2558467,2023-01-18 21:56:47,0.3110385741525504,-3.931385874827496,0.6359613261003231,0.6359613261003231,-3.931385874827496,clean,,,2023-01-18 21:56:47,2023-01-18 21:48:38.720317,488.279683
ingv,ECPN,sim1,template1,2561769,2023-01-19 00:00:13,0.3430838996838419,0.5241629766060847,1.0622045290238216,1.0622045290238216,0.5241629766060847,clean,,,2023-01-19 00:00:13,2023-01-19 00:10:08.810075,-595.810075
ingv,ECPN,sim1,template4,2561770,2023-01-19 00:00:14,0.2787094343202452,-0.5954738712627252,0.9337407368474784,0.9337407368474784,-0.5954738712627252,clean,,,2023-01-19 00:00:14,2023-01-19 00:10:08.810075,-594.810075
ingv,ECPN,sim3,template2,2561798,2023-01-19 00:00:42,0.2805074111335527,0.3745009027037441,1.0440590088957342,1.0440590088957342,0.3745009027037441,clean,,,2023-01-19 00:00:42,2023-01-19 00:10:08.810075,-566.810075
ingv,ECPN,sim3,template3,2561837,2023-01-19 00:01:21,0.2845339284335664,0.3239826053866357,1.0380042466057111,1.0380042466057111,0.3239826053866357,clean,,,2023-01-19 00:01:21,2023-01-19 00:10:08.810075,-527.810075
ingv,EC1,sim4,template4,2562871,2023-01-19 00:24:20,0.2107112661324619,-6.202383665015061,0.4896444280157836,0.4896444280157836,-6.202383665015061,clean,,,2023-01-19 00:24:20,2023-01-19 00:33:18.002191,-538.002191
ingv,ECPN,sim2,template1,2562039,2023-01-19 00:24:43,0.2771692473765891,-0.0769595635714001,0.9911788395679548,0.9911788395679548,-0.0769595635714001,clean,,,2023-01-19 00:24:43,2023-01-19 00:33:18.002191,-515.002191
ingv,EC1,sim4,template1,2562999,2023-01-19 00:40:28,0.2608687092448437,-9.285778734916942,0.3433294543180889,0.3433294543180889,-9.285778734916942,clean,,,2023-01-19 00:40:28,2023-01-19 00:33:18.002191,429.997809
ingv,EC1,sim3,template3,2563126,2023-01-19 00:42:35,0.304992047135574,-9.074091176643416,0.3517996808782426,0.3517996808782426,-9.074091176643416,clean,,,2023-01-19 00:42:35,2023-01-19 00:33:18.002191,556.997809
ingv,EC1,sim4,template2,2583879,2023-01-19 14:18:48,0.2312793474288348,-2.670170033475358,0.7353456003360366,0.7353456003360366,-2.670170033475358,clean,,,2023-01-19 14:18:48,2023-01-19 14:27:49.049143,-541.049143
ingv,EC1,sim3,template2,2583892,2023-01-19 14:19:01,0.2561906301139781,-2.661870807070152,0.7360485468814604,0.7360485468814604,-2.661870807070152,clean,,,2023-01-19 14:19:01,2023-01-19 14:27:49.049143,-528.049143
ingv,EC1,sim3,template1,2583898,2023-01-19 14:19:07,0.3164157963873689,-2.6537918547305512,0.7367334816119719,0.7367334816119719,-2.6537918547305512,clean,,,2023-01-19 14:19:07,2023-01-19 14:27:49.049143,-522.049143
ingv,EC1,sim3,template3,2583995,2023-01-19 14:20:44,0.2719085227030937,-2.551290241532958,0.745479126944226,0.745479126944226,-2.551290241532958,clean,,,2023-01-19 14:20:44,2023-01-19 14:27:49.049143,-425.049143
ingv,EC1,sim1,template1,2584066,2023-01-19 14:35:55,0.2741752670091744,-2.538717825535117,0.7465589541667035,0.7465589541667035,-2.538717825535117,clean,,,2023-01-19 14:35:55,2023-01-19 14:27:49.049143,485.950857
ingv,ECPN,sim1,template1,2583310,2023-01-19 14:37:34,0.2098105872111614,-2.629218642410888,0.7388207221863894,0.7388207221863894,-2.629218642410888,clean,,,2023-01-19 14:37:34,2023-01-19 14:46:37.421606,-543.421606
ingv,ECPN,sim3,template2,2583345,2023-01-19 14:38:09,0.4635562219429172,-2.637440113222259,0.7381217357320793,0.7381217357320793,-2.637440113222259,clean,,,2023-01-19 14:38:09,2023-01-19 14:46:37.421606,-508.421606
ingv,ECPN,sim3,template3,2583381,2023-01-19 14:38:45,0.3501414514361869,-2.682605993997625,0.7342935278472308,0.7342935278472308,-2.682605993997625,clean,,,2023-01-19 14:38:45,2023-01-19 14:46:37.421606,-472.421606
ingv,ECPN,sim3,template1,2587522,2023-01-19 17:13:38,0.38722859913173,-1.620190531491887,0.8298325643162219,0.8298325643162219,-1.620190531491887,clean,,,2023-01-19 17:13:38,2023-01-19 17:22:49.496603,-551.496603
ingv,EC1,sim2,template1,2588382,2023-01-19 17:13:43,0.2961980998593193,0.8112767224877172,1.0979026570486974,1.0979026570486974,0.8112767224877172,clean,,,2023-01-19 17:13:43,2023-01-19 17:22:49.496603,-546.496603
ingv,EC1,sim1,template1,2588405,2023-01-19 17:14:06,0.2751630162249281,0.8069155930764447,1.0973515455410718,1.0973515455410718,0.8069155930764447,clean,,,2023-01-19 17:14:06,2023-01-19 17:22:49.496603,-523.496603
ingv,ECPN,sim4,template3,2588289,2023-01-19 19:58:14,0.3672494879688598,-2.135857564077127,0.7820006639547994,0.7820006639547994,-2.135857564077127,clean,,,2023-01-19 19:58:14,2023-01-19 19:51:08.321948,425.678052
ingv,ECPN,sim3,template3,2588396,2023-01-19 20:00:01,0.4398036914695283,-2.112944945222786,0.7840662366642037,0.7840662366642037,-2.112944945222786,clean,,,2023-01-19 20:00:01,2023-01-19 19:51:08.321948,532.678052
ingv,EC1,sim3,template3,2591072,2023-01-19 20:30:22,0.2298089954545136,-0.0775016041689387,0.991116987250064,0.991116987250064,-0.0775016041689387,clean,,,2023-01-19 20:30:22,2023-01-19 20:39:27.291630,-545.29163
ingv,EC1,sim3,template1,2591073,2023-01-19 20:30:23,0.271526094853489,-0.0776972844884508,0.9910946590934536,0.9910946590934536,-0.0776972844884508,clean,,,2023-01-19 20:30:23,2023-01-19 20:39:27.291630,-544.29163
ingv,ECPN,sim4,template1,2590257,2023-01-19 20:31:02,0.2196492137556243,-2.639789159282515,0.7379221421855611,0.7379221421855611,-2.639789159282515,clean,,,2023-01-19 20:31:02,2023-01-19 20:39:27.291630,-505.29163
ingv,ECPN,sim1,template1,2591080,2023-01-19 21:56:41,0.2508712561437898,-3.272513594747529,0.6860793063635282,0.6860793063635282,-3.272513594747529,clean,,,2023-01-19 21:56:41,2023-01-19 21:47:34.618652,546.381348
ingv,ECPN,sim2,template2,2600011,2023-01-20 02:21:36,0.2248194139122641,3.7032504844067593,1.531660541408145,1.531660541408145,3.7032504844067593,clean,,,2023-01-20 02:21:36,2023-01-20 02:14:22.908578,433.091422
ingv,ECPN,sim3,template3,2600049,2023-01-20 02:22:14,0.2763277642682925,3.77878354043616,1.5450380416796832,1.5450380416796832,3.77878354043616,clean,,,2023-01-20 02:22:14,2023-01-20 02:14:22.908578,471.091422
ingv,EC1,sim1,template2,2601004,2023-01-20 02:23:54,0.2027845097120238,0.0624080815967632,1.0072108699326343,1.0072108699326343,0.0624080815967632,clean,,,2023-01-20 02:23:54,2023-01-20 02:14:22.908578,571.091422
ingv,EC1,sim2,template3,2601025,2023-01-20 02:24:15,0.2540822341504249,0.0947000068877882,1.0109623926823266,1.0109623926823266,0.0947000068877882,clean,,,2023-01-20 02:24:15,2023-01-20 02:14:22.908578,592.091422
ingv,EC1,sim3,template3,2604206,2023-01-20 03:37:16,0.2106801708041311,-1.039246955987857,0.8872329294881284,0.8872329294881284,-1.039246955987857,clean,,,2023-01-20 03:37:16,2023-01-20 03:45:59.540998,-523.540998
ingv,ECPN,sim3,template2,2609549,2023-01-20 07:36:06,0.2381625825664531,-4.219147098916164,0.6152372822711932,0.6152372822711932,-4.219147098916164,clean,,,2023-01-20 07:36:06,2023-01-20 07:45:04.522549,-538.522549
ingv,EC1,sim4,template3,2610435,2023-01-20 07:36:37,0.3825970845621229,1.4047715670945218,1.175543158657278,1.175543158657278,1.4047715670945218,clean,,,2023-01-20 07:36:37,2023-01-20 07:45:04.522549,-507.522549
ingv,ECPN,sim2,template3,2609597,2023-01-20 07:36:54,0.2251130681853659,-4.480383624313186,0.5970089182780549,0.5970089182780549,-4.480383624313186,clean,,,2023-01-20 07:36:54,2023-01-20 07:45:04.522549,-490.522549
ingv,ECPN,sim1,template3,2609621,2023-01-20 07:37:18,0.3169321710983431,-4.528508787539675,0.5937102689148445,0.5937102689148445,-4.528508787539675,clean,,,2023-01-20 07:37:18,2023-01-20 07:45:04.522549,-466.522549
ingv,EC1,sim1,template3,2610505,2023-01-20 07:37:47,0.2894679741815273,1.4778822557566484,1.1854796760119617,1.1854796760119617,1.4778822557566484,clean,,,2023-01-20 07:37:47,2023-01-20 07:45:04.522549,-437.522549
ingv,ECPN,sim1,template2,2609672,2023-01-20 07:52:09,0.2955919012349728,-4.735407019696732,0.5797351714634791,0.5797351714634791,-4.735407019696732,clean,,,2023-01-20 07:52:09,2023-01-20 07:45:04.522549,424.477451
ingv,EC1,sim2,template1,2610536,2023-01-20 07:52:18,0.3021580677266486,1.45350165622411,1.1821567948138758,1.1821567948138758,1.45350165622411,clean,,,2023-01-20 07:52:18,2023-01-20 07:45:04.522549,433.477451
ingv,EC1,sim1,template2,2610564,2023-01-20 07:52:46,0.397543215771031,1.4634198386731816,1.1835074386689792,1.1835074386689792,1.4634198386731816,clean,,,2023-01-20 07:52:46,2023-01-20 07:45:04.522549,461.477451
ingv,EC1,sim2,template3,2610650,2023-01-20 07:54:12,0.3430195276659856,1.478425412668227,1.1855538102272738,1.1855538102272738,1.478425412668227,clean,,,2023-01-20 07:54:12,2023-01-20 07:45:04.522549,547.477451
ingv,EC1,sim2,template4,2610698,2023-01-20 07:55:00,0.2141013127065489,-0.5066601438733644,0.9433372691999964,0.9433372691999964,-0.5066601438733644,clean,,,2023-01-20 07:55:00,2023-01-20 07:45:04.522549,595.477451
ingv,EC1,sim3,template3,2617306,2023-01-20 10:55:41,0.317062613846785,-1.1079393561769948,0.8802439163256486,0.8802439163256486,-1.1079393561769948,clean,,,2023-01-20 10:55:41,2023-01-20 11:05:28.383106,-587.383106
ingv,ECPN,sim3,template3,2616515,2023-01-20 10:56:45,0.2535330471065132,-0.0972243433985528,0.9888690464478208,0.9888690464478208,-0.0972243433985528,clean,,,2023-01-20 10:56:45,2023-01-20 11:05:28.383106,-523.383106
ingv,ECPN,sim2,template3,2617142,2023-01-20 12:01:32,0.3091346302928844,-0.337280451472628,0.9619134059375136,0.9619134059375136,-0.337280451472628,clean,,,2023-01-20 12:01:32,2023-01-20 12:08:43.749218,-431.749218
ingv,EC1,sim4,template2,2620609,2023-01-20 14:13:32,0.3658378335516734,-2.8956206902733657,0.7165045712089779,0.7165045712089779,-2.8956206902733657,clean,,,2023-01-20 14:13:32,2023-01-20 14:22:26.013446,-534.013446
ingv,ECPN,sim4,template3,2619789,2023-01-20 14:14:07,0.2237624330344563,-2.97839360278634,0.7097090117632091,0.7097090117632091,-2.97839360278634,clean,,,2023-01-20 14:14:07,2023-01-20 14:22:26.013446,-499.013446
ingv,EC1,sim3,template3,2620676,2023-01-20 14:14:39,0.3309223580711865,-3.11802864279277,0.6983908935069468,0.6983908935069468,-3.11802864279277,clean,,,2023-01-20 14:14:39,2023-01-20 14:22:26.013446,-467.013446
ingv,EC1,sim3,template2,2620683,2023-01-20 14:14:46,0.3255403136588478,-3.1138117352853274,0.6987300372142319,0.6987300372142319,-3.1138117352853274,clean,,,2023-01-20 14:14:46,2023-01-20 14:22:26.013446,-460.013446
ingv,ECPN,sim4,template2,2619854,2023-01-20 14:15:12,0.3460516348278385,-2.971191467876253,0.7102977297855457,0.7102977297855457,-2.971191467876253,clean,,,2023-01-20 14:15:12,2023-01-20 14:22:26.013446,-434.013446
ingv,ECPN,sim3,template2,2619912,2023-01-20 14:30:10,0.3155898857990438,-3.169136751643107,0.6942936007519699,0.6942936007519699,-3.169136751643107,clean,,,2023-01-20 14:30:10,2023-01-20 14:22:26.013446,463.986554
ingv,EC1,sim4,template1,2620819,2023-01-20 14:31:02,0.3964687036021733,-3.2591422624429733,0.6871362918439075,0.6871362918439075,-3.2591422624429733,clean,,,2023-01-20 14:31:02,2023-01-20 14:22:26.013446,515.986554
ingv,EC1,sim2,template3,2620852,2023-01-20 14:31:35,0.3411315081656921,-3.274852993164857,0.6858945473131461,0.6858945473131461,-3.274852993164857,clean,,,2023-01-20 14:31:35,2023-01-20 14:22:26.013446,548.986554
ingv,ECPN,sim3,template2,2621261,2023-01-20 15:22:41,0.4842475942777263,-4.481893459680656,0.5969051514931408,0.5969051514931408,-4.481893459680656,clean,,,2023-01-20 15:22:41,2023-01-20 15:15:18.970038,442.029962
ingv,ECPN,sim3,template3,2621306,2023-01-20 15:23:26,0.4881599802210479,-4.356488830703878,0.6055856261880923,0.6055856261880923,-4.356488830703879,clean,,,2023-01-20 15:23:26,2023-01-20 15:15:18.970038,487.029962
ingv,EC1,sim3,template1,2628572,2023-01-20 17:38:32,0.31485863111161,-1.9174724593534345,0.8019113807357411,0.8019113807357411,-1.9174724593534345,clean,,,2023-01-20 17:38:32,2023-01-20 17:48:24.121353,-592.121353
ingv,ECPN,sim1,template1,2627743,2023-01-20 17:38:58,0.2522534785107728,7.802634065009869,2.455453438542784,2.455453438542784,7.802634065009869,clean,,,2023-01-20 17:38:58,2023-01-20 17:48:24.121353,-566.121353
ingv,ECPN,sim2,template1,2627942,2023-01-20 17:56:17,0.2605033440061016,7.760168813897394,2.443478042250049,2.443478042250049,7.760168813897394,clean,,,2023-01-20 17:56:17,2023-01-20 17:48:24.121353,472.878647
ingv,ECPN,sim4,template3,2627988,2023-01-20 17:57:03,0.3488934108979913,7.766018376840588,2.445124170998019,2.445124170998019,7.766018376840588,clean,,,2023-01-20 17:57:03,2023-01-20 17:48:24.121353,518.878647
ingv,ECPN,sim4,template2,2628062,2023-01-20 17:58:17,0.2907741568369095,7.7879998960288415,2.451319922200826,2.451319922200826,7.7879998960288415,clean,,,2023-01-20 17:58:17,2023-01-20 17:48:24.121353,592.878647
ingv,ECPN,sim3,template2,2630269,2023-01-20 19:21:08,0.3313837420026159,5.319337557423147,1.844874711639588,1.844874711639588,5.319337557423147,clean,,,2023-01-20 19:21:08,2023-01-20 19:30:12.580952,-544.580952
ingv,EC1,sim2,template2,2643289,2023-01-21 02:09:14,0.4629487354706452,2.851550581097795,1.3886011770621172,1.3886011770621172,2.851550581097795,clean,,,2023-01-21 02:09:14,2023-01-21 02:16:55.381818,-461.381818
ingv,ECPN,sim4,template2,2642454,2023-01-21 02:09:34,0.2210488865951877,-4.67100469187599,0.5840496464977043,0.5840496464977043,-4.67100469187599,clean,,,2023-01-21 02:09:34,2023-01-21 02:16:55.381818,-441.381818
ingv,EC1,sim2,template3,2646731,2023-01-21 03:47:21,0.3309077769188758,-1.2473066164529074,0.8662328894845741,0.8662328894845741,-1.2473066164529074,clean,,,2023-01-21 03:47:21,2023-01-21 03:56:55.411471,-574.411471
ingv,ECPN,sim3,template4,2645967,2023-01-21 03:48:52,0.2785421681173147,-0.0473443411999374,0.994564109499314,0.994564109499314,-0.0473443411999374,clean,,,2023-01-21 03:48:52,2023-01-21 03:56:55.411471,-483.411471
ingv,ECPN,sim4,template3,2646050,2023-01-21 04:57:40,0.2711288638113768,-1.12327667705435,0.8786909756968856,0.8786909756968856,-1.12327667705435,clean,,,2023-01-21 04:57:40,2023-01-21 04:50:32.877955,427.122045
ingv,ECPN,sim1,template3,2646102,2023-01-21 04:58:32,0.4498304462226467,-0.9341589323700652,0.898032498374525,0.898032498374525,-0.9341589323700652,clean,,,2023-01-21 04:58:32,2023-01-21 04:50:32.877955,479.122045
ingv,ECPN,sim3,template3,2646140,2023-01-21 04:59:10,0.2822984079606727,-0.9608464016364752,0.895277520453054,0.895277520453054,-0.9608464016364752,clean,,,2023-01-21 04:59:10,2023-01-21 04:50:32.877955,517.122045
ingv,ECPN,sim1,template2,2646151,2023-01-21 04:59:21,0.3408779114521404,-0.9853960919369202,0.8927506917995208,0.8927506917995208,-0.9853960919369202,clean,,,2023-01-21 04:59:21,2023-01-21 04:50:32.877955,528.122045
ingv,EC1,sim1,template2,2647014,2023-01-21 04:59:29,0.2184924442268523,-2.376458633006461,0.7606363365280635,0.7606363365280635,-2.376458633006461,clean,,,2023-01-21 04:59:29,2023-01-21 04:50:32.877955,536.122045
ingv,ECPN,sim2,template3,2646198,2023-01-21 05:00:08,0.2436081585867135,-0.9373899189499444,0.897698509401486,0.897698509401486,-0.9373899189499444,clean,,,2023-01-21 05:00:08,2023-01-21 04:50:32.877955,575.122045
ingv,EC1,sim1,template1,2647218,2023-01-21 05:02:53,0.2426038659415623,-1.8233768823460472,0.8106458353579813,0.8106458353579813,-1.8233768823460472,clean,,,2023-01-21 05:02:53,2023-01-21 05:12:49.225980,-596.22598
ingv,EC1,sim3,template2,2648335,2023-01-21 07:52:50,0.2563417300874511,-0.6580913353195357,0.9270335102554508,0.9270335102554508,-0.6580913353195357,clean,,,2023-01-21 07:52:50,2023-01-21 07:45:09.973078,460.026922
ingv,ECPN,sim4,template3,2648177,2023-01-21 08:39:23,0.220074251467236,-1.4945242621997836,0.841925739192246,0.841925739192246,-1.4945242621997836,clean,,,2023-01-21 08:39:23,2023-01-21 08:31:56.507287,446.492713
ingv,EC1,sim1,template1,2649085,2023-01-21 08:40:16,0.3192625896494449,-1.340440987665637,0.8569943340253641,0.8569943340253641,-1.340440987665637,clean,,,2023-01-21 08:40:16,2023-01-21 08:31:56.507287,499.492713
ingv,EC1,sim4,template3,2649091,2023-01-21 08:40:22,0.2334276392865278,-1.3363697511188766,0.8573961172176202,0.8573961172176202,-1.3363697511188766,clean,,,2023-01-21 08:40:22,2023-01-21 08:31:56.507287,505.492713
ingv,EC1,sim1,template3,2649097,2023-01-21 08:40:28,0.3179863165573976,-1.3326657698832631,0.8577618202707915,0.8577618202707915,-1.3326657698832631,clean,,,2023-01-21 08:40:28,2023-01-21 08:31:56.507287,511.492713
ingv,ECPN,sim3,template1,2648243,2023-01-21 08:40:29,0.2537044174142674,-1.4820261757757742,0.843138054232164,0.843138054232164,-1.4820261757757742,clean,,,2023-01-21 08:40:29,2023-01-21 08:31:56.507287,512.492713
ingv,ECPN,sim1,template3,2648246,2023-01-21 08:40:32,0.2681783785459969,-1.4725862117362376,0.844054888304508,0.844054888304508,-1.4725862117362376,clean,,,2023-01-21 08:40:32,2023-01-21 08:31:56.507287,515.492713
ingv,EC1,sim2,template3,2652473,2023-01-21 09:36:44,0.4407435544793419,-2.414258017797453,0.7573333800518015,0.7573333800518015,-2.414258017797453,clean,,,2023-01-21 09:36:44,2023-01-21 09:43:44.196207,-420.196207
ingv,EC1,sim2,template1,2653170,2023-01-21 10:34:05,0.2092532789891672,-1.7107712867305078,0.8212236268551129,0.8212236268551129,-1.7107712867305078,clean,,,2023-01-21 10:34:05,2023-01-21 10:43:43.178274,-578.178274
ingv,EC1,sim3,template1,2653199,2023-01-21 10:34:34,0.2172662505769746,-1.671908720601303,0.824906192770504,0.824906192770504,-1.671908720601303,clean,,,2023-01-21 10:34:34,2023-01-21 10:43:43.178274,-549.178274
ingv,EC1,sim1,template1,2653218,2023-01-21 10:34:53,0.2426589303258103,-1.628259172162336,0.8290620604166599,0.8290620604166599,-1.628259172162336,clean,,,2023-01-21 10:34:53,2023-01-21 10:43:43.178274,-530.178274
ingv,EC1,sim2,template2,2653318,2023-01-21 10:36:33,0.4460994921564345,-1.553961033104019,0.8361841830617798,0.8361841830617798,-1.553961033104019,clean,,,2023-01-21 10:36:33,2023-01-21 10:43:43.178274,-430.178274
ingv,ECPN,sim1,template3,2652474,2023-01-21 10:50:44,0.2390485065360063,2.3179396124081864,1.3058610869214968,1.3058610869214968,2.3179396124081864,clean,,,2023-01-21 10:50:44,2023-01-21 10:43:43.178274,420.821726
ingv,ECPN,sim3,template3,2652644,2023-01-21 10:53:34,0.3971674587902972,2.4156027404459444,1.320626893314247,1.320626893314247,2.4156027404459444,clean,,,2023-01-21 10:53:34,2023-01-21 10:43:43.178274,590.821726
ingv,ECPN,sim4,template3,2654010,2023-01-21 12:03:20,0.2910267932465712,2.2614003457755687,1.2973884200780117,1.2973884200780117,2.2614003457755687,clean,,,2023-01-21 12:03:20,2023-01-21 11:55:55.500531,444.499469
ingv,ECPN,sim1,template1,2654030,2023-01-21 12:03:40,0.3356756126055249,2.2426555597092883,1.2945915798144332,1.2945915798144332,2.2426555597092883,clean,,,2023-01-21 12:03:40,2023-01-21 11:55:55.500531,464.499469
ingv,ECPN,sim4,template1,2654035,2023-01-21 12:03:45,0.2318209209425093,2.2327081061325758,1.2931098066356763,1.2931098066356763,2.2327081061325758,clean,,,2023-01-21 12:03:45,2023-01-21 11:55:55.500531,469.499469
ingv,ECPN,sim2,template2,2654156,2023-01-21 12:05:46,0.2520520963391187,2.0554436884212275,1.266987074744357,1.266987074744357,2.0554436884212275,clean,,,2023-01-21 12:05:46,2023-01-21 11:55:55.500531,590.499469
ingv,EC1,sim2,template2,2657119,2023-01-21 13:20:40,0.2177834067100767,-1.934479046425149,0.8003428098792099,0.8003428098792099,-1.934479046425149,clean,,,2023-01-21 13:20:40,2023-01-21 13:11:52.109930,527.89007
ingv,EC1,sim1,template1,2657120,2023-01-21 13:20:41,0.3881416515413542,-1.933339223563232,0.800447843321786,0.800447843321786,-1.933339223563232,clean,,,2023-01-21 13:20:41,2023-01-21 13:11:52.109930,528.89007
ingv,ECPN,sim2,template1,2656777,2023-01-21 14:14:32,0.2471907346253009,-0.3676685045471289,0.9585539800318964,0.9585539800318964,-0.3676685045471289,clean,,,2023-01-21 14:14:32,2023-01-21 14:06:37.928724,474.071276
ingv,ECPN,sim1,template2,2656848,2023-01-21 14:15:43,0.3918275920038606,-0.2176838787558311,0.975249656599864,0.975249656599864,-0.2176838787558311,clean,,,2023-01-21 14:15:43,2023-01-21 14:06:37.928724,545.071276
ingv,ECPN,sim4,template2,2659307,2023-01-21 17:09:37,0.3864910960793553,-1.6087474865439,0.8309265304505167,0.8309265304505167,-1.6087474865439,clean,,,2023-01-21 17:09:37,2023-01-21 17:17:15.319794,-458.319794
ingv,EC1,sim1,template2,2660260,2023-01-21 17:25:15,0.3302150359873133,0.4668514402306307,1.0552189261577092,1.0552189261577092,0.4668514402306307,clean,,,2023-01-21 17:25:15,2023-01-21 17:17:15.319794,479.680206
ingv,ECPN,sim3,template3,2659456,2023-01-21 17:26:06,0.3778294995998958,-1.3312081723581848,0.8579057751757763,0.8579057751757763,-1.3312081723581848,clean,,,2023-01-21 17:26:06,2023-01-21 17:17:15.319794,530.680206
ingv,EC1,sim2,template1,2660321,2023-01-21 17:26:16,0.3894691386925729,0.6346848004793701,1.075806688441175,1.075806688441175,0.6346848004793701,clean,,,2023-01-21 17:26:16,2023-01-21 17:17:15.319794,540.680206
ingv,EC1,sim1,template3,2660618,2023-01-21 17:31:13,0.3639611715050481,0.759286583888932,1.0913506946070648,1.0913506946070648,0.759286583888932,clean,,,2023-01-21 17:31:13,2023-01-21 17:40:41.910554,-568.910554
ingv,EC1,sim1,template1,2660649,2023-01-21 17:31:44,0.2503929748713923,0.7494834496028456,1.0901196609733246,1.0901196609733246,0.7494834496028456,clean,,,2023-01-21 17:31:44,2023-01-21 17:40:41.910554,-537.910554
ingv,EC1,sim2,template2,2660681,2023-01-21 17:32:16,0.3793080336209012,0.6469267495638893,1.077324006359842,1.077324006359842,0.6469267495638893,clean,,,2023-01-21 17:32:16,2023-01-21 17:40:41.910554,-505.910554
ingv,ECPN,sim1,template1,2659836,2023-01-21 17:32:26,0.2408183791233422,-0.1859608184523041,0.978818026716944,0.978818026716944,-0.1859608184523041,clean,,,2023-01-21 17:32:26,2023-01-21 17:40:41.910554,-495.910554
ingv,ECPN,sim1,template2,2659864,2023-01-21 17:32:54,0.3250641545773146,-0.2494247514259001,0.9716923026252672,0.9716923026252672,-0.2494247514259001,clean,,,2023-01-21 17:32:54,2023-01-21 17:40:41.910554,-467.910554
ingv,EC1,sim4,template1,2660728,2023-01-21 17:33:03,0.4770424223197313,0.674123594747049,1.0807025587526684,1.0807025587526684,0.674123594747049,clean,,,2023-01-21 17:33:03,2023-01-21 17:40:41.910554,-458.910554
ingv,ECPN,sim2,template4,2659881,2023-01-21 17:33:11,0.2008294288881459,0.6341804356490549,1.075744221229733,1.075744221229733,0.6341804356490549,clean,,,2023-01-21 17:33:11,2023-01-21 17:40:41.910554,-450.910554
ingv,EC1,sim3,template2,2661160,2023-01-21 18:45:04,0.4568124682959444,0.5376925832880213,1.063860364935754,1.063860364935754,0.5376925832880213,clean,,,2023-01-21 18:45:04,2023-01-21 18:54:34.197139,-570.197139
ingv,EC1,sim1,template1,2667345,2023-01-22 00:30:08,0.2677421957578824,-0.2152611103296391,0.9755217224140804,0.9755217224140804,-0.2152611103296391,clean,,,2023-01-22 00:30:08,2023-01-22 00:39:53.508786,-585.508786
ingv,ECPN,sim2,template3,2666542,2023-01-22 00:31:00,0.2936846115459879,0.8801616941827601,1.1066443847798109,1.1066443847798109,0.8801616941827601,clean,,,2023-01-22 00:31:00,2023-01-22 00:39:53.508786,-533.508786
ingv,EC1,sim4,template1,2667482,2023-01-22 00:32:25,0.3821984906249709,-0.2746492871464703,0.968874522016504,0.968874522016504,-0.2746492871464703,clean,,,2023-01-22 00:32:25,2023-01-22 00:39:53.508786,-448.508786
ingv,ECPN,sim1,template2,2667519,2023-01-22 01:18:20,0.2617723957260173,0.4902864026575177,1.058069803500013,1.058069803500013,0.4902864026575177,clean,,,2023-01-22 01:18:20,2023-01-22 01:25:54.388708,-454.388708
ingv,ECPN,sim1,template4,2667571,2023-01-22 01:33:47,0.2249771230604002,0.9674182920143752,1.1178175261690264,1.1178175261690264,0.9674182920143752,clean,,,2023-01-22 01:33:47,2023-01-22 01:26:29.349210,437.65079
ingv,ECPN,sim1,template1,2667581,2023-01-22 01:33:57,0.2080778947345557,0.6622208215708598,1.0792226242509135,1.0792226242509135,0.6622208215708598,clean,,,2023-01-22 01:33:57,2023-01-22 01:26:29.349210,447.65079
ingv,EC1,sim2,template1,2668491,2023-01-22 01:34:52,0.2867524323373284,-0.0320619300017823,0.9963155382441938,0.9963155382441938,-0.0320619300017823,clean,,,2023-01-22 01:34:52,2023-01-22 01:26:29.349210,502.65079
ingv,ECPN,sim2,template2,2667651,2023-01-22 01:35:07,0.2999180525721263,0.6438507476023757,1.0769425527397591,1.0769425527397591,0.6438507476023757,clean,,,2023-01-22 01:35:07,2023-01-22 01:26:29.349210,517.65079
ingv,EC1,sim2,template3,2669540,2023-01-22 02:16:36,0.325030982632795,0.5362370274664006,1.063682101283771,1.063682101283771,0.5362370274664006,clean,,,2023-01-22 02:16:36,2023-01-22 02:25:13.089784,-517.089784
ingv,ECPN,sim1,template1,2668729,2023-01-22 02:51:03,0.3035694938583537,1.703932542196004,1.2167367543186318,1.2167367543186318,1.703932542196004,clean,,,2023-01-22 02:51:03,2023-01-22 02:43:35.327805,447.672195
ingv,ECPN,sim3,template1,2675322,2023-01-22 08:48:42,0.2686105566598622,-0.7968293928470456,0.912343811111314,0.912343811111314,-0.7968293928470456,clean,,,2023-01-22 08:48:42,2023-01-22 08:40:51.797423,470.202577
ingv,ECPN,sim4,template1,2675736,2023-01-22 08:55:36,0.3051411551543003,-0.3862989235489412,0.9565001750028416,0.9565001750028416,-0.3862989235489412,clean,,,2023-01-22 08:55:36,2023-01-22 09:05:20.637208,-584.637208
ingv,EC1,sim1,template1,2676749,2023-01-22 08:58:14,0.3734160550673726,-2.86798885022407,0.7187875687510148,0.7187875687510148,-2.86798885022407,clean,,,2023-01-22 08:58:14,2023-01-22 09:05:20.637208,-426.637208
ingv,EC1,sim4,template2,2678102,2023-01-22 09:45:54,0.2012170463684745,-3.30533821089194,0.6834914550956437,0.6834914550956437,-3.30533821089194,clean,,,2023-01-22 09:45:54,2023-01-22 09:54:33.150584,-519.150584
ingv,EC1,sim3,template2,2678172,2023-01-22 09:47:04,0.3038114605810059,-3.364493593311479,0.6788523415370389,0.6788523415370389,-3.364493593311479,clean,,,2023-01-22 09:47:04,2023-01-22 09:54:33.150584,-449.150584
ingv,ECPN,sim1,template2,2677338,2023-01-22 09:47:25,0.3223951563452005,-0.6137602646194179,0.9317770014100584,0.9317770014100584,-0.6137602646194179,clean,,,2023-01-22 09:47:25,2023-01-22 09:54:33.150584,-428.150584
ingv,EC1,sim1,template3,2678214,2023-01-22 10:01:46,0.3016928348660198,-3.095064240427442,0.700239794454799,0.700239794454799,-3.095064240427442,clean,,,2023-01-22 10:01:46,2023-01-22 09:54:33.150584,432.849416
ingv,EC1,sim3,template3,2678315,2023-01-22 10:03:27,0.2092330897795323,-3.2341874501279544,0.6891132929280733,0.6891132929280733,-3.2341874501279544,clean,,,2023-01-22 10:03:27,2023-01-22 09:54:33.150584,533.849416
ingv,ECPN,sim2,template3,2679055,2023-01-22 10:50:02,0.2527008822790091,0.029889816535934,1.0034471199991204,1.0034471199991204,0.029889816535934,clean,,,2023-01-22 10:50:02,2023-01-22 10:59:10.167451,-548.167451
ingv,EC1,sim4,template1,2680040,2023-01-22 11:06:12,0.3781046337414003,-3.024406361830212,0.7059593294247577,0.7059593294247577,-3.024406361830212,clean,,,2023-01-22 11:06:12,2023-01-22 10:59:10.167451,421.832549
ingv,EC1,sim1,template3,2680040,2023-01-22 11:06:12,0.2678448877195714,-3.025667533799768,0.7058568331324118,0.7058568331324118,-3.025667533799768,clean,,,2023-01-22 11:06:12,2023-01-22 10:59:10.167451,421.832549
ingv,ECPN,sim3,template2,2679256,2023-01-22 11:07:23,0.231353079024262,-0.2692937747770618,0.9694720911410644,0.9694720911410644,-0.2692937747770618,clean,,,2023-01-22 11:07:23,2023-01-22 10:59:10.167451,492.832549
ingv,EC1,sim2,template3,2680145,2023-01-22 11:07:57,0.21071607504863,-3.043152514625068,0.704437349381197,0.704437349381197,-3.043152514625068,clean,,,2023-01-22 11:07:57,2023-01-22 10:59:10.167451,526.832549
ingv,ECPN,sim1,template1,2688089,2023-01-22 14:14:29,0.334674987104798,0.2518064340377859,1.0294145957913374,1.0294145957913374,0.2518064340377859,clean,,,2023-01-22 14:14:29,2023-01-22 14:22:07.899161,-458.899161
ingv,EC1,sim1,template2,2688964,2023-01-22 14:14:49,0.2625530501275587,6.416099799011414,2.0931723534112643,2.0931723534112643,6.416099799011414,clean,,,2023-01-22 14:14:49,2023-01-22 14:22:07.899161,-438.899161
ingv,EC1,sim4,template3,2689018,2023-01-22 14:29:43,0.2237551894155138,6.3815108183277145,2.0848534897006177,2.0848534897006177,6.3815108183277145,clean,,,2023-01-22 14:29:43,2023-01-22 14:22:07.899161,455.100839
ingv,ECPN,sim4,template1,2688164,2023-01-22 14:29:44,0.3579539917698233,0.4515928924414227,1.0533668448039029,1.0533668448039029,0.4515928924414227,clean,,,2023-01-22 14:29:44,2023-01-22 14:22:07.899161,456.100839
ingv,EC1,sim2,template2,2689111,2023-01-22 14:31:16,0.3955314341226191,6.390898652925815,2.0871080475341013,2.0871080475341013,6.390898652925815,clean,,,2023-01-22 14:31:16,2023-01-22 14:22:07.899161,548.100839
ingv,EC1,sim1,template2,2690077,2023-01-22 14:47:22,0.3705081036759764,6.111846767554848,2.0211211109629805,2.0211211109629805,6.111846767554848,clean,,,2023-01-22 14:47:22,2023-01-22 14:57:14.923653,-592.923653
ingv,ECPN,sim2,template2,2690348,2023-01-22 15:20:08,0.3221008258329431,0.1949406599099766,1.0226971201284376,1.0226971201284376,0.1949406599099766,clean,,,2023-01-22 15:20:08,2023-01-22 15:29:47.427736,-579.427736
ingv,ECPN,sim4,template1,2690386,2023-01-22 15:20:46,0.3791555702018427,0.1943689776049004,1.0226298111213588,1.0226298111213588,0.1943689776049004,clean,,,2023-01-22 15:20:46,2023-01-22 15:29:47.427736,-541.427736
ingv,ECPN,sim3,template2,2690426,2023-01-22 15:21:26,0.2565437868283128,0.1845256970987817,1.0214715727606627,1.0214715727606627,0.1845256970987817,clean,,,2023-01-22 15:21:26,2023-01-22 15:29:47.427736,-501.427736
ingv,ECPN,sim3,template3,2690510,2023-01-22 15:42:58,0.325107331351103,-0.0481568751413246,0.9944710759319456,0.9944710759319456,-0.0481568751413246,clean,,,2023-01-22 15:42:58,2023-01-22 15:35:55.054734,422.945266
ingv,EC1,sim1,template2,2691468,2023-01-22 15:44:41,0.4352227099680468,5.503714571480701,1.884454815308974,1.884454815308974,5.503714571480701,clean,,,2023-01-22 15:44:41,2023-01-22 15:35:55.054734,525.945266
ingv,EC1,sim1,template1,2691497,2023-01-22 15:45:10,0.2755673572696107,5.191388924836927,1.817897725392798,1.817897725392798,5.191388924836927,clean,,,2023-01-22 15:45:10,2023-01-22 15:35:55.054734,554.945266
ingv,EC1,sim1,template4,2691497,2023-01-22 15:45:10,0.2099189698842424,2.330615233202233,1.3077681666113714,1.3077681666113714,2.330615233202233,clean,,,2023-01-22 15:45:10,2023-01-22 15:35:55.054734,554.945266
ingv,EC1,sim1,template3,2691521,2023-01-22 15:45:34,0.4653952672642951,4.862183374197423,1.7502866033021014,1.7502866033021014,4.862183374197423,clean,,,2023-01-22 15:45:34,2023-01-22 15:35:55.054734,578.945266
ingv,ECPN,sim3,template2,2693773,2023-01-22 16:37:21,0.2054487354286479,2.5996043617993108,1.34890143936417,1.34890143936417,2.5996043617993108,clean,,,2023-01-22 16:37:21,2023-01-22 16:47:03.926528,-582.926528
ingv,EC1,sim4,template3,2694700,2023-01-22 16:38:33,0.2871075966861254,-2.185495181759001,0.7775444770806903,0.7775444770806903,-2.185495181759001,clean,,,2023-01-22 16:38:33,2023-01-22 16:47:03.926528,-510.926528
ingv,ECPN,sim4,template1,2693931,2023-01-22 16:39:59,0.3205882666729246,2.431051124262773,1.3229777986836546,1.3229777986836546,2.431051124262773,clean,,,2023-01-22 16:39:59,2023-01-22 16:47:03.926528,-424.926528
ingv,EC1,sim4,template1,2694961,2023-01-22 16:56:54,0.2498509334104761,-2.6672625206348624,0.735591790967685,0.735591790967685,-2.6672625206348624,clean,,,2023-01-22 16:56:54,2023-01-22 17:05:23.133993,-509.133993
ingv,ECPN,sim2,template2,2694143,2023-01-22 16:57:31,0.2728192282644742,2.408005217462214,1.3194722497788167,1.3194722497788167,2.408005217462214,clean,,,2023-01-22 16:57:31,2023-01-22 17:05:23.133993,-472.133993
ingv,ECPN,sim2,template3,2694271,2023-01-22 17:13:39,0.2083973653380588,2.300917450271358,1.3033044331899155,1.3033044331899155,2.300917450271358,clean,,,2023-01-22 17:13:39,2023-01-22 17:05:23.133993,495.866007
ingv,ECPN,sim4,template2,2703824,2023-01-22 23:49:00,0.2030238144861599,1.225643611045399,1.1515483584043995,1.1515483584043995,1.225643611045399,clean,,,2023-01-22 23:49:00,2023-01-22 23:41:50.160403,429.839597
ingv,ECPN,sim2,template4,2706593,2023-01-23 01:46:54,0.2147439254408915,-0.1593792902027184,0.9818181030572792,0.9818181030572792,-0.1593792902027184,clean,,,2023-01-23 01:46:54,2023-01-23 01:39:17.254603,456.745397
ingv,EC1,sim1,template2,2707472,2023-01-23 01:47:18,0.2875168826269927,1.2558938532937411,1.1555658336182122,1.1555658336182122,1.2558938532937411,clean,,,2023-01-23 01:47:18,2023-01-23 01:39:17.254603,480.745397
ingv,ECPN,sim4,template2,2706682,2023-01-23 01:48:23,0.3927214738676354,0.4859864940886744,1.0575461406790447,1.0575461406790447,0.4859864940886744,clean,,,2023-01-23 01:48:23,2023-01-23 01:39:17.254603,545.745397
ingv,EC1,sim2,template3,2707540,2023-01-23 01:48:26,0.2137801890160123,1.584067008942194,1.2000610782672372,1.2000610782672372,1.584067008942194,clean,,,2023-01-23 01:48:26,2023-01-23 01:39:17.254603,548.745397
ingv,EC1,sim3,template1,2707582,2023-01-23 01:49:08,0.3059562653964998,1.574636943281352,1.1987589072351097,1.1987589072351097,1.574636943281352,clean,,,2023-01-23 01:49:08,2023-01-23 01:39:17.254603,590.745397
ingv,EC1,sim4,template2,2708934,2023-01-23 02:11:40,0.2341966198796118,1.332078138284125,1.165745927447273,1.165745927447273,1.332078138284125,clean,,,2023-01-23 02:11:40,2023-01-23 02:19:48.522164,-488.522164
ingv,EC1,sim1,template3,2709044,2023-01-23 02:27:30,0.2323641695125012,1.3256502877792389,1.164883555379561,1.164883555379561,1.3256502877792389,clean,,,2023-01-23 02:27:30,2023-01-23 02:19:48.522164,461.477836
ingv,EC1,sim3,template2,2709948,2023-01-23 03:02:34,0.250394208674177,0.5987307784483218,1.0713627414206104,1.0713627414206104,0.5987307784483218,clean,,,2023-01-23 03:02:34,2023-01-23 03:10:41.990156,-487.990156
ingv,ECPN,sim4,template2,2709120,2023-01-23 03:03:01,0.2704954485386495,1.540256277318436,1.1940233336228974,1.1940233336228974,1.540256277318436,clean,,,2023-01-23 03:03:01,2023-01-23 03:10:41.990156,-460.990156
ingv,ECPN,sim2,template3,2710343,2023-01-23 04:34:26,0.4256522872811273,1.0695833169381277,1.1310431291671177,1.1310431291671177,1.0695833169381277,clean,,,2023-01-23 04:34:26,2023-01-23 04:43:52.669881,-566.669881
ingv,ECPN,sim4,template4,2710482,2023-01-23 04:36:45,0.2315109805199214,-1.0649151270923716,0.8846148867937892,0.8846148867937892,-1.0649151270923716,clean,,,2023-01-23 04:36:45,2023-01-23 04:43:52.669881,-427.669881
ingv,ECPN,sim1,template1,2711126,2023-01-23 05:51:43,0.4180678660692384,-0.3481132457810996,0.960714482705834,0.960714482705834,-0.3481132457810996,clean,,,2023-01-23 05:51:43,2023-01-23 05:59:41.017187,-478.017187
ingv,EC1,sim1,template3,2712934,2023-01-23 06:51:39,0.2419395473034677,-0.866704481661354,0.9050337519771936,0.9050337519771936,-0.866704481661354,clean,,,2023-01-23 06:51:39,2023-01-23 06:59:00.574465,-441.574465
ingv,ECPN,sim4,template2,2712096,2023-01-23 06:51:56,0.4023941309620782,-0.8276831786007879,0.9091087568714872,0.9091087568714872,-0.8276831786007879,clean,,,2023-01-23 06:51:56,2023-01-23 06:59:00.574465,-424.574465
ingv,ECPN,sim3,template2,2712165,2023-01-23 07:10:00,0.4748058605177664,-1.009903878819943,0.8902352896197359,0.8902352896197359,-1.009903878819943,clean,,,2023-01-23 07:10:00,2023-01-23 07:01:55.933384,484.066616
ingv,ECPN,sim1,template3,2712263,2023-01-23 07:11:38,0.4606899266704227,-1.0375202827140642,0.8874093205926296,0.8874093205926296,-1.0375202827140642,clean,,,2023-01-23 07:11:38,2023-01-23 07:01:55.933384,582.066616
ingv,EC1,sim1,template1,2720518,2023-01-23 10:22:31,0.2929383936057362,-1.1051450644487972,0.8805271405065869,0.8805271405065869,-1.1051450644487972,clean,,,2023-01-23 10:22:31,2023-01-23 10:32:15.695940,-584.69594
ingv,ECPN,sim4,template1,2721477,2023-01-23 12:03:57,0.2605991010319573,-0.0500669559993954,0.9942524096349538,0.9942524096349538,-0.0500669559993954,clean,,,2023-01-23 12:03:57,2023-01-23 12:13:27.762446,-570.762446
ingv,ECPN,sim2,template1,2721550,2023-01-23 12:05:10,0.3037081119292071,-0.0629756131428629,0.9927758848726126,0.9927758848726126,-0.0629756131428629,clean,,,2023-01-23 12:05:10,2023-01-23 12:13:27.762446,-497.762446
ingv,ECPN,sim1,template3,2721594,2023-01-23 12:05:54,0.3352413792133404,-0.080944247640818,0.9907242368843818,0.9907242368843818,-0.080944247640818,clean,,,2023-01-23 12:05:54,2023-01-23 12:13:27.762446,-453.762446
ingv,EC1,sim4,template2,2728882,2023-01-23 17:21:05,0.2523695916117937,1.777812920699696,1.2271302047834567,1.2271302047834567,1.777812920699696,clean,,,2023-01-23 17:21:05,2023-01-23 17:30:24.443475,-559.443475
ingv,EC1,sim4,template3,2728968,2023-01-23 17:22:31,0.3320862718071667,1.6479132986350042,1.2089147179313404,1.2089147179313404,1.6479132986350042,clean,,,2023-01-23 17:22:31,2023-01-23 17:30:24.443475,-473.443475
ingv,ECPN,sim2,template1,2735353,2023-01-23 21:18:22,0.2665809277177052,-1.6599946855293104,0.8260384549895196,0.8260384549895196,-1.6599946855293104,clean,,,2023-01-23 21:18:22,2023-01-23 21:11:11.663935,430.336065
ingv,EC1,sim3,template1,2737119,2023-01-23 21:33:33,0.2593646211404753,-2.413219156302198,0.7574239650778729,0.7574239650778729,-2.413219156302198,clean,,,2023-01-23 21:33:33,2023-01-23 21:43:18.998235,-585.998235
ingv,ECPN,sim2,template2,2736329,2023-01-23 21:34:38,0.2672589818286741,-1.2975855971040224,0.8612331145113729,0.8612331145113729,-1.2975855971040224,clean,,,2023-01-23 21:34:38,2023-01-23 21:43:18.998235,-520.998235
ingv,EC1,sim4,template3,2737227,2023-01-23 21:35:21,0.2182623359410018,-2.382141746801,0.7601388205380313,0.7601388205380313,-2.382141746801,clean,,,2023-01-23 21:35:21,2023-01-23 21:43:18.998235,-477.998235
ingv,ECPN,sim1,template4,2736513,2023-01-23 21:51:42,0.2267686118453719,-1.65553622746405,0.8264625685035798,0.8264625685035798,-1.65553622746405,clean,,,2023-01-23 21:51:42,2023-01-23 21:43:18.998235,503.001765
ingv,ECPN,sim1,template3,2736513,2023-01-23 21:51:42,0.4600137085265758,-1.4471797247350011,0.8465273884054568,0.8465273884054568,-1.4471797247350011,clean,,,2023-01-23 21:51:42,2023-01-23 21:43:18.998235,503.001765
ingv,ECPN,sim1,template2,2736575,2023-01-23 21:52:44,0.32375425563661,-1.4014311655510794,0.8509978085723007,0.8509978085723007,-1.4014311655510794,clean,,,2023-01-23 21:52:44,2023-01-23 21:43:18.998235,565.001765
ingv,EC1,sim2,template2,2738887,2023-01-23 23:36:42,0.2300491737734621,-0.5963980105617473,0.9336413963489308,0.9336413963489308,-0.5963980105617473,clean,,,2023-01-23 23:36:42,2023-01-23 23:45:11.300633,-509.300633
ingv,EC1,sim3,template2,2738983,2023-01-23 23:52:18,0.2709795279369066,-0.4401924271667844,0.9505837341944896,0.9505837341944896,-0.4401924271667844,clean,,,2023-01-23 23:52:18,2023-01-23 23:45:11.300633,426.699367
ingv,ECPN,sim1,template3,2738256,2023-01-23 23:54:26,0.2796820694525797,-2.1777976262320315,0.7782338531722602,0.7782338531722602,-2.1777976262320315,clean,,,2023-01-23 23:54:26,2023-01-23 23:45:11.300633,554.699367
ingv,EC1,sim2,template1,2739131,2023-01-23 23:54:46,0.2804361656026882,-0.6089712218217984,0.932290886633066,0.932290886633066,-0.6089712218217984,clean,,,2023-01-23 23:54:46,2023-01-23 23:45:11.300633,574.699367
ingv,ECPN,sim4,template3,2742133,2023-01-24 00:59:03,0.3501587135364275,-0.5032366626560119,0.9437091521138488,0.9437091521138488,-0.5032366626560119,clean,,,2023-01-24 00:59:03,2023-01-24 01:08:34.057093,-571.057093
ingv,ECPN,sim3,template2,2742245,2023-01-24 01:00:55,0.216530029631096,-0.2683372083398054,0.9695788637998848,0.9695788637998848,-0.2683372083398054,clean,,,2023-01-24 01:00:55,2023-01-24 01:08:34.057093,-459.057093
ingv,ECPN,sim3,template3,2742281,2023-01-24 01:01:31,0.2828372402919775,-0.2691706329446137,0.9694858356647744,0.9694858356647744,-0.2691706329446137,clean,,,2023-01-24 01:01:31,2023-01-24 01:08:34.057093,-423.057093
ingv,EC1,sim4,template2,2743160,2023-01-24 01:15:55,0.2058994401906723,-0.8205953511789896,0.9098509071869916,0.9098509071869916,-0.8205953511789896,clean,,,2023-01-24 01:15:55,2023-01-24 01:08:34.057093,440.942907
ingv,EC1,sim3,template3,2743194,2023-01-24 01:16:29,0.2457555757076736,-0.8581504215393072,0.9059254886683404,0.9059254886683404,-0.8581504215393072,clean,,,2023-01-24 01:16:29,2023-01-24 01:08:34.057093,474.942907
ingv,ECPN,sim1,template3,2742385,2023-01-24 01:17:15,0.3459041911149804,-0.4673811121952569,0.947612856757408,0.947612856757408,-0.4673811121952569,clean,,,2023-01-24 01:17:15,2023-01-24 01:08:34.057093,520.942907
ingv,EC1,sim4,template3,2743287,2023-01-24 01:18:02,0.2367767764138775,-0.4074737779155568,0.9541712156165564,0.9541712156165564,-0.4074737779155568,clean,,,2023-01-24 01:18:02,2023-01-24 01:08:34.057093,567.942907
ingv,ECPN,sim1,template3,2745402,2023-01-24 06:25:50,0.3530113687612825,-1.936464634338164,0.8001598730183648,0.8001598730183648,-1.936464634338164,clean,,,2023-01-24 06:25:50,2023-01-24 06:16:40.078764,549.921236
ingv,EC1,sim2,template2,2752738,2023-01-24 08:39:16,0.2536305042593228,-0.433626662720486,0.95130256308579,0.95130256308579,-0.433626662720486,clean,,,2023-01-24 08:39:16,2023-01-24 08:48:59.148323,-583.148323
ingv,ECPN,sim1,template1,2751958,2023-01-24 08:40:31,0.2259515797030427,2.2856146988723096,1.3010103002753075,1.3010103002753075,2.2856146988723096,clean,,,2023-01-24 08:40:31,2023-01-24 08:48:59.148323,-508.148323
ingv,ECPN,sim3,template2,2752056,2023-01-24 08:56:09,0.2203512964993122,2.3112156858728303,1.30485058406367,1.30485058406367,2.3112156858728303,clean,,,2023-01-24 08:56:09,2023-01-24 08:48:59.148323,429.851677
ingv,ECPN,sim3,template1,2752067,2023-01-24 08:56:20,0.3203849256880812,2.3105082363342704,1.3047443107410706,1.3047443107410706,2.3105082363342704,clean,,,2023-01-24 08:56:20,2023-01-24 08:48:59.148323,440.851677
ingv,EC1,sim1,template1,2752924,2023-01-24 08:56:22,0.4148335826724835,-0.1390898729298453,0.9841142180620994,0.9841142180620994,-0.1390898729298453,clean,,,2023-01-24 08:56:22,2023-01-24 08:48:59.148323,442.851677
ingv,ECPN,sim2,template2,2752209,2023-01-24 08:58:42,0.2837899638929031,1.952271456012624,1.252026649011858,1.252026649011858,1.952271456012624,clean,,,2023-01-24 08:58:42,2023-01-24 09:07:41.497609,-539.497609
ingv,ECPN,sim4,template1,2752733,2023-01-24 09:38:31,0.3085512809939695,1.7120138182747804,1.2178693223830142,1.2178693223830142,1.7120138182747804,clean,,,2023-01-24 09:38:31,2023-01-24 09:46:05.355500,-454.3555
ingv,ECPN,sim1,template2,2752756,2023-01-24 09:38:54,0.3208528444108693,1.7304816121460296,1.220461490586633,1.220461490586633,1.7304816121460296,clean,,,2023-01-24 09:38:54,2023-01-24 09:46:05.355500,-431.3555
ingv,ECPN,sim2,template1,2753920,2023-01-24 10:26:42,0.2653688428514182,0.9308639833330724,1.1131231093806109,1.1131231093806109,0.9308639833330724,clean,,,2023-01-24 10:26:42,2023-01-24 10:36:41.789876,-599.789876
ingv,ECPN,sim3,template4,2753996,2023-01-24 10:27:58,0.2033913251923945,0.8665558883367332,1.1049122648995091,1.1049122648995091,0.8665558883367332,clean,,,2023-01-24 10:27:58,2023-01-24 10:36:41.789876,-523.789876
ingv,ECPN,sim4,template1,2756617,2023-01-24 12:56:33,0.423664819748064,-0.6347710854400214,0.9295257938720404,0.9295257938720404,-0.6347710854400214,clean,,,2023-01-24 12:56:33,2023-01-24 12:49:02.551855,450.448145
ingv,EC1,sim1,template3,2757554,2023-01-24 12:57:55,0.4307064882274221,-1.533165735522533,0.8381885294003314,0.8381885294003314,-1.533165735522533,clean,,,2023-01-24 12:57:55,2023-01-24 12:49:02.551855,532.448145
ingv,ECPN,sim2,template3,2756728,2023-01-24 12:58:24,0.2859350552460722,-0.3240615595348892,0.9633784383629044,0.9633784383629044,-0.3240615595348892,clean,,,2023-01-24 12:58:24,2023-01-24 12:49:02.551855,561.448145
ingv,EC1,sim2,template2,2757620,2023-01-24 12:59:01,0.3459171827726902,-2.097393436242191,0.7854713127007956,0.7854713127007956,-2.097393436242191,clean,,,2023-01-24 12:59:01,2023-01-24 12:49:02.551855,598.448145
ingv,ECPN,sim2,template3,2758166,2023-01-24 13:22:22,0.2381229596304119,0.1265285812145481,1.0146737591260049,1.0146737591260049,0.1265285812145481,clean,,,2023-01-24 13:22:22,2023-01-24 13:32:00.637573,-578.637573
ingv,ECPN,sim4,template1,2758175,2023-01-24 13:22:31,0.2846993460012517,0.1277904965519954,1.0148211850604545,1.0148211850604545,0.1277904965519954,clean,,,2023-01-24 13:22:31,2023-01-24 13:32:00.637573,-569.637573
ingv,EC1,sim3,template1,2759032,2023-01-24 13:22:33,0.206494253546992,-2.438343845990914,0.7552362161688541,0.7552362161688541,-2.438343845990914,clean,,,2023-01-24 13:22:33,2023-01-24 13:32:00.637573,-567.637573
ingv,EC1,sim4,template1,2759116,2023-01-24 13:23:57,0.2211195799957484,-2.484861540771006,0.7512023242099406,0.7512023242099406,-2.484861540771006,clean,,,2023-01-24 13:23:57,2023-01-24 13:32:00.637573,-483.637573
ingv,ECPN,sim3,template4,2766109,2023-01-24 17:14:34,0.2250252677859107,0.2216491168425504,1.0258466766471253,1.0258466766471253,0.2216491168425504,clean,,,2023-01-24 17:14:34,2023-01-24 17:22:48.385711,-494.385711
ingv,EC1,sim4,template2,2766971,2023-01-24 17:14:41,0.318781941049379,2.474703768149374,1.3296434190452946,1.3296434190452946,2.474703768149374,clean,,,2023-01-24 17:14:41,2023-01-24 17:22:48.385711,-487.385711
ingv,ECPN,sim3,template3,2766119,2023-01-24 17:14:44,0.2206358422963621,2.676192763261694,1.3608480589073213,1.3608480589073213,2.676192763261694,clean,,,2023-01-24 17:14:44,2023-01-24 17:22:48.385711,-484.385711
ingv,EC1,sim3,template2,2767023,2023-01-24 17:15:33,0.3447000331603303,2.4029396395529514,1.3187029629091784,1.3187029629091784,2.4029396395529514,clean,,,2023-01-24 17:15:33,2023-01-24 17:22:48.385711,-435.385711
ingv,EC1,sim2,template3,2767041,2023-01-24 17:29:51,0.2398233400803689,2.3790753901558874,1.3150848344309345,1.3150848344309345,2.3790753901558874,clean,,,2023-01-24 17:29:51,2023-01-24 17:22:48.385711,422.614289
ingv,EC1,sim1,template3,2767077,2023-01-24 17:30:27,0.2635503190439393,2.3758993063491936,1.3146040482057029,1.3146040482057029,2.3758993063491936,clean,,,2023-01-24 17:30:27,2023-01-24 17:22:48.385711,458.614289
ingv,EC1,sim3,template1,2767101,2023-01-24 17:30:51,0.2620778556982883,2.3633032167866648,1.3126990194563493,1.3126990194563493,2.3633032167866648,clean,,,2023-01-24 17:30:51,2023-01-24 17:22:48.385711,482.614289
ingv,EC1,sim4,template3,2767189,2023-01-24 17:32:19,0.4069941522193926,2.359809577053809,1.3121711316456606,1.3121711316456606,2.359809577053809,clean,,,2023-01-24 17:32:19,2023-01-24 17:22:48.385711,570.614289
ingv,EC1,sim1,template2,2769606,2023-01-24 21:13:57,0.3829198767443373,2.2126262477552334,1.2901235780488336,1.2901235780488336,2.2126262477552334,clean,,,2023-01-24 21:13:57,2023-01-24 21:21:50.714427,-473.714427
ingv,ECPN,sim1,template2,2768777,2023-01-24 21:14:23,0.2637737133162582,1.7038526253009347,1.2167255594519868,1.2167255594519868,1.7038526253009347,clean,,,2023-01-24 21:14:23,2023-01-24 21:21:50.714427,-447.714427
ingv,EC1,sim1,template4,2771126,2023-01-24 22:46:00,0.2707719538652358,0.7227673953149423,1.0867718228339265,1.0867718228339265,0.7227673953149423,clean,,,2023-01-24 22:46:00,2023-01-24 22:55:13.023522,-553.023522
ingv,EC1,sim2,template2,2771195,2023-01-24 22:47:09,0.2715302835224392,-0.0695369243773144,0.9920262262703629,0.9920262262703629,-0.0695369243773144,clean,,,2023-01-24 22:47:09,2023-01-24 22:55:13.023522,-484.023522
ingv,ECPN,sim3,template4,2770756,2023-01-24 23:34:51,0.4247553148219594,0.0645799550124777,1.0074627506401608,1.0074627506401608,0.0645799550124777,clean,,,2023-01-24 23:34:51,2023-01-24 23:25:56.089963,534.910037
ingv,ECPN,sim3,template3,2770758,2023-01-24 23:34:53,0.3967147675382574,0.4376183416835764,1.0516734669483114,1.0516734669483114,0.4376183416835764,clean,,,2023-01-24 23:34:53,2023-01-24 23:25:56.089963,536.910037
ingv,EC1,sim3,template2,2771619,2023-01-24 23:34:59,0.205962441041553,0.6045327422070738,1.0720786248350804,1.0720786248350804,0.6045327422070738,clean,,,2023-01-24 23:34:59,2023-01-24 23:25:56.089963,542.910037
ingv,ECPN,sim4,template1,2771643,2023-01-24 23:49:38,0.4013858164547397,-1.0462437819653074,0.8865185162248388,0.8865185162248388,-1.0462437819653074,clean,,,2023-01-24 23:49:38,2023-01-24 23:57:52.964197,-494.964197
ingv,ECPN,sim1,template2,2771672,2023-01-24 23:50:07,0.3017284603056233,-1.2328347702686069,0.867677351568868,0.867677351568868,-1.2328347702686069,clean,,,2023-01-24 23:50:07,2023-01-24 23:57:52.964197,-465.964197
ingv,EC1,sim4,template2,2772628,2023-01-25 00:05:48,0.2279055355885212,-1.2356074235979022,0.8674004214371531,0.8674004214371531,-1.2356074235979022,clean,,,2023-01-25 00:05:48,2023-01-24 23:57:52.964197,475.035803
ingv,ECPN,sim4,template2,2771778,2023-01-25 00:05:53,0.4707461703471809,-1.6269079889745222,0.8291910399339678,0.8291910399339678,-1.6269079889745222,clean,,,2023-01-25 00:05:53,2023-01-24 23:57:52.964197,480.035803
ingv,EC1,sim3,template2,2772737,2023-01-25 00:43:53,0.2355988902412052,-0.7734244977118994,0.914805517069429,0.914805517069429,-0.7734244977118994,clean,,,2023-01-25 00:43:53,2023-01-25 00:36:19.673979,453.326021
ingv,ECPN,sim4,template4,2771893,2023-01-25 00:44:04,0.3462676808851617,-0.9692596239611464,0.8944107673104849,0.8944107673104849,-0.9692596239611464,clean,,,2023-01-25 00:44:04,2023-01-25 00:36:19.673979,464.326021
ingv,ECPN,sim3,template4,2771928,2023-01-25 00:44:39,0.3649019127404549,-0.9746968546684188,0.8938510553994008,0.8938510553994008,-0.9746968546684188,clean,,,2023-01-25 00:44:39,2023-01-25 00:36:19.673979,499.326021
ingv,ECPN,sim1,template3,2773076,2023-01-25 01:48:02,0.3640070751936329,-2.130878408457197,0.7824490715908686,0.7824490715908686,-2.130878408457197,clean,,,2023-01-25 01:48:02,2023-01-25 01:41:01.371368,420.628632
ingv,ECPN,sim2,template1,2773171,2023-01-25 01:49:37,0.3382535100047034,-2.166736344745112,0.7792255474732837,0.7792255474732837,-2.166736344745112,clean,,,2023-01-25 01:49:37,2023-01-25 01:41:01.371368,515.628632
ingv,ECPN,sim4,template3,2773252,2023-01-25 01:50:58,0.3949807542193011,-2.204965087181848,0.7758035197818693,0.7758035197818693,-2.204965087181848,clean,,,2023-01-25 01:50:58,2023-01-25 01:41:01.371368,596.628632
ingv,EC1,sim1,template3,2774218,2023-01-25 02:16:45,0.2720983017302115,-1.717800583289626,0.8205592977585069,0.8205592977585069,-1.717800583289626,clean,,,2023-01-25 02:16:45,2023-01-25 02:09:17.014291,447.985709
ingv,ECPN,sim3,template1,2773475,2023-01-25 02:18:37,0.2835021735241097,-2.220295192357702,0.7744354779517219,0.7744354779517219,-2.220295192357702,clean,,,2023-01-25 02:18:37,2023-01-25 02:09:17.014291,559.985709
ingv,ECPN,sim4,template4,2776605,2023-01-25 03:56:03,0.2850284999077492,0.6544571993929287,1.0782584244221822,1.0782584244221822,0.6544571993929287,clean,,,2023-01-25 03:56:03,2023-01-25 04:04:48.635331,-525.635331
ingv,EC1,sim1,template2,2777481,2023-01-25 03:56:24,0.4195951613039492,1.381293782667815,1.1723699796710352,1.1723699796710352,1.381293782667815,clean,,,2023-01-25 03:56:24,2023-01-25 04:04:48.635331,-504.635331
ingv,EC1,sim3,template1,2778792,2023-01-25 04:49:22,0.3190871106203483,-2.5071829890628887,0.7492743240349433,0.7492743240349433,-2.5071829890628887,clean,,,2023-01-25 04:49:22,2023-01-25 04:58:42.999146,-560.999146
ingv,ECPN,sim1,template3,2779515,2023-01-25 06:52:04,0.2614161916497556,0.3648736537345871,1.042902437938813,1.042902437938813,0.3648736537345871,clean,,,2023-01-25 06:52:04,2023-01-25 06:45:00.172365,423.827635
ingv,EC1,sim3,template1,2780461,2023-01-25 06:53:35,0.3211458279856409,-0.3881240916454271,0.9562992065045796,0.9562992065045796,-0.3881240916454271,clean,,,2023-01-25 06:53:35,2023-01-25 06:45:00.172365,514.827635
ingv,EC1,sim1,template3,2780511,2023-01-25 06:54:25,0.4581612968814304,-0.4999885218315932,0.944062123837681,0.944062123837681,-0.4999885218315932,clean,,,2023-01-25 06:54:25,2023-01-25 06:45:00.172365,564.827635
ingv,ECPN,sim1,template1,2780034,2023-01-25 07:00:43,0.214857014214177,1.038587439069136,1.1270141582416149,1.1270141582416149,1.038587439069136,clean,,,2023-01-25 07:00:43,2023-01-25 07:09:14.742574,-511.742574
ingv,EC1,sim4,template1,2780944,2023-01-25 07:01:38,0.2900596476644293,-1.5969911651478037,0.83205194807026,0.83205194807026,-1.5969911651478037,clean,,,2023-01-25 07:01:38,2023-01-25 07:09:14.742574,-456.742574
ingv,EC1,sim2,template1,2780978,2023-01-25 07:02:12,0.3084017188042136,-1.6770382921641391,0.8244191768964396,0.8244191768964396,-1.6770382921641391,clean,,,2023-01-25 07:02:12,2023-01-25 07:09:14.742574,-422.742574
ingv,ECPN,sim2,template2,2782087,2023-01-25 08:52:21,0.4074489274891581,2.597290751390961,1.3485421881028947,1.3485421881028947,2.597290751390961,clean,,,2023-01-25 08:52:21,2023-01-25 08:44:59.570076,441.429924
ingv,ECPN,sim3,template1,2782217,2023-01-25 08:54:31,0.2884999854605346,2.452328056918029,1.3262225341820055,1.3262225341820055,2.452328056918029,clean,,,2023-01-25 08:54:31,2023-01-25 08:44:59.570076,571.429924
ingv,EC1,sim4,template3,2783084,2023-01-25 08:54:43,0.2160937088072754,0.4502921949289652,1.0532091166826647,1.0532091166826647,0.4502921949289652,clean,,,2023-01-25 08:54:43,2023-01-25 08:44:59.570076,583.429924
ingv,EC1,sim4,template1,2783644,2023-01-25 09:04:03,0.2314804283006868,-0.0941132060957222,0.9892233058902292,0.9892233058902292,-0.0941132060957222,clean,,,2023-01-25 09:04:03,2023-01-25 09:13:17.513747,-554.513747
ingv,EC1,sim2,template3,2783685,2023-01-25 09:04:44,0.3327970990914989,-0.031871860857473,0.996337340376348,0.996337340376348,-0.031871860857473,clean,,,2023-01-25 09:04:44,2023-01-25 09:13:17.513747,-513.513747
ingv,ECPN,sim2,template4,2782920,2023-01-25 09:06:14,0.2032770766018116,0.1750563599673163,1.0203585735797178,1.0203585735797178,0.1750563599673163,clean,,,2023-01-25 09:06:14,2023-01-25 09:13:17.513747,-423.513747
ingv,ECPN,sim2,template3,2782938,2023-01-25 09:20:32,0.4699689432287072,0.343019519854191,1.040281741393455,1.040281741393455,0.343019519854191,clean,,,2023-01-25 09:20:32,2023-01-25 09:13:17.513747,434.486253
ingv,ECPN,sim1,template3,2782983,2023-01-25 09:21:17,0.3032581027910753,0.320619061588874,1.0376023652815365,1.0376023652815365,0.320619061588874,clean,,,2023-01-25 09:21:17,2023-01-25 09:13:17.513747,479.486253
ingv,EC1,sim1,template3,2785579,2023-01-25 10:10:18,0.207608593989587,3.8182011622185295,1.5520655456774732,1.5520655456774732,3.8182011622185295,clean,,,2023-01-25 10:10:18,2023-01-25 10:18:55.913261,-517.913261
ingv,ECPN,sim1,template2,2784873,2023-01-25 10:41:34,0.3319301115978192,1.1063006954079586,1.1358344448153126,1.1358344448153126,1.1063006954079586,clean,,,2023-01-25 10:41:34,2023-01-25 10:33:20.659966,493.340034
ingv,ECPN,sim3,template2,2785684,2023-01-25 10:55:05,0.4096727050897284,1.4086692360473387,1.176070785238219,1.176070785238219,1.4086692360473387,clean,,,2023-01-25 10:55:05,2023-01-25 11:02:09.188267,-424.188267
ingv,EC1,sim2,template1,2786555,2023-01-25 11:09:21,0.2215873198713797,3.224796043503772,1.4495720354263215,1.4495720354263215,3.224796043503772,clean,,,2023-01-25 11:09:21,2023-01-25 11:02:09.188267,431.811733
ingv,EC1,sim4,template2,2786628,2023-01-25 11:10:34,0.2951261127198016,3.298535792433917,1.4619307114541438,1.4619307114541438,3.298535792433917,clean,,,2023-01-25 11:10:34,2023-01-25 11:02:09.188267,504.811733
ingv,ECPN,sim2,template2,2785797,2023-01-25 11:10:58,0.3384201977050281,1.445792496348027,1.181108037232157,1.181108037232157,1.445792496348027,clean,,,2023-01-25 11:10:58,2023-01-25 11:02:09.188267,528.811733
ingv,ECPN,sim4,template1,2785848,2023-01-25 11:11:49,0.4563520604596295,1.4688112582179167,1.1842422817444584,1.1842422817444584,1.4688112582179167,clean,,,2023-01-25 11:11:49,2023-01-25 11:02:09.188267,579.811733
ingv,ECPN,sim4,template1,2786946,2023-01-25 11:50:07,0.2802706382546559,1.4187427194974611,1.1774355276666506,1.1774355276666506,1.4187427194974611,clean,,,2023-01-25 11:50:07,2023-01-25 11:57:59.659147,-472.659147
ingv,ECPN,sim2,template1,2787148,2023-01-25 12:20:20,0.249205051971378,1.4160633861202452,1.1770723805488394,1.1770723805488394,1.4160633861202452,clean,,,2023-01-25 12:20:20,2023-01-25 12:10:50.428292,569.571708
ingv,EC1,sim3,template1,2790103,2023-01-25 14:23:17,0.2135956824759715,-0.6063519522296935,0.9325720655905894,0.9325720655905894,-0.6063519522296935,clean,,,2023-01-25 14:23:17,2023-01-25 14:32:18.453527,-541.453527
ingv,EC1,sim1,template2,2793328,2023-01-25 17:46:01,0.2259804255790086,-2.8449381791181065,0.720697625272471,0.720697625272471,-2.8449381791181065,clean,,,2023-01-25 17:46:01,2023-01-25 17:55:33.283050,-572.28305
ingv,EC1,sim1,template1,2793360,2023-01-25 17:46:33,0.3593986694427309,-2.8181537912255363,0.7229234465601632,0.7229234465601632,-2.8181537912255363,clean,,,2023-01-25 17:46:33,2023-01-25 17:55:33.283050,-540.28305
ingv,ECPN,sim3,template2,2795124,2023-01-25 18:44:12,0.2784645298981377,-1.096563991328624,0.881397471775491,0.881397471775491,-1.096563991328624,clean,,,2023-01-25 18:44:12,2023-01-25 18:54:08.337163,-596.337163
ingv,EC1,sim2,template1,2796090,2023-01-25 18:46:03,0.4041363599722674,-2.923846372685794,0.71417999569831,0.71417999569831,-2.923846372685794,clean,,,2023-01-25 18:46:03,2023-01-25 18:54:08.337163,-485.337163
ingv,ECPN,sim1,template3,2796875,2023-01-25 20:33:43,0.240906521663481,0.0406133305902883,1.004686731008262,1.004686731008262,0.0406133305902883,clean,,,2023-01-25 20:33:43,2023-01-25 20:42:50.818869,-547.818869
ingv,ECPN,sim4,template1,2796899,2023-01-25 20:34:07,0.2355366654503101,-0.0626353007578062,0.9928147825056608,0.9928147825056608,-0.0626353007578062,clean,,,2023-01-25 20:34:07,2023-01-25 20:42:50.818869,-523.818869
ingv,EC1,sim2,template3,2797809,2023-01-25 20:35:02,0.3782724784143149,-1.915528826026116,0.8020908437670214,0.8020908437670214,-1.915528826026116,clean,,,2023-01-25 20:35:02,2023-01-25 20:42:50.818869,-468.818869
ingv,EC1,sim3,template1,2797829,2023-01-25 20:35:22,0.3863717507048374,-1.9448481139912452,0.7993879442869243,0.7993879442869243,-1.9448481139912452,clean,,,2023-01-25 20:35:22,2023-01-25 20:42:50.818869,-448.818869
ingv,EC1,sim3,template3,2801514,2023-01-26 00:57:20,0.2091042765323146,-0.9102999593266768,0.9005026641702841,0.9005026641702841,-0.9102999593266768,clean,,,2023-01-26 00:57:20,2023-01-26 01:06:14.166982,-534.166982
ingv,ECPN,sim3,template3,2800668,2023-01-26 00:57:29,0.4131433032011218,1.0523135330939428,1.1287965584819162,1.1287965584819162,1.0523135330939428,clean,,,2023-01-26 00:57:29,2023-01-26 01:06:14.166982,-525.166982
ingv,EC1,sim3,template2,2801742,2023-01-26 01:15:08,0.2352682593979997,-0.4876619813896078,0.9454028363787932,0.9454028363787932,-0.4876619813896078,clean,,,2023-01-26 01:15:08,2023-01-26 01:06:14.166982,533.833018
ingv,ECPN,sim2,template3,2802163,2023-01-26 01:36:24,0.4585401402602687,0.6006760272917736,1.0716027053859172,1.0716027053859172,0.6006760272917736,clean,,,2023-01-26 01:36:24,2023-01-26 01:44:04.662083,-460.662083
ingv,EC1,sim3,template1,2803029,2023-01-26 01:36:35,0.3464158550062358,1.3296149918914244,1.1654153918432533,1.1654153918432533,1.3296149918914244,clean,,,2023-01-26 01:36:35,2023-01-26 01:44:04.662083,-449.662083
ingv,EC1,sim1,template3,2804105,2023-01-26 05:32:38,0.332355220730088,1.295201360973143,1.1608071328155336,1.1608071328155336,1.295201360973143,clean,,,2023-01-26 05:32:38,2023-01-26 05:24:07.425892,510.574108
ingv,ECPN,sim2,template1,2803296,2023-01-26 05:33:24,0.4686820638708056,0.2701889375967233,1.031595518713598,1.031595518713598,0.2701889375967233,clean,,,2023-01-26 05:33:24,2023-01-26 05:24:07.425892,556.574108
ingv,ECPN,sim3,template1,2803329,2023-01-26 05:33:57,0.3906903196950658,0.2746452559115253,1.0321249172759226,1.0321249172759226,0.2746452559115253,clean,,,2023-01-26 05:33:57,2023-01-26 05:24:07.425892,589.574108
ingv,ECPN,sim1,template1,2804620,2023-01-26 05:55:28,0.2397459424051218,-0.2469672518078449,0.9719672625203468,0.9719672625203468,-0.2469672518078449,clean,,,2023-01-26 05:55:28,2023-01-26 06:02:31.058718,-423.058718
ingv,ECPN,sim1,template2,2804707,2023-01-26 06:18:39,0.4350548398149534,-0.3192564945212612,0.9639115301789803,0.9639115301789803,-0.3192564945212612,clean,,,2023-01-26 06:18:39,2023-01-26 06:10:15.430294,503.569706
ingv,EC1,sim1,template2,2805595,2023-01-26 06:19:12,0.2923690918174611,1.3303033705250191,1.1655077576088029,1.1655077576088029,1.3303033705250191,clean,,,2023-01-26 06:19:12,2023-01-26 06:10:15.430294,536.569706
ingv,ECPN,sim1,template3,2804790,2023-01-26 06:20:02,0.3146959263650575,-0.2132538552251563,0.9757471854709088,0.9757471854709088,-0.2132538552251563,clean,,,2023-01-26 06:20:02,2023-01-26 06:10:15.430294,586.569706
ingv,EC1,sim4,template1,2811176,2023-01-26 08:52:13,0.2387509729050888,-0.1487581327110506,0.9830194104043244,0.9830194104043244,-0.1487581327110506,clean,,,2023-01-26 08:52:13,2023-01-26 08:59:51.877286,-458.877286
ingv,ECPN,sim1,template1,2810378,2023-01-26 09:07:10,0.37507304846653,-1.3960122692692831,0.8515288891914062,0.8515288891914062,-1.3960122692692831,clean,,,2023-01-26 09:07:10,2023-01-26 08:59:51.877286,438.122714
ingv,ECPN,sim4,template2,2810670,2023-01-26 09:42:50,0.2421823208206635,-1.0835984865299262,0.8827141240740747,0.8827141240740747,-1.0835984865299262,clean,,,2023-01-26 09:42:50,2023-01-26 09:34:05.908307,524.091693
ingv,EC1,sim3,template3,2814097,2023-01-26 11:20:38,0.2748596199758334,-1.6568416474018537,0.8263383671045057,0.8263383671045057,-1.6568416474018537,clean,,,2023-01-26 11:20:38,2023-01-26 11:30:20.242124,-582.242124
ingv,ECPN,sim3,template3,2813246,2023-01-26 11:20:42,0.4297955680353987,1.0475964822483546,1.128183708741708,1.128183708741708,1.0475964822483546,clean,,,2023-01-26 11:20:42,2023-01-26 11:30:20.242124,-578.242124
ingv,ECPN,sim1,template1,2813448,2023-01-26 12:32:37,0.3240205539769698,0.9004873226890373,1.109237047369822,1.109237047369822,0.9004873226890373,clean,,,2023-01-26 12:32:37,2023-01-26 12:22:57.052066,579.947934
ingv,ECPN,sim1,template4,2813452,2023-01-26 12:32:41,0.214353344679841,0.0703750628366018,1.0081351404103598,1.0081351404103598,0.0703750628366018,clean,,,2023-01-26 12:32:41,2023-01-26 12:22:57.052066,583.947934
ingv,EC1,sim3,template2,2814541,2023-01-26 13:27:44,0.2376686587934647,-1.8095865276183043,0.8119338983160395,0.8119338983160395,-1.8095865276183043,clean,,,2023-01-26 13:27:44,2023-01-26 13:37:20.412820,-576.41282
ingv,EC1,sim4,template3,2814606,2023-01-26 13:28:49,0.3157776120039967,-1.430470318229441,0.8481574556988452,0.8481574556988452,-1.430470318229441,clean,,,2023-01-26 13:28:49,2023-01-26 13:37:20.412820,-511.41282
ingv,ECPN,sim3,template1,2813775,2023-01-26 13:29:13,0.3408065824615086,0.704858127449859,1.0845333375676975,1.0845333375676975,0.704858127449859,clean,,,2023-01-26 13:29:13,2023-01-26 13:37:20.412820,-487.41282
ingv,ECPN,sim1,template2,2814338,2023-01-26 14:02:20,0.4053193809156661,0.8311263940486884,1.1004145387989854,1.1004145387989854,0.8311263940486884,clean,,,2023-01-26 14:02:20,2023-01-26 14:12:04.699772,-584.699772
ingv,ECPN,sim1,template3,2814405,2023-01-26 14:03:27,0.3824298261985908,0.7485284505134688,1.0899998107222355,1.0899998107222355,0.7485284505134688,clean,,,2023-01-26 14:03:27,2023-01-26 14:12:04.699772,-517.699772
ingv,EC1,sim4,template2,2816045,2023-01-26 14:45:53,0.2081015609455067,-0.3231422646404974,0.9634804055516198,0.9634804055516198,-0.3231422646404974,clean,,,2023-01-26 14:45:53,2023-01-26 14:53:38.951085,-465.951085
ingv,ECPN,sim4,template3,2815209,2023-01-26 14:46:12,0.3551206828176526,-0.6585803238641262,0.926981322623998,0.926981322623998,-0.6585803238641262,clean,,,2023-01-26 14:46:12,2023-01-26 14:53:38.951085,-446.951085
ingv,EC1,sim3,template4,2816074,2023-01-26 14:46:22,0.2279532086823308,0.1028100338756001,1.011906770460404,1.011906770460404,0.1028100338756001,clean,,,2023-01-26 14:46:22,2023-01-26 14:53:38.951085,-436.951085
ingv,ECPN,sim1,template1,2815260,2023-01-26 15:24:29,0.2071563133140283,-0.7025691862315736,0.9222985814942604,0.9222985814942604,-0.7025691862315736,clean,,,2023-01-26 15:24:29,2023-01-26 15:17:04.680248,444.319752
ingv,EC1,sim3,template1,2816263,2023-01-26 15:26:57,0.3090635989735609,-0.5508025854471209,0.9385553091558506,0.9385553091558506,-0.5508025854471209,clean,,,2023-01-26 15:26:57,2023-01-26 15:17:04.680248,592.319752
ingv,EC1,sim1,template1,2817915,2023-01-26 17:47:19,0.3351362710248353,-0.6103090256701356,0.9321473059126116,0.9321473059126116,-0.6103090256701356,clean,,,2023-01-26 17:47:19,2023-01-26 17:39:37.434494,461.565506
ingv,ECPN,sim1,template1,2817130,2023-01-26 17:48:29,0.2116379256954671,0.710264064363189,1.0852085411348973,1.0852085411348973,0.710264064363189,clean,,,2023-01-26 17:48:29,2023-01-26 17:39:37.434494,531.565506
ingv,ECPN,sim2,template3,2817771,2023-01-26 18:27:05,0.4521875597502075,0.7178221140536634,1.0861532491587946,1.0861532491587946,0.7178221140536634,clean,,,2023-01-26 18:27:05,2023-01-26 18:35:06.713417,-481.713417
ingv,EC1,sim2,template3,2824177,2023-01-26 21:05:16,0.3967158029242869,0.1684645686780168,1.0195845090360964,1.0195845090360964,0.1684645686780168,clean,,,2023-01-26 21:05:16,2023-01-26 21:14:29.947664,-553.947664
ingv,EC1,sim2,template2,2824255,2023-01-26 21:06:34,0.289036322557177,0.442627988142302,1.0522802017902757,1.0522802017902757,0.442627988142302,clean,,,2023-01-26 21:06:34,2023-01-26 21:14:29.947664,-475.947664
ingv,EC1,sim1,template3,2824260,2023-01-26 21:06:39,0.3237644351665931,0.4494484608978635,1.053106814529168,1.053106814529168,0.4494484608978635,clean,,,2023-01-26 21:06:39,2023-01-26 21:14:29.947664,-470.947664
ingv,ECPN,sim4,template3,2823542,2023-01-26 21:25:56,0.2181402906700358,1.1903103560422188,1.1468734996959948,1.1468734996959948,1.1903103560422188,clean,,,2023-01-26 21:25:56,2023-01-26 21:17:29.345197,506.654803
ingv,EC1,sim4,template3,2826349,2023-01-26 23:17:20,0.2344388443596635,1.6556659796701485,1.2099942290151309,1.2099942290151309,1.6556659796701485,clean,,,2023-01-26 23:17:20,2023-01-26 23:26:10.605679,-530.605679
ingv,EC1,sim1,template3,2828996,2023-01-27 02:51:48,0.2496746522129936,-0.392562669204949,0.9558106527650286,0.9558106527650286,-0.392562669204949,clean,,,2023-01-27 02:51:48,2023-01-27 02:42:06.069946,581.930054
ingv,EC1,sim2,template3,2831854,2023-01-27 03:39:26,0.2149058961802472,-0.2410459055825846,0.9726300981235472,0.9726300981235472,-0.2410459055825846,clean,,,2023-01-27 03:39:26,2023-01-27 03:48:24.509686,-538.509686
ingv,ECPN,sim4,template2,2831053,2023-01-27 03:40:20,0.2100645388832965,0.5167682134791354,1.061300602244271,1.061300602244271,0.5167682134791354,clean,,,2023-01-27 03:40:20,2023-01-27 03:48:24.509686,-484.509686
ingv,ECPN,sim4,template1,2831529,2023-01-27 04:08:16,0.4156337177707228,0.0840533556493578,1.009723973751822,1.009723973751822,0.0840533556493578,clean,,,2023-01-27 04:08:16,2023-01-27 04:17:41.080566,-565.080566
ingv,EC1,sim3,template3,2832389,2023-01-27 04:08:21,0.285660146682284,-0.4867980574229993,0.9454968735842272,0.9454968735842272,-0.4867980574229993,clean,,,2023-01-27 04:08:21,2023-01-27 04:17:41.080566,-560.080566
ingv,EC1,sim2,template2,2832422,2023-01-27 04:08:54,0.2556505692092029,-0.4771232204404629,0.9465506084244016,0.9465506084244016,-0.4771232204404629,clean,,,2023-01-27 04:08:54,2023-01-27 04:17:41.080566,-527.080566
ingv,EC1,sim4,template2,2832579,2023-01-27 04:25:31,0.2568923366600089,-0.4879166721841085,0.945375115341641,0.945375115341641,-0.4879166721841085,clean,,,2023-01-27 04:25:31,2023-01-27 04:17:41.080566,469.919434
ingv,EC1,sim2,template4,2838145,2023-01-27 07:21:02,0.2354483921801579,-0.2031721426172459,0.9768803928155076,0.9768803928155076,-0.2031721426172459,clean,,,2023-01-27 07:21:02,2023-01-27 07:31:01.037312,-599.037312
ingv,EC1,sim4,template3,2838163,2023-01-27 07:21:20,0.2353214622676475,-0.0912212337172385,0.9895527232444126,0.9895527232444126,-0.0912212337172385,clean,,,2023-01-27 07:21:20,2023-01-27 07:31:01.037312,-581.037312
ingv,EC1,sim4,template1,2838252,2023-01-27 07:22:49,0.2686150419801974,0.0614428067193842,1.0070989434209523,1.0070989434209523,0.0614428067193842,clean,,,2023-01-27 07:22:49,2023-01-27 07:31:01.037312,-492.037312
ingv,ECPN,sim3,template4,2840809,2023-01-27 08:43:51,0.2929934100460952,0.2563947068451992,1.0299585219664638,1.0299585219664638,0.2563947068451992,clean,,,2023-01-27 08:43:51,2023-01-27 08:51:42.044493,-471.044493
ingv,EC1,sim3,template3,2841684,2023-01-27 08:44:11,0.2888023478580894,1.3213301851394583,1.164304321075104,1.164304321075104,1.3213301851394583,clean,,,2023-01-27 08:44:11,2023-01-27 08:51:42.044493,-451.044493
ingv,EC1,sim2,template1,2841732,2023-01-27 08:58:59,0.2252450031218326,1.247709014787968,1.1544774402280955,1.1544774402280955,1.247709014787968,clean,,,2023-01-27 08:58:59,2023-01-27 08:51:42.044493,436.955507
ingv,ECPN,sim2,template2,2840884,2023-01-27 08:59:06,0.2421087731581127,-0.2140846024648911,0.9756538662426176,0.9756538662426176,-0.2140846024648911,clean,,,2023-01-27 08:59:06,2023-01-27 08:51:42.044493,443.955507
ingv,ECPN,sim3,template2,2841004,2023-01-27 09:01:06,0.2402798541513124,-0.1865841963274166,0.9787477804172804,0.9787477804172804,-0.1865841963274166,clean,,,2023-01-27 09:01:06,2023-01-27 08:51:42.044493,563.955507
ingv,ECPN,sim4,template3,2841012,2023-01-27 09:01:14,0.3909086996140566,-0.1886557906464537,0.9785143758200852,0.9785143758200852,-0.1886557906464537,clean,,,2023-01-27 09:01:14,2023-01-27 08:51:42.044493,571.955507
ingv,EC1,sim4,template1,2846856,2023-01-27 10:47:59,0.2726164947436805,0.2322771825421043,1.0271026722183625,1.0271026722183625,0.2322771825421043,clean,,,2023-01-27 10:47:59,2023-01-27 10:57:09.194011,-550.194011
ingv,EC1,sim1,template1,2846879,2023-01-27 10:48:22,0.3063930321654666,0.2744665425437058,1.0321036813829874,1.0321036813829874,0.2744665425437058,clean,,,2023-01-27 10:48:22,2023-01-27 10:57:09.194011,-527.194011
ingv,ECPN,sim1,template3,2846111,2023-01-27 10:49:49,0.3657043171001256,1.0004779061088818,1.122080190548665,1.122080190548665,1.0004779061088818,clean,,,2023-01-27 10:49:49,2023-01-27 10:57:09.194011,-440.194011
ingv,EC1,sim3,template3,2846971,2023-01-27 10:49:54,0.4066323621332093,0.1749005744340838,1.0203402731308726,1.0203402731308726,0.1749005744340838,clean,,,2023-01-27 10:49:54,2023-01-27 10:57:09.194011,-435.194011
ingv,EC1,sim2,template3,2846990,2023-01-27 11:04:13,0.2771305064546125,0.1154401640628517,1.0133792518461289,1.0133792518461289,0.1154401640628517,clean,,,2023-01-27 11:04:13,2023-01-27 10:57:09.194011,423.805989
ingv,ECPN,sim3,template1,2846244,2023-01-27 11:06:02,0.2992159104830688,0.985818408138562,1.1201880114096998,1.1201880114096998,0.985818408138562,clean,,,2023-01-27 11:06:02,2023-01-27 10:57:09.194011,532.805989
ingv,ECPN,sim2,template1,2846249,2023-01-27 11:06:07,0.3185697242797359,0.9566871406800792,1.1164373495181752,1.1164373495181752,0.9566871406800792,clean,,,2023-01-27 11:06:07,2023-01-27 10:57:09.194011,537.805989
ingv,EC1,sim4,template3,2847119,2023-01-27 11:06:22,0.3678005919219352,0.2337328899200673,1.027274823408115,1.027274823408115,0.2337328899200673,clean,,,2023-01-27 11:06:22,2023-01-27 10:57:09.194011,552.805989
ingv,EC1,sim2,template1,2850349,2023-01-27 12:27:54,0.3602170833990314,1.4210552226424795,1.177749046023925,1.177749046023925,1.4210552226424795,clean,,,2023-01-27 12:27:54,2023-01-27 12:37:14.422232,-560.422232
ingv,ECPN,sim4,template4,2850893,2023-01-27 13:38:41,0.2769962686863287,-13.656876336274223,0.2075659842577978,0.2075659842577978,-13.656876336274223,clean,,,2023-01-27 13:38:41,2023-01-27 13:30:36.858181,484.141819
ingv,EC1,sim1,template2,2851844,2023-01-27 13:40:17,0.2028864392046462,1.7628358153928425,1.225016083742213,1.225016083742213,1.7628358153928425,clean,,,2023-01-27 13:40:17,2023-01-27 13:30:36.858181,580.141819
ingv,EC1,sim4,template1,2854855,2023-01-27 14:50:28,0.201292640250517,-0.7779666640536458,0.9143272571859472,0.9143272571859472,-0.7779666640536458,clean,,,2023-01-27 14:50:28,2023-01-27 14:59:58.278934,-570.278934
ingv,EC1,sim1,template3,2854883,2023-01-27 14:50:56,0.2627133419251511,-0.712199250140943,0.9212765937831088,0.9212765937831088,-0.712199250140943,clean,,,2023-01-27 14:50:56,2023-01-27 14:59:58.278934,-542.278934
ingv,ECPN,sim4,template2,2854245,2023-01-27 15:08:33,0.2240394428274412,-13.353985851884447,0.2149318156358992,0.2149318156358992,-13.353985851884447,clean,,,2023-01-27 15:08:33,2023-01-27 14:59:58.278934,514.721066
ingv,ECPN,sim2,template1,2854326,2023-01-27 15:09:54,0.3719706360101054,-13.334025671025945,0.2154262970500599,0.2154262970500599,-13.334025671025945,clean,,,2023-01-27 15:09:54,2023-01-27 14:59:58.278934,595.721066
ingv,EC1,sim4,template2,2855801,2023-01-27 15:20:14,0.4346867494500696,-0.6797932319160551,0.9247201866914784,0.9247201866914784,-0.6797932319160551,clean,,,2023-01-27 15:20:14,2023-01-27 15:28:08.466832,-474.466832
ingv,EC1,sim3,template2,2855892,2023-01-27 15:35:45,0.4009128274359715,-0.6725399992805321,0.9254927053574205,0.9254927053574205,-0.6725399992805321,clean,,,2023-01-27 15:35:45,2023-01-27 15:28:08.466832,456.533168
ingv,ECPN,sim1,template1,2855109,2023-01-27 15:36:57,0.227289368336517,-13.154844400953069,0.2199164822341323,0.2199164822341323,-13.154844400953069,clean,,,2023-01-27 15:36:57,2023-01-27 15:28:08.466832,528.533168
ingv,ECPN,sim3,template2,2855122,2023-01-27 15:37:10,0.285026057338696,-13.15342560201444,0.219952407484077,0.219952407484077,-13.15342560201444,clean,,,2023-01-27 15:37:10,2023-01-27 15:28:08.466832,541.533168
ingv,EC1,sim4,template1,2855993,2023-01-27 15:37:26,0.3462431584752319,-0.649856677195277,0.9279128011632216,0.9279128011632216,-0.649856677195277,clean,,,2023-01-27 15:37:26,2023-01-27 15:28:08.466832,557.533168
ingv,EC1,sim2,template2,2858494,2023-01-27 16:49:12,0.2093854035854414,0.3088611314209518,1.0361987321605526,1.0361987321605526,0.3088611314209518,clean,,,2023-01-27 16:49:12,2023-01-27 16:57:27.350479,-495.350479
ingv,EC1,sim4,template1,2858516,2023-01-27 16:49:34,0.2231881579791903,0.3448205564134879,1.0404974682545558,1.0404974682545558,0.3448205564134879,clean,,,2023-01-27 16:49:34,2023-01-27 16:57:27.350479,-473.350479
ingv,ECPN,sim2,template1,2857822,2023-01-27 17:06:15,0.3595017466910268,-14.485121890448642,0.1886878367617578,0.1886878367617578,-14.485121890448642,clean,,,2023-01-27 17:06:15,2023-01-27 16:57:27.350479,527.649521
ingv,EC1,sim4,template2,2858715,2023-01-27 17:06:53,0.2701800851739968,-0.0101376326581021,0.9988335427489188,0.9988335427489188,-0.0101376326581021,clean,,,2023-01-27 17:06:53,2023-01-27 16:57:27.350479,565.649521
ingv,ECPN,sim2,template2,2857875,2023-01-27 17:07:08,0.2610364548401758,-14.396656203959491,0.1906194401999747,0.1906194401999747,-14.396656203959491,clean,,,2023-01-27 17:07:08,2023-01-27 16:57:27.350479,580.649521
ingv,ECPN,sim1,template1,2861979,2023-01-27 21:25:44,0.260586086073598,-8.819565661577407,0.3622611128520586,0.3622611128520586,-8.819565661577407,clean,,,2023-01-27 21:25:44,2023-01-27 21:18:26.884720,437.11528
ingv,ECPN,sim2,template3,2862013,2023-01-27 21:26:18,0.2747035248278556,-8.822159279396475,0.3621529573662516,0.3621529573662516,-8.822159279396475,clean,,,2023-01-27 21:26:18,2023-01-27 21:18:26.884720,471.11528
ingv,EC1,sim4,template3,2862988,2023-01-27 21:28:18,0.4001969072783883,-0.5853936514494193,0.93482499833462,0.93482499833462,-0.5853936514494193,clean,,,2023-01-27 21:28:18,2023-01-27 21:18:26.884720,591.11528
ingv,EC1,sim3,template2,2865870,2023-01-27 23:12:13,0.2532522507926784,-0.0231539621568407,0.99733785141374,0.99733785141374,-0.0231539621568407,clean,,,2023-01-27 23:12:13,2023-01-27 23:04:38.830557,454.169443
ingv,EC1,sim1,template2,2866842,2023-01-27 23:28:25,0.3060734588529734,0.3768103874645865,1.0443366498813509,1.0443366498813509,0.3768103874645865,clean,,,2023-01-27 23:28:25,2023-01-27 23:38:07.746015,-582.746015
ingv,ECPN,sim3,template2,2866188,2023-01-27 23:45:46,0.3272853552100236,11.99488882929079,3.9787297518272178,3.9787297518272178,11.99488882929079,clean,,,2023-01-27 23:45:46,2023-01-27 23:38:07.746015,458.253985
ingv,EC1,sim1,template1,2867148,2023-01-27 23:47:31,0.2384588524057406,0.4565165343175251,1.053964120566227,1.053964120566227,0.4565165343175251,clean,,,2023-01-27 23:47:31,2023-01-27 23:38:07.746015,563.253985
ingv,EC1,sim2,template1,2867165,2023-01-27 23:47:48,0.3028030460076918,0.4514754731979142,1.053352605076345,1.053352605076345,0.4514754731979142,clean,,,2023-01-27 23:47:48,2023-01-27 23:38:07.746015,580.253985
ingv,ECPN,sim2,template3,2866322,2023-01-27 23:48:00,0.2281474756585296,12.058146721471584,4.007811951926156,4.007811951926156,12.058146721471584,clean,,,2023-01-27 23:48:00,2023-01-27 23:38:07.746015,592.253985
ingv,EC1,sim2,template2,2867257,2023-01-27 23:49:20,0.2484326606396472,0.2398956612512645,1.0280039492141042,1.0280039492141042,0.2398956612512645,clean,,,2023-01-27 23:49:20,2023-01-27 23:57:59.148454,-519.148454
ingv,EC1,sim4,template3,2869142,2023-01-28 01:35:48,0.2119931572977886,-1.4542402931986635,0.8458395445324864,0.8458395445324864,-1.4542402931986635,clean,,,2023-01-28 01:35:48,2023-01-28 01:45:17.135426,-569.135426
ingv,EC1,sim2,template2,2869340,2023-01-28 01:53:06,0.3502582946907484,-1.674432067838552,0.8246665831823666,0.8246665831823666,-1.674432067838552,clean,,,2023-01-28 01:53:06,2023-01-28 01:45:17.135426,468.864574
ingv,EC1,sim4,template1,2869377,2023-01-28 01:53:43,0.2618648782787559,-1.6939520527972762,0.8228153732996936,0.8228153732996936,-1.6939520527972762,clean,,,2023-01-28 01:53:43,2023-01-28 01:45:17.135426,505.864574
ingv,EC1,sim1,template1,2869394,2023-01-28 01:54:00,0.3461054312095092,-1.686418358741513,0.8235293506353328,0.8235293506353328,-1.686418358741513,clean,,,2023-01-28 01:54:00,2023-01-28 01:45:17.135426,522.864574
ingv,EC1,sim1,template2,2871457,2023-01-28 02:44:16,0.2685502844971426,-0.2731102305204382,0.9690462125320244,0.9690462125320244,-0.2731102305204382,clean,,,2023-01-28 02:44:16,2023-01-28 02:52:38.331005,-502.331005
ingv,EC1,sim1,template3,2871459,2023-01-28 02:44:18,0.26286777081418,-0.2751781462163762,0.9688155318035256,0.9688155318035256,-0.2751781462163762,clean,,,2023-01-28 02:44:18,2023-01-28 02:52:38.331005,-500.331005
ingv,EC1,sim1,template1,2871552,2023-01-28 02:59:51,0.3561970666930502,-0.1461832329199321,0.9833108660635628,0.9833108660635628,-0.1461832329199321,clean,,,2023-01-28 02:59:51,2023-01-28 02:52:38.331005,432.668995
ingv,EC1,sim4,template3,2871579,2023-01-28 03:00:18,0.2201109867057002,-0.0518201784268494,0.9940517428313144,0.9940517428313144,-0.0518201784268494,clean,,,2023-01-28 03:00:18,2023-01-28 02:52:38.331005,459.668995
ingv,EC1,sim4,template2,2873378,2023-01-28 03:30:17,0.3671559625319073,0.0759832634689632,1.0087862711531004,1.0087862711531004,0.0759832634689632,clean,,,2023-01-28 03:30:17,2023-01-28 03:39:46.416070,-569.41607
ingv,EC1,sim3,template1,2873390,2023-01-28 03:30:29,0.2248708454418195,0.0853225430739107,1.0098715260068716,1.0098715260068716,0.0853225430739107,clean,,,2023-01-28 03:30:29,2023-01-28 03:39:46.416070,-557.41607
ingv,EC1,sim1,template3,2873395,2023-01-28 03:30:34,0.3005409599216671,0.0883148142576771,1.0102194846105237,1.0102194846105237,0.0883148142576771,clean,,,2023-01-28 03:30:34,2023-01-28 03:39:46.416070,-552.41607
ingv,EC1,sim3,template2,2873441,2023-01-28 03:31:20,0.3351374711715331,0.1122259114376083,1.0130043156623474,1.0130043156623474,0.1122259114376083,clean,,,2023-01-28 03:31:20,2023-01-28 03:39:46.416070,-506.41607
ingv,EC1,sim1,template1,2877207,2023-01-28 06:04:49,0.2506951130589717,0.1556411807261676,1.018080359003026,1.018080359003026,0.1556411807261676,clean,,,2023-01-28 06:04:49,2023-01-28 05:55:32.774130,556.22587
ingv,EC1,sim2,template1,2878215,2023-01-28 06:21:37,0.3671901079163744,-0.186190135577268,0.9787921851759924,0.9787921851759924,-0.186190135577268,clean,,,2023-01-28 06:21:37,2023-01-28 06:30:02.199571,-505.199571
ingv,EC1,sim1,template2,2880668,2023-01-28 07:29:39,0.2513296862342552,0.7041158591698884,1.0844406607858614,1.0844406607858614,0.7041158591698884,clean,,,2023-01-28 07:29:39,2023-01-28 07:39:09.778069,-570.778069
ingv,EC1,sim4,template3,2880792,2023-01-28 07:31:43,0.327630924871408,0.5359478231619117,1.0636466856460054,1.0636466856460054,0.5359478231619117,clean,,,2023-01-28 07:31:43,2023-01-28 07:39:09.778069,-446.778069
ingv,EC1,sim3,template2,2880860,2023-01-28 07:46:51,0.2971443179064243,0.4289930151190355,1.0506296447181611,1.0506296447181611,0.4289930151190355,clean,,,2023-01-28 07:46:51,2023-01-28 07:39:09.778069,461.221931
ingv,EC1,sim1,template3,2882440,2023-01-28 08:13:11,0.3608769467105319,0.5427576205854533,1.064480918968119,1.064480918968119,0.5427576205854533,clean,,,2023-01-28 08:13:11,2023-01-28 08:22:08.654801,-537.654801
ingv,EC1,sim3,template3,2882652,2023-01-28 08:30:43,0.3387432886679031,0.2061536306791537,1.0240182142815215,1.0240182142815215,0.2061536306791537,clean,,,2023-01-28 08:30:43,2023-01-28 08:22:08.654801,514.345199
ingv,EC1,sim4,template1,2882660,2023-01-28 08:30:51,0.3150922323652665,0.2082921529783754,1.0242703652391636,1.0242703652391636,0.2082921529783754,clean,,,2023-01-28 08:30:51,2023-01-28 08:22:08.654801,522.345199
ingv,EC1,sim3,template1,2884007,2023-01-28 10:07:28,0.2290724269666123,-0.5570421822569525,0.9378813305505872,0.9378813305505872,-0.5570421822569525,clean,,,2023-01-28 10:07:28,2023-01-28 09:57:58.816453,569.183547
ingv,EC1,sim3,template2,2885020,2023-01-28 10:24:21,0.2672132547184963,-0.2084498477775152,0.9762870027452436,0.9762870027452436,-0.2084498477775152,clean,,,2023-01-28 10:24:21,2023-01-28 10:31:51.536394,-450.536394
ingv,EC1,sim3,template3,2885998,2023-01-28 11:19:26,0.2516151393866611,-0.8042931760333969,0.9115601710004678,0.9115601710004678,-0.8042931760333969,clean,,,2023-01-28 11:19:26,2023-01-28 11:29:20.424496,-594.424496
ingv,EC1,sim3,template1,2886004,2023-01-28 11:19:32,0.4037916504424841,-0.8421661600519946,0.907594158504131,0.907594158504131,-0.8421661600519946,clean,,,2023-01-28 11:19:32,2023-01-28 11:29:20.424496,-588.424496
ingv,EC1,sim1,template2,2886023,2023-01-28 11:19:51,0.2411360892951189,-0.9843200932143104,0.8928612916511695,0.8928612916511695,-0.9843200932143104,clean,,,2023-01-28 11:19:51,2023-01-28 11:29:20.424496,-569.424496
ingv,EC1,sim4,template2,2892866,2023-01-28 14:52:50,0.2942028874310132,0.082179365719222,1.0095061482291514,1.0095061482291514,0.082179365719222,clean,,,2023-01-28 14:52:50,2023-01-28 15:02:02.207075,-552.207075
ingv,EC1,sim3,template3,2892884,2023-01-28 14:53:08,0.2185943181093279,0.0241414925602695,1.0027832581356284,1.0027832581356284,0.0241414925602695,clean,,,2023-01-28 14:53:08,2023-01-28 15:02:02.207075,-534.207075
ingv,EC1,sim3,template2,2892969,2023-01-28 14:54:33,0.3239634405821874,0.0417687868176217,1.00482039017332,1.00482039017332,0.0417687868176217,clean,,,2023-01-28 14:54:33,2023-01-28 15:02:02.207075,-449.207075
ingv,EC1,sim1,template1,2893167,2023-01-28 15:11:51,0.2581548350881851,0.1400859781944314,1.0162587523653237,1.0162587523653237,0.1400859781944314,clean,,,2023-01-28 15:11:51,2023-01-28 15:02:02.207075,588.792925
ingv,EC1,sim3,template1,2893805,2023-01-28 15:36:29,0.2724898201483453,-0.445665170183555,0.9499849858635816,0.9499849858635816,-0.445665170183555,clean,,,2023-01-28 15:36:29,2023-01-28 15:26:37.283056,591.716944
ingv,EC1,sim2,template1,2894158,2023-01-28 15:56:22,0.2659997081043751,0.172178604731263,1.0200205706832446,1.0200205706832446,0.172178604731263,clean,,,2023-01-28 15:56:22,2023-01-28 15:48:47.625030,454.37497
ingv,EC1,sim4,template4,2894169,2023-01-28 15:56:33,0.2003024594640169,-0.126650023804939,0.985524666927596,0.985524666927596,-0.126650023804939,clean,,,2023-01-28 15:56:33,2023-01-28 15:48:47.625030,465.37497
ingv,EC1,sim4,template1,2894240,2023-01-28 15:57:44,0.4790562755304814,0.3260504975782006,1.0382513987683215,1.0382513987683215,0.3260504975782006,clean,,,2023-01-28 15:57:44,2023-01-28 15:48:47.625030,536.37497
ingv,EC1,sim1,template2,2894266,2023-01-28 15:58:10,0.2229345544069484,0.3448314222043796,1.0404987698869108,1.0404987698869108,0.3448314222043796,clean,,,2023-01-28 15:58:10,2023-01-28 15:48:47.625030,562.37497
ingv,EC1,sim3,template3,2900664,2023-01-28 19:24:46,0.2486341237593791,-1.6328448374605051,0.8286244774072082,0.8286244774072082,-1.6328448374605051,clean,,,2023-01-28 19:24:46,2023-01-28 19:34:17.543049,-571.543049
ingv,EC1,sim1,template1,2907636,2023-01-28 23:51:40,0.432482113050593,0.0870817731394576,1.0100760849354284,1.0100760849354284,0.0870817731394576,clean,,,2023-01-28 23:51:40,2023-01-28 23:43:36.690923,483.309077
ingv,EC1,sim4,template1,2909131,2023-01-29 00:16:35,0.2275533236284045,0.2269532534418634,1.0264733128171055,1.0264733128171055,0.2269532534418634,clean,,,2023-01-29 00:16:35,2023-01-29 00:25:48.607029,-553.607029
ingv,EC1,sim1,template1,2909289,2023-01-29 00:33:13,0.3106109648423824,0.4966715073365262,1.0588478896271687,1.0588478896271687,0.4966715073365262,clean,,,2023-01-29 00:33:13,2023-01-29 00:25:48.607029,444.392971
ingv,EC1,sim4,template2,2909576,2023-01-29 01:06:00,0.2306906469185246,0.0047027156386731,1.0005415667406523,1.0005415667406523,0.0047027156386731,clean,,,2023-01-29 01:06:00,2023-01-29 00:58:56.078507,423.921493
ingv,EC1,sim3,template2,2909630,2023-01-29 01:06:54,0.2448355289448875,-0.047605320618016,0.9945342269111204,0.9945342269111204,-0.047605320618016,clean,,,2023-01-29 01:06:54,2023-01-29 00:58:56.078507,477.921493
ingv,EC1,sim2,template3,2915802,2023-01-29 03:32:18,0.2156397910247537,1.0773261948531383,1.132051826463613,1.132051826463613,1.0773261948531383,clean,,,2023-01-29 03:32:18,2023-01-29 03:23:10.043491,547.956509
ingv,EC1,sim4,template3,2916282,2023-01-29 04:26:01,0.2320294619729557,0.909302759188648,1.1103633997604208,1.1103633997604208,0.909302759188648,clean,,,2023-01-29 04:26:01,2023-01-29 04:17:09.616115,531.383885
ingv,EC1,sim4,template1,2918620,2023-01-29 06:02:22,0.2726079019095292,0.5962681109459452,1.0710590262775337,1.0710590262775337,0.5962681109459452,clean,,,2023-01-29 06:02:22,2023-01-29 05:53:03.870360,558.12964
ingv,EC1,sim3,template1,2923188,2023-01-29 08:33:05,0.3110702377838383,-0.936904196803946,0.8977487108496369,0.8977487108496369,-0.936904196803946,clean,,,2023-01-29 08:33:05,2023-01-29 08:42:44.413661,-579.413661
ingv,EC1,sim2,template1,2923189,2023-01-29 08:33:06,0.2203314892003915,-0.937152910023864,0.8977230049305958,0.8977230049305958,-0.937152910023864,clean,,,2023-01-29 08:33:06,2023-01-29 08:42:44.413661,-578.413661
ingv,EC1,sim2,template3,2937195,2023-01-29 13:14:32,0.2587211661334865,-0.5151818816579774,0.9424122136213122,0.9424122136213122,-0.5151818816579774,clean,,,2023-01-29 13:14:32,2023-01-29 13:06:04.647753,507.352247
ingv,EC1,sim3,template3,2942419,2023-01-29 16:31:36,0.2344556587160852,-1.842582095979708,0.8088554111157319,0.8088554111157319,-1.842582095979708,clean,,,2023-01-29 16:31:36,2023-01-29 16:24:35.307671,420.692329
ingv,EC1,sim2,template1,2942438,2023-01-29 16:31:55,0.2252365815491452,-1.858905039012918,0.8073367983597913,0.8073367983597913,-1.858905039012918,clean,,,2023-01-29 16:31:55,2023-01-29 16:24:35.307671,439.692329
ingv,EC1,sim1,template3,2943397,2023-01-29 18:37:07,0.334766684432824,-1.9656709988490224,0.7974738482817377,0.7974738482817377,-1.9656709988490224,clean,,,2023-01-29 18:37:07,2023-01-29 18:46:41.133354,-574.133354
ingv,EC1,sim3,template4,2943460,2023-01-29 18:38:10,0.2114484356111421,-0.0835691410883047,0.9904248832475614,0.9904248832475614,-0.0835691410883047,clean,,,2023-01-29 18:38:10,2023-01-29 18:46:41.133354,-511.133354
ingv,EC1,sim2,template3,2943472,2023-01-29 18:38:22,0.2542444606633432,-1.518443390225922,0.8396104407353928,0.8396104407353928,-1.518443390225922,clean,,,2023-01-29 18:38:22,2023-01-29 18:46:41.133354,-499.133354
ingv,EC1,sim3,template1,2943497,2023-01-29 18:38:47,0.2629368368183535,-1.4358092637227386,0.8476362799520464,0.8476362799520464,-1.4358092637227386,clean,,,2023-01-29 18:38:47,2023-01-29 18:46:41.133354,-474.133354
ingv,EC1,sim2,template2,2943543,2023-01-29 18:39:33,0.2847165098338561,-1.3775503461508731,0.8533407450620322,0.8533407450620322,-1.3775503461508731,clean,,,2023-01-29 18:39:33,2023-01-29 18:46:41.133354,-428.133354
ingv,EC1,sim1,template2,2954353,2023-01-30 02:03:05,0.2837254718307407,4.612733120411406,1.7007350263362482,1.7007350263362482,4.612733120411406,clean,,,2023-01-30 02:03:05,2023-01-30 02:12:36.665715,-571.665715
ingv,EC1,sim2,template1,2957900,2023-01-30 04:06:41,0.4548432865748124,0.6334868245306169,1.0756583211789013,1.0756583211789013,0.6334868245306169,clean,,,2023-01-30 04:06:41,2023-01-30 04:15:19.079935,-518.079935
ingv,EC1,sim4,template2,2958041,2023-01-30 04:23:02,0.2363776474370049,0.6346911191088723,1.0758074710468304,1.0758074710468304,0.6346911191088723,clean,,,2023-01-30 04:23:02,2023-01-30 04:15:19.079935,462.920065
ingv,EC1,sim1,template2,2958063,2023-01-30 04:23:24,0.2501473062592049,0.6182486471802661,1.0737728835976672,1.0737728835976672,0.6182486471802661,clean,,,2023-01-30 04:23:24,2023-01-30 04:15:19.079935,484.920065
ingv,EC1,sim2,template4,2959559,2023-01-30 05:49:16,0.2000326534395187,-1.062215081454614,0.8848899158284605,0.8848899158284605,-1.062215081454614,clean,,,2023-01-30 05:49:16,2023-01-30 05:58:18.261751,-542.261751
ingv,EC1,sim4,template1,2959602,2023-01-30 05:49:59,0.3025162172447102,-0.0930175681119311,0.989348094372885,0.989348094372885,-0.0930175681119311,clean,,,2023-01-30 05:49:59,2023-01-30 05:58:18.261751,-499.261751
ingv,EC1,sim2,template3,2984850,2023-01-30 16:04:11,0.2414298420179347,-33.33807999118315,0.0215325765796945,0.0215325765796945,-33.33807999118315,clean,,,2023-01-30 16:04:11,2023-01-30 16:13:26.111193,-555.111193
ingv,EC1,sim2,template2,2984989,2023-01-30 16:20:30,0.3142678615607246,-33.20505883810298,0.0218648779824225,0.0218648779824225,-33.20505883810298,clean,,,2023-01-30 16:20:30,2023-01-30 16:13:26.111193,423.888807
ingv,EC1,sim4,template1,2985070,2023-01-30 16:21:51,0.2864648887256504,-32.13798905164249,0.0247229646233132,0.0247229646233132,-32.13798905164249,clean,,,2023-01-30 16:21:51,2023-01-30 16:13:26.111193,504.888807
ingv,EC1,sim1,template2,2985253,2023-01-30 16:42:37,0.329060047589311,-31.834566355299927,0.0256018696596805,0.0256018696596805,-31.834566355299927,clean,,,2023-01-30 16:42:37,2023-01-30 16:35:17.762450,439.23755
ingv,ECPN,sim4,template3,2870733,2023-01-30 20:22:32,0.2625878705158377,1.814584762758823,1.232336290873719,1.232336290873719,1.814584762758823,clean,,,2023-01-30 20:22:32,2023-01-30 20:14:01.261119,510.738881
ingv,EC1,sim4,template3,2989599,2023-01-30 20:22:32,0.2970192911971931,35.719416005823604,61.09009497128681,61.09009497128681,35.719416005823604,clean,,,2023-01-30 20:22:32,2023-01-30 20:14:01.261119,510.738881
ingv,EC1,sim1,template1,2997925,2023-01-30 23:01:18,0.3495558692991348,-21.921329056380078,0.0801555405389762,0.0801555405389762,-21.921329056380078,clean,,,2023-01-30 23:01:18,2023-01-30 23:10:55.315918,-577.315918
ingv,ECPN,sim1,template1,2879186,2023-01-30 23:03:25,0.3372572929807155,-6.195614540940966,0.4900261685029572,0.4900261685029572,-6.195614540940966,clean,,,2023-01-30 23:03:25,2023-01-30 23:10:55.315918,-450.315918
ingv,ECPN,sim2,template3,2879343,2023-01-30 23:56:00,0.2227104997274542,-6.180638457976839,0.4908717932015621,0.4908717932015621,-6.180638457976839,clean,,,2023-01-30 23:56:00,2023-01-31 00:04:25.370060,-505.37006
ingv,EC1,sim3,template1,2998325,2023-01-31 00:11:56,0.39461466120736,-21.67358944494797,0.082474658841794,0.082474658841794,-21.67358944494797,clean,,,2023-01-31 00:11:56,2023-01-31 00:04:25.370060,450.62994
ingv,EC1,sim4,template1,2998444,2023-01-31 00:13:55,0.3617834043136394,-21.66401307438436,0.082565638980596,0.082565638980596,-21.66401307438436,clean,,,2023-01-31 00:13:55,2023-01-31 00:04:25.370060,569.62994
ingv,ECPN,sim4,template2,2881210,2023-01-31 01:01:08,0.235111293857944,0.2231057929658794,1.0260187317541,1.0260187317541,0.2231057929658794,clean,,,2023-01-31 01:01:08,2023-01-31 01:11:01.360234,-593.360234
ingv,EC1,sim4,template3,3000294,2023-01-31 01:18:46,0.2945137649549213,-21.84646053649687,0.0808494320030945,0.0808494320030945,-21.84646053649687,clean,,,2023-01-31 01:18:46,2023-01-31 01:11:01.360234,464.639766
ingv,ECPN,sim3,template1,2881489,2023-01-31 01:19:47,0.4620559885469412,0.2499182362629269,1.0291908389657338,1.0291908389657338,0.2499182362629269,clean,,,2023-01-31 01:19:47,2023-01-31 01:11:01.360234,525.639766
ingv,EC1,sim3,template3,3000406,2023-01-31 01:20:38,0.2478166437995597,-21.837448448172047,0.0809333612695466,0.0809333612695466,-21.837448448172047,clean,,,2023-01-31 01:20:38,2023-01-31 01:11:01.360234,576.639766
ingv,EC1,sim2,template2,3000812,2023-01-31 01:27:24,0.3657730853383325,-21.83280103554916,0.0809766765064846,0.0809766765064846,-21.83280103554916,clean,,,2023-01-31 01:27:24,2023-01-31 01:35:08.801295,-464.801295
ingv,ECPN,sim3,template2,2881970,2023-01-31 01:27:48,0.2712131760601357,0.0170783740456397,1.0019681547535124,1.0019681547535124,0.0170783740456397,clean,,,2023-01-31 01:27:48,2023-01-31 01:35:08.801295,-440.801295
ingv,ECPN,sim3,template3,2882036,2023-01-31 01:42:54,0.2873475678493444,-0.0115856392884985,0.9986670431612862,0.9986670431612862,-0.0115856392884985,clean,,,2023-01-31 01:42:54,2023-01-31 01:35:08.801295,465.198705
ingv,EC1,sim1,template2,3001015,2023-01-31 01:44:47,0.4113084035194052,-22.34984512296502,0.0762970495473761,0.0762970495473761,-22.34984512296502,clean,,,2023-01-31 01:44:47,2023-01-31 01:35:08.801295,578.198705
ingv,ECPN,sim2,template1,2882164,2023-01-31 01:45:02,0.2222583542354099,-0.1435016723946363,0.9836144866228752,0.9836144866228752,-0.1435016723946363,clean,,,2023-01-31 01:45:02,2023-01-31 01:35:08.801295,593.198705
ingv,EC1,sim1,template1,3006571,2023-01-31 04:37:23,0.2006411323024375,-1.5426699576238772,0.837271873371722,0.837271873371722,-1.5426699576238772,clean,,,2023-01-31 04:37:23,2023-01-31 04:45:09.367468,-466.367468
ingv,ECPN,sim4,template2,2887748,2023-01-31 04:38:06,0.3872569425957756,0.5848803559805762,1.0696557197365653,1.0696557197365653,0.5848803559805762,clean,,,2023-01-31 04:38:06,2023-01-31 04:45:09.367468,-423.367468
ingv,ECPN,sim3,template2,2887815,2023-01-31 04:53:13,0.376294620347034,0.5574675987266305,1.0662851967566331,1.0662851967566331,0.5574675987266305,clean,,,2023-01-31 04:53:13,2023-01-31 04:45:09.367468,483.632532
ingv,ECPN,sim4,template2,2890992,2023-01-31 06:49:22,0.4410816581871335,0.4387020491466107,1.0518046886807773,1.0518046886807773,0.4387020491466107,clean,,,2023-01-31 06:49:22,2023-01-31 06:58:19.303215,-537.303215
ingv,EC1,sim2,template2,3009862,2023-01-31 06:49:26,0.2342163927897186,-4.455449309596949,0.59872519556681,0.59872519556681,-4.455449309596949,clean,,,2023-01-31 06:49:26,2023-01-31 06:58:19.303215,-533.303215
ingv,ECPN,sim2,template1,2891159,2023-01-31 07:06:09,0.295181824965343,0.3833610772133545,1.0451245606224309,1.0451245606224309,0.3833610772133545,clean,,,2023-01-31 07:06:09,2023-01-31 06:58:19.303215,469.696785
ingv,ECPN,sim1,template3,2891246,2023-01-31 07:07:36,0.4048616300933249,0.200973494645564,1.0234076870462494,1.0234076870462494,0.200973494645564,clean,,,2023-01-31 07:07:36,2023-01-31 06:58:19.303215,556.696785
ingv,EC1,sim1,template3,3013918,2023-01-31 08:31:02,0.311837276797297,-5.045928944319535,0.5593756441643986,0.5593756441643986,-5.045928944319535,clean,,,2023-01-31 08:31:02,2023-01-31 08:40:37.724500,-575.7245
ingv,ECPN,sim3,template3,2898142,2023-01-31 10:04:51,0.2745407257604607,-0.0127455600744526,0.9985336892541828,0.9985336892541828,-0.0127455600744526,clean,,,2023-01-31 10:04:51,2023-01-31 10:13:00.779605,-489.779605
ingv,ECPN,sim3,template2,2898143,2023-01-31 10:04:52,0.2502388421671819,-0.0154804565855399,0.9982193338421984,0.9982193338421984,-0.0154804565855399,clean,,,2023-01-31 10:04:52,2023-01-31 10:13:00.779605,-488.779605
ingv,ECPN,sim3,template4,2898172,2023-01-31 10:05:21,0.2425521870268794,0.2105901403674626,1.0245413877676406,1.0245413877676406,0.2105901403674626,clean,,,2023-01-31 10:05:21,2023-01-31 10:13:00.779605,-459.779605
ingv,EC1,sim3,template3,3017050,2023-01-31 10:05:33,0.3787073075144836,1.101717273071471,1.1352352389936469,1.1352352389936469,1.101717273071471,clean,,,2023-01-31 10:05:33,2023-01-31 10:13:00.779605,-447.779605
ingv,ECPN,sim4,template3,2898283,2023-01-31 10:21:12,0.3343775359488527,-0.4134619850937109,0.9535136196737176,0.9535136196737176,-0.4134619850937109,clean,,,2023-01-31 10:21:12,2023-01-31 10:13:00.779605,491.220395
ingv,ECPN,sim3,template1,2898300,2023-01-31 10:21:29,0.3098859144941595,-0.4170547879612511,0.953119292990802,0.953119292990802,-0.4170547879612511,clean,,,2023-01-31 10:21:29,2023-01-31 10:13:00.779605,508.220395
ingv,EC1,sim3,template1,3023367,2023-01-31 12:04:50,0.3747050846182478,-1.3041992830362157,0.8605775964699606,0.8605775964699606,-1.3041992830362157,clean,,,2023-01-31 12:04:50,2023-01-31 12:13:27.536680,-517.53668
ingv,ECPN,sim4,template2,2904510,2023-01-31 12:04:59,0.3440438318429422,0.98688700706403,1.1203258332554549,1.1203258332554549,0.98688700706403,clean,,,2023-01-31 12:04:59,2023-01-31 12:13:27.536680,-508.53668
ingv,ECPN,sim3,template2,2904558,2023-01-31 12:05:47,0.3155947461357023,1.0020744790598035,1.122286461594464,1.122286461594464,1.0020744790598035,clean,,,2023-01-31 12:05:47,2023-01-31 12:13:27.536680,-460.53668
ingv,ECPN,sim1,template1,2904577,2023-01-31 12:06:06,0.229395901268239,1.0180538512532624,1.1243530247162066,1.1243530247162066,1.0180538512532624,clean,,,2023-01-31 12:06:06,2023-01-31 12:13:27.536680,-441.53668
ingv,ECPN,sim3,template1,2904649,2023-01-31 12:46:04,0.3795577222110113,1.1362656188686475,1.139759657909739,1.139759657909739,1.1362656188686475,clean,,,2023-01-31 12:46:04,2023-01-31 12:37:33.823834,510.176166
ingv,EC1,sim4,template3,3024561,2023-01-31 13:25:14,0.2495366649189462,-1.1559202221826772,0.8753948531979401,0.8753948531979401,-1.1559202221826772,clean,,,2023-01-31 13:25:14,2023-01-31 13:32:30.928382,-436.928382
ingv,ECPN,sim4,template3,2905713,2023-01-31 13:39:32,0.4066459600537801,0.6961934814842401,1.083451996185259,1.083451996185259,0.6961934814842401,clean,,,2023-01-31 13:39:32,2023-01-31 13:32:30.928382,421.071618
ingv,EC1,sim4,template2,3024688,2023-01-31 13:41:21,0.2022029583914035,-1.0911559154851886,0.8819464251712883,0.8819464251712883,-1.0911559154851886,clean,,,2023-01-31 13:41:21,2023-01-31 13:48:42.635353,-441.635353
ingv,ECPN,sim1,template3,2913793,2023-01-31 17:50:14,0.3554135591014397,-4.293955799118471,0.6099611998437668,0.6099611998437668,-4.293955799118471,clean,,,2023-01-31 17:50:14,2023-01-31 17:41:39.504545,514.495455
ingv,ECPN,sim4,template4,2913870,2023-01-31 17:51:31,0.2074323523349877,-0.331918175963825,0.9625074311223504,0.9625074311223504,-0.331918175963825,clean,,,2023-01-31 17:51:31,2023-01-31 17:41:39.504545,591.495455
ingv,EC1,sim2,template2,3033252,2023-01-31 18:00:07,0.2898640939122995,-0.7105067686219878,0.9214561258283226,0.9214561258283226,-0.7105067686219878,clean,,,2023-01-31 18:00:07,2023-01-31 18:09:35.656836,-568.656836
ingv,EC1,sim4,template1,3033254,2023-01-31 18:00:09,0.2791388397126465,-0.7100043988604525,0.9215094220478882,0.9215094220478882,-0.7100043988604525,clean,,,2023-01-31 18:00:09,2023-01-31 18:09:35.656836,-566.656836
ingv,EC1,sim3,template1,3033393,2023-01-31 18:02:28,0.2423184503962367,-0.8957531589196687,0.902012055656008,0.902012055656008,-0.8957531589196687,clean,,,2023-01-31 18:02:28,2023-01-31 18:09:35.656836,-427.656836
ingv,ECPN,sim1,template2,2914599,2023-01-31 18:17:40,0.4100048057158318,-4.141729166957513,0.6207454453511787,0.6207454453511787,-4.141729166957513,clean,,,2023-01-31 18:17:40,2023-01-31 18:09:35.656836,484.343164
ingv,EC1,sim1,template3,3033530,2023-01-31 18:18:45,0.2973466967611451,-0.716466881745955,0.9208240548310226,0.9208240548310226,-0.716466881745955,clean,,,2023-01-31 18:18:45,2023-01-31 18:09:35.656836,549.343164
ingv,EC1,sim2,template4,3036642,2023-01-31 21:00:55,0.2455650038428511,1.4657588683557194,1.183826189183969,1.183826189183969,1.4657588683557194,clean,,,2023-01-31 21:00:55,2023-01-31 20:53:54.016734,420.983266
ingv,ECPN,sim4,template2,2917854,2023-01-31 21:02:13,0.2080063658131508,1.095171931212307,1.134380092995211,1.134380092995211,1.095171931212307,clean,,,2023-01-31 21:02:13,2023-01-31 20:53:54.016734,498.983266
ingv,ECPN,sim3,template2,2917893,2023-01-31 21:02:52,0.2027230318591038,1.119554211136929,1.1375689004902525,1.1375689004902525,1.119554211136929,clean,,,2023-01-31 21:02:52,2023-01-31 20:53:54.016734,537.983266
ingv,ECPN,sim2,template2,2917940,2023-01-31 21:03:39,0.3363051751890992,1.2293325437655405,1.1520375295533611,1.1520375295533611,1.2293325437655405,clean,,,2023-01-31 21:03:39,2023-01-31 20:53:54.016734,584.983266
ingv,ECPN,sim1,template2,2917944,2023-01-31 21:03:43,0.2830440584779457,1.2419511868707842,1.1537123971553094,1.1537123971553094,1.2419511868707842,clean,,,2023-01-31 21:03:43,2023-01-31 20:53:54.016734,588.983266
ingv,ECPN,sim2,template2,2923665,2023-01-31 23:26:41,0.310483947882708,1.2194593834821112,1.1507287644633415,1.1507287644633415,1.2194593834821112,clean,,,2023-01-31 23:26:41,2023-01-31 23:36:37.838732,-596.838732
ingv,ECPN,sim1,template1,2923706,2023-01-31 23:27:22,0.2700004672337074,1.2360664390661418,1.1529310140847902,1.1529310140847902,1.2360664390661418,clean,,,2023-01-31 23:27:22,2023-01-31 23:36:37.838732,-555.838732
ingv,EC1,sim4,template2,3042600,2023-01-31 23:27:50,0.2675623555925953,2.0412257981821447,1.264914846275466,1.264914846275466,2.0412257981821447,clean,,,2023-01-31 23:27:50,2023-01-31 23:36:37.838732,-527.838732
ingv,EC1,sim3,template2,3042607,2023-01-31 23:27:57,0.2685890097356361,2.026671016534185,1.2627970271854498,1.2627970271854498,2.026671016534185,clean,,,2023-01-31 23:27:57,2023-01-31 23:36:37.838732,-520.838732
ingv,ECPN,sim1,template3,2923752,2023-01-31 23:28:08,0.2878811556897545,1.3677336201189472,1.1705411371199326,1.1705411371199326,1.3677336201189472,clean,,,2023-01-31 23:28:08,2023-01-31 23:36:37.838732,-509.838732
ingv,ECPN,sim3,template1,2923815,2023-01-31 23:29:11,0.2466352343681843,1.3881835184864912,1.1733002843527036,1.1733002843527036,1.3881835184864912,clean,,,2023-01-31 23:29:11,2023-01-31 23:36:37.838732,-446.838732
ingv,ECPN,sim2,template3,2923827,2023-01-31 23:29:23,0.3426196098711655,1.380914600444996,1.1723188010157342,1.1723188010157342,1.380914600444996,clean,,,2023-01-31 23:29:23,2023-01-31 23:36:37.838732,-434.838732
ingv,EC1,sim2,template2,3042707,2023-01-31 23:29:37,0.2373488254121254,1.9262306349042575,1.2482786188077368,1.2482786188077368,1.9262306349042575,clean,,,2023-01-31 23:29:37,2023-01-31 23:36:37.838732,-420.838732
ingv,EC1,sim1,template1,3042713,2023-01-31 23:43:43,0.2880221320557847,1.9281411550000216,1.2485532163202713,1.2485532163202713,1.9281411550000216,clean,,,2023-01-31 23:43:43,2023-01-31 23:36:37.838732,425.161268
ingv,ECPN,sim3,template3,2923974,2023-01-31 23:45:50,0.2521974180993107,1.36900608862066,1.1707126320268777,1.1707126320268777,1.36900608862066,clean,,,2023-01-31 23:45:50,2023-01-31 23:36:37.838732,552.161268
ingv,ECPN,sim1,template1,2925012,2023-02-01 00:03:08,0.2137449019439311,1.1235068240505914,1.1380866819646809,1.1380866819646809,1.1235068240505914,clean,,,2023-02-01 00:03:08,2023-02-01 00:12:14.712669,-546.712669
ingv,EC1,sim2,template2,3045823,2023-02-01 01:37:52,0.3401433448938233,0.9238202738310748,1.112220802544363,1.112220802544363,0.9238202738310748,clean,,,2023-02-01 01:37:52,2023-02-01 01:30:18.972476,453.027524
ingv,EC1,sim1,template3,3045932,2023-02-01 01:39:41,0.3090040614955307,0.4923292003744808,1.0583186757349716,1.0583186757349716,0.4923292003744808,clean,,,2023-02-01 01:39:41,2023-02-01 01:30:18.972476,562.027524
ingv,ECPN,sim1,template2,2933435,2023-02-01 04:12:54,0.2571542475927502,-0.0224271652860276,0.9974213077305052,0.9974213077305052,-0.0224271652860276,clean,,,2023-02-01 04:12:54,2023-02-01 04:20:44.740637,-470.740637
ingv,ECPN,sim2,template1,2933485,2023-02-01 04:13:44,0.4151646920491689,0.0822088955794183,1.0095095803043148,1.0095095803043148,0.0822088955794183,clean,,,2023-02-01 04:13:44,2023-02-01 04:20:44.740637,-420.740637
ingv,ECPN,sim1,template3,2938336,2023-02-01 06:46:52,0.3956980523611708,-1.3253407639578698,0.858485495192647,0.858485495192647,-1.3253407639578698,clean,,,2023-02-01 06:46:52,2023-02-01 06:56:40.690708,-588.690708
ingv,ECPN,sim2,template1,2938488,2023-02-01 06:49:24,0.2698732757599,-1.6470998875692242,0.827265676363105,0.827265676363105,-1.6470998875692242,clean,,,2023-02-01 06:49:24,2023-02-01 06:56:40.690708,-436.690708
ingv,ECPN,sim4,template1,2938571,2023-02-01 07:11:28,0.2590438028410317,-1.899126551128099,0.8036069284476918,0.8036069284476918,-1.899126551128099,clean,,,2023-02-01 07:11:28,2023-02-01 07:03:21.950635,486.049365
ingv,ECPN,sim2,template3,2938627,2023-02-01 07:12:24,0.2998145807153519,-1.7648270441867933,0.8161286948449364,0.8161286948449364,-1.7648270441867933,clean,,,2023-02-01 07:12:24,2023-02-01 07:03:21.950635,542.049365
ingv,ECPN,sim1,template1,2938660,2023-02-01 07:12:57,0.2502194323936269,-1.7392735642342436,0.8185332424881593,0.8185332424881593,-1.7392735642342436,clean,,,2023-02-01 07:12:57,2023-02-01 07:03:21.950635,575.049365
ingv,ECPN,sim3,template2,2940389,2023-02-01 09:06:39,0.2278309087623828,-1.7740239526032295,0.8152650080091756,0.8152650080091756,-1.7740239526032295,clean,,,2023-02-01 09:06:39,2023-02-01 08:59:25.067437,433.932563
ingv,EC1,sim1,template2,3059292,2023-02-01 09:07:16,0.4278895582980933,-2.6426005225102096,0.7376833374619972,0.7376833374619972,-2.6426005225102096,clean,,,2023-02-01 09:07:16,2023-02-01 08:59:25.067437,470.932563
ingv,EC1,sim3,template1,3059385,2023-02-01 09:08:49,0.2317727083976089,-3.1036918397185422,0.699544599238591,0.699544599238591,-3.1036918397185422,clean,,,2023-02-01 09:08:49,2023-02-01 08:59:25.067437,563.932563
ingv,EC1,sim2,template3,3062349,2023-02-01 10:42:20,0.2363600814082057,1.1593896451546954,1.1427980278954684,1.1427980278954684,1.1593896451546954,clean,,,2023-02-01 10:42:20,2023-02-01 10:51:28.895957,-548.895957
ingv,ECPN,sim3,template4,2943532,2023-02-01 10:43:09,0.2127272432439735,-0.8028369906314188,0.911713006454822,0.911713006454822,-0.8028369906314188,clean,,,2023-02-01 10:43:09,2023-02-01 10:51:28.895957,-499.895957
ingv,ECPN,sim2,template3,2943569,2023-02-01 10:43:46,0.2694059147713663,0.6543674932669784,1.078247288442959,1.078247288442959,0.6543674932669784,clean,,,2023-02-01 10:43:46,2023-02-01 10:51:28.895957,-462.895957
ingv,EC1,sim1,template1,3067405,2023-02-01 13:11:45,0.2385867878341777,-0.6737647867825715,0.9253622118753811,0.9253622118753811,-0.6737647867825715,clean,,,2023-02-01 13:11:45,2023-02-01 13:21:39.680358,-594.680358
ingv,ECPN,sim3,template1,2948600,2023-02-01 13:12:46,0.2113693143453811,-1.8129694572651496,0.8116177326090782,0.8116177326090782,-1.8129694572651496,clean,,,2023-02-01 13:12:46,2023-02-01 13:21:39.680358,-533.680358
ingv,ECPN,sim1,template1,2948699,2023-02-01 13:14:25,0.3320104666319582,-2.0129878073325997,0.7931413818776308,0.7931413818776308,-2.0129878073325997,clean,,,2023-02-01 13:14:25,2023-02-01 13:21:39.680358,-434.680358
ingv,EC1,sim2,template1,3067688,2023-02-01 13:30:28,0.2064771659855961,-2.1204292619544143,0.7833909261529736,0.7833909261529736,-2.1204292619544143,clean,,,2023-02-01 13:30:28,2023-02-01 13:21:39.680358,528.319642
ingv,ECPN,sim4,template1,2948836,2023-02-01 13:30:42,0.2237226475275666,-1.5708465827442235,0.8345602027009484,0.8345602027009484,-1.5708465827442235,clean,,,2023-02-01 13:30:42,2023-02-01 13:21:39.680358,542.319642
ingv,ECPN,sim3,template2,2958278,2023-02-01 17:45:20,0.3118141376660676,0.3684872897348975,1.0433364123513404,1.0433364123513404,0.3684872897348975,clean,,,2023-02-01 17:45:20,2023-02-01 17:54:58.329797,-578.329797
ingv,ECPN,sim2,template3,2960207,2023-02-01 18:57:29,0.3728779211412085,0.0458759167987573,1.0052956326627562,1.0052956326627562,0.0458759167987573,clean,,,2023-02-01 18:57:29,2023-02-01 19:06:41.415425,-552.415425
ingv,ECPN,sim2,template3,2965137,2023-02-01 22:12:54,0.4659763072804732,0.6609397173115682,1.0790634586614465,1.0790634586614465,0.6609397173115682,clean,,,2023-02-01 22:12:54,2023-02-01 22:22:03.597167,-549.597167
ingv,ECPN,sim2,template4,2965237,2023-02-01 22:14:34,0.2549308823960063,0.2156010874819908,1.0251326229901132,1.0251326229901132,0.2156010874819908,clean,,,2023-02-01 22:14:34,2023-02-01 22:22:03.597167,-449.597167
ingv,ECPN,sim4,template1,2965299,2023-02-01 22:29:36,0.4301984100752658,0.6494122030296894,1.077632325016255,1.077632325016255,0.6494122030296894,clean,,,2023-02-01 22:29:36,2023-02-01 22:22:03.597167,452.402833
ingv,ECPN,sim3,template3,2965400,2023-02-01 22:31:17,0.4788066525837423,0.8614139882112097,1.1042583690464884,1.1042583690464884,0.8614139882112097,clean,,,2023-02-01 22:31:17,2023-02-01 22:22:03.597167,553.402833
ingv,ECPN,sim2,template2,2966234,2023-02-01 22:59:11,0.3425922279960509,0.2993051723322861,1.0350593638024772,1.0350593638024772,0.2993051723322861,clean,,,2023-02-01 22:59:11,2023-02-01 22:51:53.111505,437.888495
ingv,ECPN,sim4,template1,2966302,2023-02-01 23:00:19,0.3298467356713021,0.344989359116258,1.0405176896134367,1.0405176896134367,0.344989359116258,clean,,,2023-02-01 23:00:19,2023-02-01 22:51:53.111505,505.888495
ingv,ECPN,sim2,template3,2966355,2023-02-01 23:01:12,0.3732166048460455,0.3201522714294667,1.037546604780387,1.037546604780387,0.3201522714294667,clean,,,2023-02-01 23:01:12,2023-02-01 22:51:53.111505,558.888495
ingv,ECPN,sim3,template3,2970208,2023-02-02 01:15:37,0.2925664376985875,-1.664055828553591,0.8256523257241436,0.8256523257241436,-1.664055828553591,clean,,,2023-02-02 01:15:37,2023-02-02 01:06:23.488139,553.511861
ingv,ECPN,sim2,template3,2970223,2023-02-02 01:15:52,0.3293264902065747,-1.6720080662630017,0.8248967578840023,0.8248967578840023,-1.6720080662630017,clean,,,2023-02-02 01:15:52,2023-02-02 01:06:23.488139,568.511861
ingv,ECPN,sim1,template4,2973084,2023-02-02 05:22:40,0.2551938271526754,-0.4858228041253747,0.9456030401084335,0.9456030401084335,-0.4858228041253747,clean,,,2023-02-02 05:22:40,2023-02-02 05:31:00.872085,-500.872085
ingv,ECPN,sim1,template2,2973091,2023-02-02 05:22:47,0.2319804441432816,1.3525932956177709,1.1685025508054292,1.1685025508054292,1.3525932956177709,clean,,,2023-02-02 05:22:47,2023-02-02 05:31:00.872085,-493.872085
ingv,ECPN,sim3,template1,2973140,2023-02-02 05:23:36,0.3135717619351553,1.3251514893780072,1.1648166623615706,1.1648166623615706,1.3251514893780072,clean,,,2023-02-02 05:23:36,2023-02-02 05:31:00.872085,-444.872085
ingv,ECPN,sim3,template3,2973154,2023-02-02 05:23:50,0.3362534220277418,1.2936285792812647,1.1605969608009183,1.1605969608009183,1.2936285792812647,clean,,,2023-02-02 05:23:50,2023-02-02 05:31:00.872085,-430.872085
ingv,ECPN,sim1,template1,2973335,2023-02-02 05:47:35,0.4279102741000089,1.1594339128657345,1.142803852190261,1.142803852190261,1.1594339128657345,clean,,,2023-02-02 05:47:35,2023-02-02 05:37:44.874654,590.125346
ingv,ECPN,sim4,template1,2978330,2023-02-02 08:17:40,0.3778987366153696,-2.168537846653515,0.7790639485117624,0.7790639485117624,-2.168537846653515,clean,,,2023-02-02 08:17:40,2023-02-02 08:26:35.916386,-535.916386
ingv,ECPN,sim2,template2,2978382,2023-02-02 08:18:32,0.2148291588264909,-1.7725178667651884,0.815406382766646,0.815406382766646,-1.7725178667651884,clean,,,2023-02-02 08:18:32,2023-02-02 08:26:35.916386,-483.916386
ingv,ECPN,sim3,template3,2979134,2023-02-02 08:45:04,0.3675763750945649,-1.1508232884039562,0.8759086910606886,0.8759086910606886,-1.1508232884039562,clean,,,2023-02-02 08:45:04,2023-02-02 08:52:22.885737,-438.885737
ingv,ECPN,sim2,template2,2979450,2023-02-02 09:52:08,0.2210054035988802,-0.8924074268469147,0.9023595700843694,0.9023595700843694,-0.8924074268469147,clean,,,2023-02-02 09:52:08,2023-02-02 09:43:52.649242,495.350758
ingv,ECPN,sim4,template1,2979454,2023-02-02 09:52:12,0.2656865108407412,-0.893517020730487,0.9022443039745268,0.9022443039745268,-0.893517020730487,clean,,,2023-02-02 09:52:12,2023-02-02 09:43:52.649242,499.350758
ingv,ECPN,sim3,template4,2983177,2023-02-02 14:05:25,0.2110100155999238,0.36130727113306,1.042474315341362,1.042474315341362,0.36130727113306,clean,,,2023-02-02 14:05:25,2023-02-02 14:14:26.693972,-541.693972
ingv,ECPN,sim3,template2,2983238,2023-02-02 14:06:26,0.2582201496362027,-1.058065751478301,0.885312736926679,0.885312736926679,-1.058065751478301,clean,,,2023-02-02 14:06:26,2023-02-02 14:14:26.693972,-480.693972
ingv,ECPN,sim2,template3,2983710,2023-02-02 14:43:36,0.2428155339434272,-0.7254591897053555,0.9198712395088472,0.9198712395088472,-0.7254591897053555,clean,,,2023-02-02 14:43:36,2023-02-02 14:51:35.359297,-479.359297
ingv,ECPN,sim2,template1,2983761,2023-02-02 14:44:27,0.253144516117662,-0.7454321563516818,0.9177584507290928,0.9177584507290928,-0.7454321563516818,clean,,,2023-02-02 14:44:27,2023-02-02 14:51:35.359297,-428.359297
ingv,ECPN,sim3,template1,2983766,2023-02-02 14:44:32,0.4390227464386627,-0.7419986226571182,0.9181213125202774,0.9181213125202774,-0.7419986226571182,clean,,,2023-02-02 14:44:32,2023-02-02 14:51:35.359297,-423.359297
ingv,ECPN,sim3,template1,2986998,2023-02-02 16:42:09,0.3565317484995632,1.6326965370006632,1.2067986810543263,1.2067986810543263,1.6326965370006632,clean,,,2023-02-02 16:42:09,2023-02-02 16:51:39.205767,-570.205767
ingv,ECPN,sim3,template1,2989957,2023-02-02 19:01:35,0.4430914567288543,0.397832367873413,1.0468672614841077,1.0468672614841077,0.397832367873413,clean,,,2023-02-02 19:01:35,2023-02-02 19:10:51.254472,-556.254472
ingv,ECPN,sim1,template2,2990124,2023-02-02 19:31:44,0.3005580106428062,0.4993686276624718,1.0591767314297038,1.0591767314297038,0.4993686276624718,clean,,,2023-02-02 19:31:44,2023-02-02 19:24:13.954250,450.04575
ingv,ECPN,sim2,template3,2992148,2023-02-02 20:31:36,0.2529085629523173,-1.1608037005598535,0.874902817208648,0.874902817208648,-1.1608037005598535,clean,,,2023-02-02 20:31:36,2023-02-02 20:40:00.935906,-504.935906
ingv,ECPN,sim3,template4,2992192,2023-02-02 20:32:20,0.3215052273248536,-0.3740096823577707,0.9578544382172658,0.9578544382172658,-0.3740096823577707,clean,,,2023-02-02 20:32:20,2023-02-02 20:40:00.935906,-460.935906
ingv,ECPN,sim3,template1,2992197,2023-02-02 20:32:25,0.3223035435681966,-1.149443965505194,0.8760477967710371,0.8760477967710371,-1.149443965505194,clean,,,2023-02-02 20:32:25,2023-02-02 20:40:00.935906,-455.935906
ingv,ECPN,sim4,template4,2992336,2023-02-02 20:48:44,0.2696093191695586,-0.3801649901565975,0.9571758893806854,0.9571758893806854,-0.3801649901565975,clean,,,2023-02-02 20:48:44,2023-02-02 20:40:00.935906,523.064094
ingv,ECPN,sim2,template1,2992362,2023-02-02 20:49:10,0.2130798532867811,-1.1238116471405362,0.8786368581647953,0.8786368581647953,-1.1238116471405362,clean,,,2023-02-02 20:49:10,2023-02-02 20:40:00.935906,549.064094
ingv,ECPN,sim1,template2,2992920,2023-02-02 21:32:28,0.3590966797611745,-1.961186410231349,0.7978856961979248,0.7978856961979248,-1.961186410231349,clean,,,2023-02-02 21:32:28,2023-02-02 21:25:02.171943,445.828057
ingv,ECPN,sim3,template4,2994656,2023-02-02 22:38:21,0.3158731219441718,-0.7587644832307174,0.9163508263732628,0.9163508263732628,-0.7587644832307174,clean,,,2023-02-02 22:38:21,2023-02-02 22:30:35.606706,465.393294
ingv,ECPN,sim1,template2,2997395,2023-02-03 00:08:28,0.2857307019644111,-0.342982797990416,0.9612821103927474,0.9612821103927474,-0.342982797990416,clean,,,2023-02-03 00:08:28,2023-02-03 00:00:28.133252,479.866748
ingv,ECPN,sim2,template2,2997510,2023-02-03 00:10:23,0.2236007151903248,-0.408470466916554,0.9540617326005388,0.9540617326005388,-0.408470466916554,clean,,,2023-02-03 00:10:23,2023-02-03 00:00:28.133252,594.866748
ingv,ECPN,sim1,template1,2999772,2023-02-03 01:33:22,0.2009215540571112,0.1771441609140759,1.0206038635537786,1.0206038635537786,0.1771441609140759,clean,,,2023-02-03 01:33:22,2023-02-03 01:40:35.011075,-433.011075
ingv,ECPN,sim4,template2,2999935,2023-02-03 01:50:05,0.3326753544749277,0.0959746822947621,1.0111107647563262,1.0111107647563262,0.0959746822947621,clean,,,2023-02-03 01:50:05,2023-02-03 01:40:35.011075,569.988925
ingv,ECPN,sim3,template1,2999944,2023-02-03 01:50:14,0.3816271526458963,0.1061681783380904,1.0122980701703408,1.0122980701703408,0.1061681783380904,clean,,,2023-02-03 01:50:14,2023-02-03 01:40:35.011075,578.988925
ingv,ECPN,sim4,template3,3020672,2023-02-03 10:05:57,0.2892769379896723,-1.5105903776320693,0.8403698854388103,0.8403698854388103,-1.5105903776320693,clean,,,2023-02-03 10:05:57,2023-02-03 09:58:52.922545,424.077455
ingv,ECPN,sim3,template2,3020684,2023-02-03 10:06:09,0.2077150179277561,-1.4519234012115054,0.8460651955984995,0.8460651955984995,-1.4519234012115054,clean,,,2023-02-03 10:06:09,2023-02-03 09:58:52.922545,436.077455
ingv,ECPN,sim2,template3,3020744,2023-02-03 10:07:09,0.2612537266735536,-1.3718335625660365,0.8539025723835192,0.8539025723835192,-1.3718335625660365,clean,,,2023-02-03 10:07:09,2023-02-03 09:58:52.922545,496.077455
ingv,ECPN,sim3,template3,3020755,2023-02-03 10:07:20,0.2547466970188115,-1.3566781345924404,0.8553937904636405,0.8553937904636405,-1.3566781345924404,clean,,,2023-02-03 10:07:20,2023-02-03 09:58:52.922545,507.077455
ingv,ECPN,sim2,template2,3020789,2023-02-03 10:07:54,0.3157750601723195,-1.3000204838038272,0.8609917217182863,0.8609917217182863,-1.3000204838038272,clean,,,2023-02-03 10:07:54,2023-02-03 09:58:52.922545,541.077455
ingv,ECPN,sim3,template4,3020806,2023-02-03 10:08:11,0.2462890179931886,0.1118041162080388,1.012955124384162,1.012955124384162,0.1118041162080388,clean,,,2023-02-03 10:08:11,2023-02-03 09:58:52.922545,558.077455
ingv,EC1,sim4,template1,3073955,2023-02-03 10:54:45,0.3081921539147195,-0.4144306760377285,0.9534072853149655,0.9534072853149655,-0.4144306760377285,clean,,,2023-02-03 10:54:45,2023-02-03 11:03:14.759964,-509.759964
ingv,ECPN,sim1,template1,3021871,2023-02-03 12:08:05,0.3169807285859434,-1.179687998695529,0.8730027264998202,0.8730027264998202,-1.179687998695529,clean,,,2023-02-03 12:08:05,2023-02-03 11:59:06.480836,538.519164
ingv,ECPN,sim2,template2,3022116,2023-02-03 13:20:39,0.2709353516783173,-0.8657835751694456,0.9051297117091858,0.9051297117091858,-0.8657835751694456,clean,,,2023-02-03 13:20:39,2023-02-03 13:13:16.274988,442.725012
ingv,ECPN,sim2,template3,3024494,2023-02-03 14:00:17,0.4422044738754682,0.9147023530336792,1.1110538731113022,1.1110538731113022,0.9147023530336792,clean,,,2023-02-03 14:00:17,2023-02-03 14:08:31.796613,-494.796613
ingv,ECPN,sim4,template1,3024683,2023-02-03 14:17:26,0.4689725191062699,1.0780849173420457,1.1321507168167904,1.1321507168167904,1.0780849173420457,clean,,,2023-02-03 14:17:26,2023-02-03 14:08:31.796613,534.203387
ingv,EC1,sim2,template2,3077354,2023-02-03 14:17:52,0.326878200818674,-0.2349743613372925,0.9733102162650816,0.9733102162650816,-0.2349743613372925,clean,,,2023-02-03 14:17:52,2023-02-03 14:08:31.796613,560.203387
ingv,ECPN,sim4,template4,3024716,2023-02-03 14:17:59,0.2482079665361636,0.4506863196983767,1.0532569074370075,1.0532569074370075,0.4506863196983767,clean,,,2023-02-03 14:17:59,2023-02-03 14:08:31.796613,567.203387
ingv,ECPN,sim3,template2,3024720,2023-02-03 14:18:03,0.4369383255698673,1.1387101373892503,1.1400804719896434,1.1400804719896434,1.1387101373892503,clean,,,2023-02-03 14:18:03,2023-02-03 14:08:31.796613,571.203387
ingv,EC1,sim2,template4,3077377,2023-02-03 14:18:15,0.2031728907287323,-0.3040798379987639,0.9655972230311056,0.9655972230311056,-0.3040798379987639,clean,,,2023-02-03 14:18:15,2023-02-03 14:08:31.796613,583.203387
ingv,EC1,sim4,template2,3082356,2023-02-03 15:41:14,0.3756610123109444,-0.3748539642635473,0.9577613378093492,0.9577613378093492,-0.3748539642635473,clean,,,2023-02-03 15:41:14,2023-02-03 15:50:53.902417,-579.902417
ingv,EC1,sim4,template3,3082380,2023-02-03 15:41:38,0.2022918000894245,-0.4088905405935423,0.9540155926487756,0.9540155926487756,-0.4088905405935423,clean,,,2023-02-03 15:41:38,2023-02-03 15:50:53.902417,-555.902417
ingv,EC1,sim3,template2,3082418,2023-02-03 15:42:16,0.3712950861284674,-0.3877401208908482,0.9563414818568368,0.9563414818568368,-0.3877401208908482,clean,,,2023-02-03 15:42:16,2023-02-03 15:50:53.902417,-517.902417
ingv,EC1,sim3,template1,3082469,2023-02-03 15:43:07,0.3838180553579071,-0.4109717960105197,0.9537870251283932,0.9537870251283932,-0.4109717960105197,clean,,,2023-02-03 15:43:07,2023-02-03 15:50:53.902417,-466.902417
ingv,EC1,sim1,template3,3082477,2023-02-03 15:43:15,0.3314409949795872,-0.4229391476487482,0.9524738096107392,0.9524738096107392,-0.4229391476487482,clean,,,2023-02-03 15:43:15,2023-02-03 15:50:53.902417,-458.902417
ingv,ECPN,sim4,template2,3029868,2023-02-03 15:43:51,0.4887887582246204,0.1598385664696539,1.0185724569736467,1.0185724569736467,0.1598385664696539,clean,,,2023-02-03 15:43:51,2023-02-03 15:50:53.902417,-422.902417
ingv,EC1,sim1,template4,3082531,2023-02-03 15:58:09,0.2705974531023862,-0.7846835146256398,0.9136204757464352,0.9136204757464352,-0.7846835146256398,clean,,,2023-02-03 15:58:09,2023-02-03 15:50:53.902417,435.097583
ingv,EC1,sim1,template1,3082533,2023-02-03 15:58:11,0.4095208124394444,-0.4175861282184442,0.9530609897908076,0.9530609897908076,-0.4175861282184442,clean,,,2023-02-03 15:58:11,2023-02-03 15:50:53.902417,437.097583
ingv,ECPN,sim3,template1,3029954,2023-02-03 15:59:17,0.4066286535318607,0.1834682005975159,1.0213472174090137,1.0213472174090137,0.1834682005975159,clean,,,2023-02-03 15:59:17,2023-02-03 15:50:53.902417,503.097583
ingv,ECPN,sim2,template1,3030017,2023-02-03 16:00:20,0.3796237886710107,0.2447127517124735,1.0285742260233637,1.0285742260233637,0.2447127517124735,clean,,,2023-02-03 16:00:20,2023-02-03 15:50:53.902417,566.097583
ingv,ECPN,sim2,template2,3034501,2023-02-03 17:15:04,0.2669684558685745,-0.3008703526517793,0.9659540825930004,0.9659540825930004,-0.3008703526517793,clean,,,2023-02-03 17:15:04,2023-02-03 17:23:14.609380,-490.60938
ingv,ECPN,sim1,template2,3034539,2023-02-03 17:15:42,0.4011540853106847,-0.2969670518160404,0.9663882645643328,0.9663882645643328,-0.2969670518160404,clean,,,2023-02-03 17:15:42,2023-02-03 17:23:14.609380,-452.60938
ingv,EC1,sim4,template3,3087358,2023-02-03 18:57:19,0.2435928927650263,-0.2292332227005178,0.973953760709752,0.973953760709752,-0.2292332227005178,clean,,,2023-02-03 18:57:19,2023-02-03 19:06:47.244120,-568.24412
ingv,ECPN,sim4,template2,3034804,2023-02-03 18:58:50,0.2120483989758512,-0.3495359680697485,0.960557133484356,0.960557133484356,-0.3495359680697485,clean,,,2023-02-03 18:58:50,2023-02-03 19:06:47.244120,-477.24412
ingv,EC1,sim3,template3,3087490,2023-02-03 18:59:31,0.2728279704512338,-0.2202780627588704,0.974958425719496,0.974958425719496,-0.2202780627588704,clean,,,2023-02-03 18:59:31,2023-02-03 19:06:47.244120,-436.24412
ingv,EC1,sim1,template1,3087517,2023-02-03 19:13:58,0.2860005552893109,-0.2645535529249589,0.970001313498771,0.970001313498771,-0.2645535529249589,clean,,,2023-02-03 19:13:58,2023-02-03 19:06:47.244120,430.75588
ingv,EC1,sim4,template4,3087563,2023-02-03 19:14:44,0.2440854323638547,-8.216731562343062,0.3882964516590839,0.3882964516590839,-8.216731562343062,clean,,,2023-02-03 19:14:44,2023-02-03 19:06:47.244120,476.75588
ingv,ECPN,sim1,template3,3034978,2023-02-03 19:15:44,0.325444515291458,0.1640676105004685,1.0190685070931436,1.0190685070931436,0.1640676105004685,clean,,,2023-02-03 19:15:44,2023-02-03 19:06:47.244120,536.75588
ingv,EC1,sim3,template2,3088415,2023-02-03 19:54:08,0.2846249014280614,-1.1182702830363374,0.8791975837066119,0.8791975837066119,-1.1182702830363374,clean,,,2023-02-03 19:54:08,2023-02-03 19:45:35.406730,512.59327
ingv,ECPN,sim3,template4,3035836,2023-02-03 19:55:14,0.2405523238390091,-2.2834477034006797,0.7688252087517518,0.7688252087517518,-2.2834477034006797,clean,,,2023-02-03 19:55:14,2023-02-03 19:45:35.406730,578.59327
ingv,ECPN,sim3,template3,3035855,2023-02-03 19:55:33,0.2493098547865532,-0.2034645220906334,0.9768475101771614,0.9768475101771614,-0.2034645220906334,clean,,,2023-02-03 19:55:33,2023-02-03 19:45:35.406730,597.59327
ingv,EC1,sim3,template2,3093065,2023-02-03 21:11:38,0.3852058830019266,-8.609430814482064,0.3711320489437925,0.3711320489437925,-8.609430814482064,clean,,,2023-02-03 21:11:38,2023-02-03 21:21:02.638609,-564.638609
ingv,ECPN,sim4,template4,3040556,2023-02-03 21:13:54,0.2584699958920181,-1.8376505826992764,0.8093147784285745,0.8093147784285745,-1.8376505826992764,clean,,,2023-02-03 21:13:54,2023-02-03 21:21:02.638609,-428.638609
ingv,ECPN,sim1,template1,3040610,2023-02-03 21:57:06,0.3932572685701194,-2.4027431287763474,0.7583380431549408,0.7583380431549408,-2.4027431287763474,clean,,,2023-02-03 21:57:06,2023-02-03 21:49:20.786385,465.213615
ingv,ECPN,sim4,template3,3040652,2023-02-03 21:57:48,0.3163989431845558,-2.40058019815336,0.7585269054228243,0.7585269054228243,-2.40058019815336,clean,,,2023-02-03 21:57:48,2023-02-03 21:49:20.786385,507.213615
ingv,ECPN,sim3,template1,3040658,2023-02-03 21:57:54,0.2121517649418359,-2.4014804034772963,0.7584482957922571,0.7584482957922571,-2.4014804034772963,clean,,,2023-02-03 21:57:54,2023-02-03 21:49:20.786385,513.213615
ingv,ECPN,sim1,template2,3040674,2023-02-03 21:58:10,0.372853058389397,-2.406609039044601,0.7580005976387594,0.7580005976387594,-2.406609039044601,clean,,,2023-02-03 21:58:10,2023-02-03 21:49:20.786385,529.213615
ingv,EC1,sim4,template2,3095432,2023-02-03 22:33:23,0.3543448307061412,-7.200649430626535,0.4364831958419884,0.4364831958419884,-7.200649430626535,clean,,,2023-02-03 22:33:23,2023-02-03 22:42:10.653272,-527.653272
ingv,EC1,sim3,template4,3095451,2023-02-03 22:33:42,0.2673582791319582,-0.1218015617367185,0.9860749401902636,0.9860749401902636,-0.1218015617367185,clean,,,2023-02-03 22:33:42,2023-02-03 22:42:10.653272,-508.653272
ingv,EC1,sim3,template1,3095463,2023-02-03 22:33:54,0.3440184837616047,-7.20411605869757,0.4363090256590163,0.4363090256590163,-7.20411605869757,clean,,,2023-02-03 22:33:54,2023-02-03 22:42:10.653272,-496.653272
ingv,ECPN,sim3,template4,3043054,2023-02-03 23:03:46,0.295620354311943,-0.5524345122335838,0.9383789875886932,0.9383789875886932,-0.5524345122335838,clean,,,2023-02-03 23:03:46,2023-02-03 23:13:30.191623,-584.191623
ingv,EC1,sim1,template1,3095714,2023-02-03 23:04:01,0.2972402310733729,-7.257588413862509,0.4336312568419105,0.4336312568419105,-7.257588413862509,clean,,,2023-02-03 23:04:01,2023-02-03 23:13:30.191623,-569.191623
ingv,ECPN,sim4,template3,3043200,2023-02-03 23:06:12,0.4399571560969841,-2.10982260214404,0.7843481379960564,0.7843481379960564,-2.10982260214404,clean,,,2023-02-03 23:06:12,2023-02-03 23:13:30.191623,-438.191623
ingv,ECPN,sim2,template3,3043276,2023-02-03 23:21:28,0.2295825430148743,-2.128524976159521,0.7826611040347339,0.7826611040347339,-2.128524976159521,clean,,,2023-02-03 23:21:28,2023-02-03 23:13:30.191623,477.808377
ingv,EC1,sim2,template2,3095959,2023-02-03 23:22:06,0.2357710749399477,-7.364070617321802,0.4283477294135004,0.4283477294135004,-7.364070617321802,clean,,,2023-02-03 23:22:06,2023-02-03 23:13:30.191623,515.808377
ingv,ECPN,sim1,template3,3043458,2023-02-03 23:24:30,0.2642348637523465,-2.2671523317261952,0.7702689355784124,0.7702689355784124,-2.2671523317261952,clean,,,2023-02-03 23:24:30,2023-02-03 23:33:11.575253,-521.575253
ingv,ECPN,sim4,template1,3043495,2023-02-03 23:25:07,0.4146060892399195,-2.224095854259674,0.7740966843828014,0.7740966843828014,-2.224095854259674,clean,,,2023-02-03 23:25:07,2023-02-03 23:33:11.575253,-484.575253
ingv,ECPN,sim3,template2,3043644,2023-02-03 23:43:37,0.4728826034904091,-2.112098944348841,0.7841426080036606,0.7841426080036606,-2.112098944348841,clean,,,2023-02-03 23:43:37,2023-02-03 23:35:12.936521,504.063479
ingv,ECPN,sim1,template2,3043666,2023-02-03 23:43:59,0.2054169091737281,-2.121789090381204,0.7832682911769816,0.7832682911769816,-2.121789090381204,clean,,,2023-02-03 23:43:59,2023-02-03 23:35:12.936521,526.063479
ingv,EC1,sim1,template2,3096355,2023-02-03 23:44:43,0.2459455248527407,-6.918270081695913,0.4509065000337274,0.4509065000337274,-6.918270081695913,clean,,,2023-02-03 23:44:43,2023-02-03 23:35:12.936521,570.063479
ingv,EC1,sim2,template4,3130676,2023-02-04 17:35:51,0.2041192073759839,-1.3496160303585398,0.85608955529719,0.85608955529719,-1.3496160303585398,clean,,,2023-02-04 17:35:51,2023-02-04 17:45:12.460675,-561.460675
ingv,EC1,sim4,template2,3130782,2023-02-04 17:37:37,0.270581196523761,-0.5415112227971366,0.939559826130134,0.939559826130134,-0.5415112227971366,clean,,,2023-02-04 17:37:37,2023-02-04 17:45:12.460675,-455.460675
ingv,EC1,sim3,template4,3130825,2023-02-04 17:52:20,0.2754277993541681,-1.5194793902078645,0.8395103030908505,0.8395103030908505,-1.5194793902078645,clean,,,2023-02-04 17:52:20,2023-02-04 17:45:12.460675,427.539325
ingv,EC1,sim3,template1,3130828,2023-02-04 17:52:23,0.3590276893840076,-0.6633885429759905,0.9264683186525088,0.9264683186525088,-0.6633885429759905,clean,,,2023-02-04 17:52:23,2023-02-04 17:45:12.460675,430.539325
ingv,EC1,sim3,template2,3130852,2023-02-04 18:47:36,0.283784446231293,-0.6566852153215443,0.9271835957306462,0.9271835957306462,-0.6566852153215443,clean,,,2023-02-04 18:47:36,2023-02-04 18:37:48.180307,587.819693
ingv,ECPN,sim1,template3,3078215,2023-02-04 18:47:44,0.2770579382925964,-1.634159849855771,0.8284990361428447,0.8284990361428447,-1.634159849855771,clean,,,2023-02-04 18:47:44,2023-02-04 18:37:48.180307,595.819693
ingv,ECPN,sim1,template3,3079555,2023-02-04 19:10:04,0.3872784887513593,-1.7202065718066717,0.820332034585556,0.820332034585556,-1.7202065718066717,clean,,,2023-02-04 19:10:04,2023-02-04 19:19:44.389735,-580.389735
ingv,EC1,sim1,template4,3132211,2023-02-04 19:10:15,0.2141414603705036,-1.5634007091821724,0.8352759260430969,0.8352759260430969,-1.5634007091821724,clean,,,2023-02-04 19:10:15,2023-02-04 19:19:44.389735,-569.389735
ingv,EC1,sim4,template1,3132303,2023-02-04 19:11:47,0.2216144532562226,-1.3956983073634437,0.8515596692814059,0.8515596692814059,-1.3956983073634437,clean,,,2023-02-04 19:11:47,2023-02-04 19:19:44.389735,-477.389735
ingv,ECPN,sim1,template2,3079741,2023-02-04 19:27:10,0.2130670958192485,-2.585721272830181,0.7425298828349244,0.7425298828349244,-2.585721272830181,clean,,,2023-02-04 19:27:10,2023-02-04 19:19:44.389735,445.610265
ingv,ECPN,sim3,template4,3079748,2023-02-04 19:27:17,0.2601071676757759,-2.51774555754592,0.7483637148136734,0.7483637148136734,-2.51774555754592,clean,,,2023-02-04 19:27:17,2023-02-04 19:19:44.389735,452.610265
ingv,EC1,sim2,template1,3132453,2023-02-04 19:28:17,0.2382561153614139,-0.5440663857306717,0.93928347270403,0.93928347270403,-0.5440663857306717,clean,,,2023-02-04 19:28:17,2023-02-04 19:19:44.389735,512.610265
ingv,EC1,sim4,template4,3132537,2023-02-04 19:29:41,0.2270758920650741,-1.4529341326825302,0.845966749152259,0.845966749152259,-1.4529341326825302,clean,,,2023-02-04 19:29:41,2023-02-04 19:19:44.389735,596.610265
ingv,ECPN,sim4,template1,3080408,2023-02-04 19:58:17,0.3306908133660954,-2.0578161846224714,0.7890584785821578,0.7890584785821578,-2.0578161846224714,clean,,,2023-02-04 19:58:17,2023-02-04 19:49:54.053761,502.946239
ingv,ECPN,sim3,template1,3080500,2023-02-04 19:59:49,0.3445123787256435,-2.2761496611878003,0.7694714611127614,0.7694714611127614,-2.2761496611878003,clean,,,2023-02-04 19:59:49,2023-02-04 20:08:13.800712,-504.800712
ingv,EC1,sim4,template2,3133187,2023-02-04 20:00:31,0.2341267554792486,-1.169087573982717,0.8740688060104598,0.8740688060104598,-1.169087573982717,clean,,,2023-02-04 20:00:31,2023-02-04 20:08:13.800712,-462.800712
ingv,EC1,sim1,template1,3133198,2023-02-04 20:00:42,0.4518681371349721,-1.1708237598829143,0.8738941095381123,0.8738941095381123,-1.1708237598829143,clean,,,2023-02-04 20:00:42,2023-02-04 20:08:13.800712,-451.800712
ingv,EC1,sim3,template4,3133300,2023-02-04 20:18:21,0.2064954468448749,-1.766058775101851,0.8160129692586217,0.8160129692586217,-1.766058775101851,clean,,,2023-02-04 20:18:21,2023-02-04 20:10:10.483584,490.516416
ingv,EC1,sim4,template1,3133338,2023-02-04 20:18:59,0.3530332188506396,-1.2635341343559483,0.8646160502684433,0.8646160502684433,-1.2635341343559483,clean,,,2023-02-04 20:18:59,2023-02-04 20:10:10.483584,528.516416
ingv,EC1,sim1,template2,3140871,2023-02-04 23:19:41,0.2226213788801842,-1.4665393912896485,0.8446426951434612,0.8446426951434612,-1.4665393912896485,clean,,,2023-02-04 23:19:41,2023-02-04 23:29:14.149527,-573.149527
ingv,EC1,sim4,template4,3141032,2023-02-04 23:36:22,0.2068091744011347,-0.7801974606686344,0.9140924607134492,0.9140924607134492,-0.7801974606686344,clean,,,2023-02-04 23:36:22,2023-02-04 23:29:14.149527,427.850473
ingv,EC1,sim4,template3,3141052,2023-02-04 23:36:42,0.2277627963007301,-1.7783210709684238,0.8148617765675722,0.8148617765675722,-1.7783210709684238,clean,,,2023-02-04 23:36:42,2023-02-04 23:29:14.149527,447.850473
ingv,EC1,sim2,template3,3141098,2023-02-04 23:37:28,0.27200016328126,-1.7653726214170926,0.8160774338609849,0.8160774338609849,-1.7653726214170926,clean,,,2023-02-04 23:37:28,2023-02-04 23:29:14.149527,493.850473
ingv,ECPN,sim3,template1,3088465,2023-02-04 23:37:40,0.2874333350265573,-0.5206462969212906,0.9418195153078046,0.9418195153078046,-0.5206462969212906,clean,,,2023-02-04 23:37:40,2023-02-04 23:29:14.149527,505.850473
ingv,EC1,sim1,template3,3141158,2023-02-04 23:38:28,0.3467568390231578,-1.737733055660356,0.8186784284572911,0.8186784284572911,-1.737733055660356,clean,,,2023-02-04 23:38:28,2023-02-04 23:29:14.149527,553.850473
ingv,EC1,sim1,template1,3143553,2023-02-05 00:54:37,0.2129536556343234,-0.1123051302269195,0.9871536223294216,0.9871536223294216,-0.1123051302269195,clean,,,2023-02-05 00:54:37,2023-02-05 00:46:32.952264,484.047736
ingv,ECPN,sim2,template1,3090923,2023-02-05 00:54:52,0.2222648819730214,-2.729371991085612,0.7303506169194977,0.7303506169194977,-2.729371991085612,clean,,,2023-02-05 00:54:52,2023-02-05 00:46:32.952264,499.047736
ingv,EC1,sim1,template2,3143588,2023-02-05 00:55:12,0.2926026566053479,-0.1407918977911434,0.9839213969652656,0.9839213969652656,-0.1407918977911434,clean,,,2023-02-05 00:55:12,2023-02-05 00:46:32.952264,519.047736
ingv,EC1,sim1,template2,3149777,2023-02-05 04:57:09,0.4466596363199971,0.6779610012225927,1.0811801161927783,1.0811801161927783,0.6779610012225927,clean,,,2023-02-05 04:57:09,2023-02-05 05:04:36.978493,-447.978493
ingv,EC1,sim1,template1,3151628,2023-02-05 06:38:31,0.2760002410439662,0.1036159938261579,1.0120006692092258,1.0120006692092258,0.1036159938261579,clean,,,2023-02-05 06:38:31,2023-02-05 06:47:31.623168,-540.623168
ingv,EC1,sim4,template3,3151660,2023-02-05 06:39:03,0.3054013409186787,0.0376996449474943,1.0043497649067443,1.0043497649067443,0.0376996449474943,clean,,,2023-02-05 06:39:03,2023-02-05 06:47:31.623168,-508.623168
ingv,ECPN,sim2,template1,3099039,2023-02-05 06:39:27,0.3252514258499547,-4.27965529244907,0.6109662711850956,0.6109662711850956,-4.27965529244907,clean,,,2023-02-05 06:39:27,2023-02-05 06:47:31.623168,-484.623168
ingv,ECPN,sim4,template2,3099061,2023-02-05 06:39:49,0.3724917585521913,-4.171053335966214,0.6186532990516102,0.6186532990516102,-4.171053335966214,clean,,,2023-02-05 06:39:49,2023-02-05 06:47:31.623168,-462.623168
ingv,EC1,sim3,template1,3151708,2023-02-05 06:39:51,0.2612406821612731,-0.019106641334565,0.997802684264708,0.997802684264708,-0.019106641334565,clean,,,2023-02-05 06:39:51,2023-02-05 06:47:31.623168,-460.623168
ingv,ECPN,sim2,template2,3099095,2023-02-05 06:40:23,0.377708955639516,-4.024899460206005,0.6291511966763068,0.6291511966763068,-4.024899460206005,clean,,,2023-02-05 06:40:23,2023-02-05 06:47:31.623168,-428.623168
ingv,ECPN,sim3,template2,3099109,2023-02-05 06:54:37,0.3180045084266563,-4.009345742866918,0.6302788194104441,0.6302788194104441,-4.009345742866918,clean,,,2023-02-05 06:54:37,2023-02-05 06:47:31.623168,425.376832
ingv,EC1,sim3,template3,3151796,2023-02-05 06:55:19,0.3867580405335369,-0.0874446471601919,0.9899830699595764,0.9899830699595764,-0.0874446471601919,clean,,,2023-02-05 06:55:19,2023-02-05 06:47:31.623168,467.376832
ingv,ECPN,sim4,template1,3100805,2023-02-05 08:31:43,0.2459726575652768,-3.0803946470449404,0.7014234282278058,0.7014234282278058,-3.0803946470449404,clean,,,2023-02-05 08:31:43,2023-02-05 08:22:48.435386,534.564614
ingv,ECPN,sim3,template3,3109756,2023-02-05 12:20:54,0.2752009896021505,2.451203152424141,1.3260507869978846,1.3260507869978846,2.451203152424141,clean,,,2023-02-05 12:20:54,2023-02-05 12:30:39.836350,-585.83635
ingv,ECPN,sim1,template3,3109830,2023-02-05 12:22:08,0.2401236804247256,2.507706680580102,1.3347051432994468,1.3347051432994468,2.507706680580102,clean,,,2023-02-05 12:22:08,2023-02-05 12:30:39.836350,-511.83635
ingv,EC1,sim3,template2,3162528,2023-02-05 12:23:01,0.2369802764137998,-0.3949431896990804,0.9555487319746352,0.9555487319746352,-0.3949431896990804,clean,,,2023-02-05 12:23:01,2023-02-05 12:30:39.836350,-458.83635
ingv,EC1,sim4,template1,3162697,2023-02-05 12:39:50,0.2331038831716649,-0.4367972306264784,0.950955377123356,0.950955377123356,-0.4367972306264784,clean,,,2023-02-05 12:39:50,2023-02-05 12:30:39.836350,550.16365
ingv,ECPN,sim3,template4,3110980,2023-02-05 13:36:04,0.273088958214974,-3.626767633999344,0.6586604981850149,0.6586604981850149,-3.626767633999344,clean,,,2023-02-05 13:36:04,2023-02-05 13:29:03.281222,420.718778
ingv,ECPN,sim1,template1,3111089,2023-02-05 13:37:53,0.3965069659342533,2.387126315783292,1.3163043478008325,1.3163043478008325,2.387126315783292,clean,,,2023-02-05 13:37:53,2023-02-05 13:29:03.281222,529.718778
ingv,ECPN,sim1,template4,3111093,2023-02-05 13:37:57,0.2251907163252738,-3.721692656456143,0.6515014208215267,0.6515014208215267,-3.721692656456143,clean,,,2023-02-05 13:37:57,2023-02-05 13:29:03.281222,533.718778
ingv,ECPN,sim1,template3,3111111,2023-02-05 13:38:15,0.400579314949152,2.2605168973977365,1.2972564684350971,1.2972564684350971,2.2605168973977365,clean,,,2023-02-05 13:38:15,2023-02-05 13:29:03.281222,551.718778
ingv,ECPN,sim4,template3,3111129,2023-02-05 13:38:33,0.219243867914198,2.140833773160425,1.2795041200160344,1.2795041200160344,2.140833773160425,clean,,,2023-02-05 13:38:33,2023-02-05 13:29:03.281222,569.718778
ingv,EC1,sim4,template2,3168923,2023-02-05 15:04:22,0.4762965442968425,-13.764481461845342,0.2050104160074838,0.2050104160074838,-13.764481461845342,clean,,,2023-02-05 15:04:22,2023-02-05 15:14:17.494764,-595.494764
ingv,ECPN,sim3,template1,3116301,2023-02-05 15:04:45,0.2379666355003508,-4.8989813755349365,0.5689196461159399,0.5689196461159399,-4.8989813755349365,clean,,,2023-02-05 15:04:45,2023-02-05 15:14:17.494764,-572.494764
ingv,ECPN,sim2,template1,3116307,2023-02-05 15:04:51,0.2199916873162873,-4.898909296917928,0.5689243672341138,0.5689243672341138,-4.898909296917928,clean,,,2023-02-05 15:04:51,2023-02-05 15:14:17.494764,-566.494764
ingv,ECPN,sim4,template2,3116316,2023-02-05 15:05:00,0.4204407995487868,-4.90323003713428,0.5686414298269187,0.5686414298269187,-4.90323003713428,clean,,,2023-02-05 15:05:00,2023-02-05 15:14:17.494764,-557.494764
ingv,EC1,sim3,template2,3168998,2023-02-05 15:05:37,0.4898643357586498,-13.711697381218176,0.2062600558164986,0.2062600558164986,-13.711697381218176,clean,,,2023-02-05 15:05:37,2023-02-05 15:14:17.494764,-520.494764
ingv,ECPN,sim3,template2,3116369,2023-02-05 15:05:53,0.4538765188954016,-5.0717317815197225,0.5577163942769787,0.5577163942769787,-5.0717317815197225,clean,,,2023-02-05 15:05:53,2023-02-05 15:14:17.494764,-504.494764
ingv,ECPN,sim4,template3,3116378,2023-02-05 15:06:02,0.408586531722773,-5.08415926346733,0.5569190027897867,0.5569190027897867,-5.08415926346733,clean,,,2023-02-05 15:06:02,2023-02-05 15:14:17.494764,-495.494764
ingv,ECPN,sim2,template2,3116434,2023-02-05 15:06:58,0.3527797572288441,-5.165054248000319,0.5517562833911162,0.5517562833911162,-5.165054248000319,clean,,,2023-02-05 15:06:58,2023-02-05 15:14:17.494764,-439.494764
ingv,ECPN,sim3,template3,3116436,2023-02-05 15:07:00,0.4407331508573499,-5.168168746426157,0.5515584756715459,0.5515584756715459,-5.168168746426157,clean,,,2023-02-05 15:07:00,2023-02-05 15:14:17.494764,-437.494764
ingv,EC1,sim1,template2,3169188,2023-02-05 15:22:47,0.2967167618838512,-13.734100302950903,0.2057287488224547,0.2057287488224547,-13.734100302950903,clean,,,2023-02-05 15:22:47,2023-02-05 15:14:17.494764,509.505236
ingv,EC1,sim4,template3,3169223,2023-02-05 15:23:22,0.2611673336299477,-13.635526085279412,0.2080768170010618,0.2080768170010618,-13.635526085279412,clean,,,2023-02-05 15:23:22,2023-02-05 15:14:17.494764,544.505236
ingv,EC1,sim1,template4,3169239,2023-02-05 15:23:38,0.2114024658493551,-14.30763912669742,0.1925830425408398,0.1925830425408398,-14.30763912669742,clean,,,2023-02-05 15:23:38,2023-02-05 15:14:17.494764,560.505236
ingv,EC1,sim1,template1,3169244,2023-02-05 15:23:43,0.2442807586728353,-13.703546651343297,0.206453698507142,0.206453698507142,-13.703546651343297,clean,,,2023-02-05 15:23:43,2023-02-05 15:14:17.494764,565.505236
ingv,EC1,sim1,template1,3172074,2023-02-05 16:10:53,0.3590568871209879,-14.736126685523628,0.1833131691865354,0.1833131691865354,-14.736126685523628,clean,,,2023-02-05 16:10:53,2023-02-05 16:19:08.514581,-495.514581
ingv,EC1,sim4,template4,3172091,2023-02-05 16:11:10,0.2252235951224279,-1.402471509642118,0.8508958872308109,0.8508958872308109,-1.402471509642118,clean,,,2023-02-05 16:11:10,2023-02-05 16:19:08.514581,-478.514581
ingv,EC1,sim1,template2,3172156,2023-02-05 16:26:15,0.3554316532054664,-14.774575194349133,0.1825035179163512,0.1825035179163512,-14.774575194349133,clean,,,2023-02-05 16:26:15,2023-02-05 16:19:08.514581,426.485419
ingv,EC1,sim1,template3,3172255,2023-02-05 16:27:54,0.308105215182606,-14.80409527992924,0.1818843096401649,0.1818843096401649,-14.80409527992924,clean,,,2023-02-05 16:27:54,2023-02-05 16:19:08.514581,525.485419
ingv,EC1,sim2,template1,3172270,2023-02-05 16:28:09,0.3716713166203838,-14.80731341178126,0.1818169337816486,0.1818169337816486,-14.80731341178126,clean,,,2023-02-05 16:28:09,2023-02-05 16:19:08.514581,540.485419
ingv,ECPN,sim3,template1,3119655,2023-02-05 16:28:39,0.3532784064163174,-7.866906691408237,0.4042543160969383,0.4042543160969383,-7.866906691408237,clean,,,2023-02-05 16:28:39,2023-02-05 16:19:08.514581,570.485419
ingv,ECPN,sim4,template4,3122013,2023-02-05 17:07:57,0.2417587779145572,-2.4552708094041678,0.7537658535574633,0.7537658535574633,-2.4552708094041678,clean,,,2023-02-05 17:07:57,2023-02-05 17:17:31.612928,-574.612928
ingv,EC1,sim1,template2,3174743,2023-02-05 17:09:22,0.3669390374876584,-13.887221749648146,0.2021337869473114,0.2021337869473114,-13.887221749648146,clean,,,2023-02-05 17:09:22,2023-02-05 17:17:31.612928,-489.612928
ingv,ECPN,sim4,template1,3122216,2023-02-05 17:26:49,0.3786536382281195,-7.406776649371078,0.4262468352698174,0.4262468352698174,-7.406776649371078,clean,,,2023-02-05 17:26:49,2023-02-05 17:19:00.995695,468.004305
ingv,EC1,sim1,template3,3174866,2023-02-05 17:26:54,0.2066750355840371,-13.854428234921471,0.2028983840836599,0.2028983840836599,-13.854428234921471,clean,,,2023-02-05 17:26:54,2023-02-05 17:19:00.995695,473.004305
ingv,ECPN,sim2,template3,3122318,2023-02-05 17:28:31,0.3034671636573462,-7.229935402134403,0.4350139958630467,0.4350139958630467,-7.229935402134403,clean,,,2023-02-05 17:28:31,2023-02-05 17:19:00.995695,570.004305
ingv,EC1,sim1,template2,3178504,2023-02-05 18:47:32,0.3191918822071934,-13.27669874728754,0.2168528142361733,0.2168528142361733,-13.27669874728754,clean,,,2023-02-05 18:47:32,2023-02-05 18:56:54.326337,-562.326337
ingv,ECPN,sim4,template2,3125948,2023-02-05 18:49:01,0.3262228396791747,-5.644449411089854,0.5221286562234346,0.5221286562234346,-5.644449411089854,clean,,,2023-02-05 18:49:01,2023-02-05 18:56:54.326337,-473.326337
ingv,EC1,sim4,template4,3178699,2023-02-05 19:04:47,0.2001823392559806,17.985321729984424,7.929870343668211,7.929870343668211,17.985321729984424,clean,,,2023-02-05 19:04:47,2023-02-05 18:56:54.326337,472.673663
ingv,ECPN,sim4,template1,3126172,2023-02-05 19:06:45,0.3953813326297749,-1.6431691560802852,0.8276401337036251,0.8276401337036251,-1.6431691560802852,clean,,,2023-02-05 19:06:45,2023-02-05 19:14:10.663053,-445.663053
ingv,EC1,sim1,template1,3178863,2023-02-05 19:21:31,0.286518274446811,0.3206403320139986,1.0376049062153223,1.0376049062153223,0.3206403320139986,clean,,,2023-02-05 19:21:31,2023-02-05 19:14:10.663053,440.336947
ingv,EC1,sim2,template3,3182323,2023-02-05 20:39:11,0.2471726016812334,22.61378695173466,13.511057666186428,13.511057666186428,22.61378695173466,clean,,,2023-02-05 20:39:11,2023-02-05 20:49:03.592655,-592.592655
ingv,ECPN,sim2,template3,3129711,2023-02-05 20:39:44,0.266845557808652,14.22967490470926,5.146165455962603,5.146165455962603,14.22967490470926,clean,,,2023-02-05 20:39:44,2023-02-05 20:49:03.592655,-559.592655
ingv,ECPN,sim1,template3,3129728,2023-02-05 20:40:01,0.2120619557351313,14.2378149775449,5.150990499615952,5.150990499615952,14.2378149775449,clean,,,2023-02-05 20:40:01,2023-02-05 20:49:03.592655,-542.592655
ingv,EC1,sim3,template3,3182384,2023-02-05 20:40:12,0.2915485336169461,22.639833453166148,13.551634276388814,13.551634276388814,22.639833453166148,clean,,,2023-02-05 20:40:12,2023-02-05 20:49:03.592655,-531.592655
ingv,ECPN,sim3,template3,3129759,2023-02-05 20:40:32,0.2626436235169184,14.274761703745904,5.172947671401992,5.172947671401992,14.274761703745904,clean,,,2023-02-05 20:40:32,2023-02-05 20:49:03.592655,-511.592655
ingv,EC1,sim4,template2,3182627,2023-02-05 21:11:31,0.2886861831503574,22.62303755987057,13.525454818875584,13.525454818875584,22.62303755987057,clean,,,2023-02-05 21:11:31,2023-02-05 21:02:19.341721,551.658279
ingv,ECPN,sim4,template2,3130007,2023-02-05 21:11:56,0.3145293832538602,14.587121126190352,5.362361104946525,5.362361104946525,14.587121126190352,clean,,,2023-02-05 21:11:56,2023-02-05 21:02:19.341721,576.658279
ingv,EC1,sim3,template2,3187873,2023-02-06 00:49:10,0.2418557469737136,-4.117373308356649,0.6224885028658259,0.6224885028658259,-4.117373308356649,clean,,,2023-02-06 00:49:10,2023-02-06 00:56:28.660860,-438.66086
ingv,ECPN,sim2,template4,3140160,2023-02-07 04:29:11,0.2907577117302043,-9.69390891187322,0.327570327118766,0.327570327118766,-9.69390891187322,clean,,,2023-02-07 04:29:11,2023-02-07 04:22:09.793871,421.206129
ingv,EC1,sim1,template1,3192870,2023-02-07 04:30:16,0.2909043272588722,-15.34196391048726,0.1709628718263075,0.1709628718263075,-15.34196391048726,clean,,,2023-02-07 04:30:16,2023-02-07 04:22:09.793871,486.206129
ingv,ECPN,sim4,template1,3140297,2023-02-07 04:31:28,0.2456024313189455,-9.434335591796057,0.3375073386362187,0.3375073386362187,-9.434335591796057,clean,,,2023-02-07 04:31:28,2023-02-07 04:22:09.793871,558.206129
ingv,ECPN,sim4,template3,3148385,2023-02-07 13:22:53,0.3905151191455054,-0.1637690174160227,0.9813220312760984,0.9813220312760984,-0.1637690174160227,clean,,,2023-02-07 13:22:53,2023-02-07 13:15:50.403298,422.596702
ingv,ECPN,sim3,template2,3148414,2023-02-07 13:23:22,0.3781543842585763,-0.2236921076419407,0.9745752873313132,0.9745752873313132,-0.2236921076419407,clean,,,2023-02-07 13:23:22,2023-02-07 13:15:50.403298,451.596702
ingv,ECPN,sim1,template2,3148440,2023-02-07 13:23:48,0.2797046124128858,-0.2195217339390234,0.9750433244796088,0.9750433244796088,-0.2195217339390234,clean,,,2023-02-07 13:23:48,2023-02-07 13:15:50.403298,477.596702
ingv,ECPN,sim3,template3,3148474,2023-02-07 13:24:22,0.372172036014803,-0.1116511655621475,0.9872279483820896,0.9872279483820896,-0.1116511655621475,clean,,,2023-02-07 13:24:22,2023-02-07 13:15:50.403298,511.596702
ingv,ECPN,sim2,template4,3148495,2023-02-07 13:24:43,0.2354034035957634,0.3890924634859513,1.0458144138786796,1.0458144138786796,0.3890924634859513,clean,,,2023-02-07 13:24:43,2023-02-07 13:15:50.403298,532.596702
ingv,ECPN,sim2,template3,3148545,2023-02-07 13:25:33,0.3706091970598087,-0.3182053332422758,0.96402818924692,0.96402818924692,-0.3182053332422758,clean,,,2023-02-07 13:25:33,2023-02-07 13:15:50.403298,582.596702
ingv,ECPN,sim3,template1,3148548,2023-02-07 13:25:36,0.2307428732114543,-0.331569637379883,0.9625460544208112,0.9625460544208112,-0.331569637379883,clean,,,2023-02-07 13:25:36,2023-02-07 13:15:50.403298,585.596702
ingv,ECPN,sim2,template3,3156807,2023-02-07 22:29:24,0.3196694946953291,-1.6139744313539874,0.8304266506749498,0.8304266506749498,-1.6139744313539874,clean,,,2023-02-07 22:29:24,2023-02-07 22:38:21.437131,-537.437131
ingv,ECPN,sim2,template4,3156824,2023-02-07 22:29:41,0.2150173378611398,-0.8133057383957638,0.9106148179661728,0.9106148179661728,-0.8133057383957638,clean,,,2023-02-07 22:29:41,2023-02-07 22:38:21.437131,-520.437131
ingv,ECPN,sim3,template1,3156829,2023-02-07 22:29:46,0.2210434483415937,-1.7018486423070611,0.8220676683541924,0.8220676683541924,-1.7018486423070611,clean,,,2023-02-07 22:29:46,2023-02-07 22:38:21.437131,-515.437131
ingv,ECPN,sim1,template2,3156843,2023-02-07 22:30:00,0.2715680583064774,-1.7168161021443706,0.8206523073376167,0.8206523073376167,-1.7168161021443706,clean,,,2023-02-07 22:30:00,2023-02-07 22:38:21.437131,-501.437131
ingv,ECPN,sim1,template4,3156861,2023-02-07 22:30:18,0.24347793363527,-0.8772630138508518,0.9039342650229965,0.9039342650229965,-0.8772630138508518,clean,,,2023-02-07 22:30:18,2023-02-07 22:38:21.437131,-483.437131
ingv,ECPN,sim2,template2,3156883,2023-02-07 22:30:40,0.3347420732554941,-1.726731509511339,0.8197160233677374,0.8197160233677374,-1.726731509511339,clean,,,2023-02-07 22:30:40,2023-02-07 22:38:21.437131,-461.437131
ingv,ECPN,sim1,template3,3156924,2023-02-07 22:31:21,0.494614395173902,-1.6983565598697972,0.822398239583953,0.822398239583953,-1.6983565598697972,clean,,,2023-02-07 22:31:21,2023-02-07 22:38:21.437131,-420.437131
ingv,ECPN,sim4,template1,3160816,2023-02-08 01:24:43,0.3532110775216485,-0.3625125529424056,0.9591231474162564,0.9591231474162564,-0.3625125529424056,clean,,,2023-02-08 01:24:43,2023-02-08 01:17:32.311412,430.688588
ingv,ECPN,sim1,template1,3160939,2023-02-08 01:46:46,0.2510829638791343,-0.4094171608661837,0.9539577530097147,0.9539577530097147,-0.4094171608661837,clean,,,2023-02-08 01:46:46,2023-02-08 01:55:50.336759,-544.336759
ingv,ECPN,sim3,template3,3160999,2023-02-08 01:47:46,0.2857681689453908,-0.3450157334314815,0.9610571483132264,0.9610571483132264,-0.3450157334314815,clean,,,2023-02-08 01:47:46,2023-02-08 01:55:50.336759,-484.336759
ingv,ECPN,sim3,template1,3165210,2023-02-08 04:58:23,0.2745231634829057,-1.751724013432712,0.8173607884916139,0.8173607884916139,-1.751724013432712,clean,,,2023-02-08 04:58:23,2023-02-08 05:06:57.151699,-514.151699
ingv,EC1,sim4,template3,3219187,2023-02-08 06:42:39,0.2631817829769964,0.4198950031810908,1.0495297416444438,1.0495297416444438,0.4198950031810908,clean,,,2023-02-08 06:42:39,2023-02-08 06:33:46.796987,532.203013
ingv,ECPN,sim1,template3,3166555,2023-02-08 06:42:52,0.2106445990546197,-2.066109330869522,0.7883054579152182,0.7883054579152182,-2.066109330869522,clean,,,2023-02-08 06:42:52,2023-02-08 06:33:46.796987,545.203013
ingv,EC1,sim1,template2,3225548,2023-02-08 12:53:08,0.2451672024504459,-3.0631085147272423,0.7028207486893993,0.7028207486893993,-3.0631085147272423,clean,,,2023-02-08 12:53:08,2023-02-08 13:00:45.154218,-457.154218
ingv,EC1,sim2,template2,3228866,2023-02-08 19:40:25,0.3442790407803088,-4.010018903379658,0.6302299743996918,0.6302299743996918,-4.010018903379658,clean,,,2023-02-08 19:40:25,2023-02-08 19:32:20.737160,484.26284
ingv,EC1,sim3,template1,3228935,2023-02-08 19:41:34,0.2405678610676765,-3.9220183299160314,0.6366475666755017,0.6366475666755017,-3.9220183299160314,clean,,,2023-02-08 19:41:34,2023-02-08 19:32:20.737160,553.26284
ingv,EC1,sim4,template1,3230062,2023-02-08 20:44:40,0.2277029843382121,-4.374152568785858,0.6043553507622828,0.6043553507622828,-4.374152568785858,clean,,,2023-02-08 20:44:40,2023-02-08 20:53:34.317448,-534.317448
ingv,EC1,sim3,template1,3230158,2023-02-08 20:46:16,0.3143989061539139,-4.177192635121261,0.618216181395475,0.618216181395475,-4.177192635121261,clean,,,2023-02-08 20:46:16,2023-02-08 20:53:34.317448,-438.317448
ingv,ECPN,sim3,template4,3177560,2023-02-08 21:19:35,0.242024335713135,1.01642965262252,1.1241427984769383,1.1241427984769383,1.01642965262252,clean,,,2023-02-08 21:19:35,2023-02-08 21:12:06.457311,448.542689
ingv,ECPN,sim3,template2,3177580,2023-02-08 21:19:55,0.304103954692673,-2.4057098971354,0.7580790680557632,0.7580790680557632,-2.4057098971354,clean,,,2023-02-08 21:19:55,2023-02-08 21:12:06.457311,468.542689
ingv,ECPN,sim2,template1,3178127,2023-02-08 21:29:02,0.3508079159495123,-2.019590039045564,0.7925387362365617,0.7925387362365617,-2.019590039045564,clean,,,2023-02-08 21:29:02,2023-02-08 21:38:20.263244,-558.263244
ingv,EC1,sim4,template1,3231179,2023-02-08 22:06:45,0.2509474805101457,-2.559649459759548,0.744762029985905,0.744762029985905,-2.559649459759548,clean,,,2023-02-08 22:06:45,2023-02-08 22:14:37.209798,-472.209798
ingv,ECPN,sim2,template2,3178564,2023-02-08 22:07:15,0.3318361573651821,-1.8217090016277044,0.8108015120284718,0.8108015120284718,-1.8217090016277044,clean,,,2023-02-08 22:07:15,2023-02-08 22:14:37.209798,-442.209798
ingv,EC1,sim1,template3,3231254,2023-02-08 23:04:59,0.2259835780870049,-2.053738386089488,0.7894290079180563,0.7894290079180563,-2.053738386089488,clean,,,2023-02-08 23:04:59,2023-02-08 22:57:36.665849,442.334151
ingv,EC1,sim2,template1,3231353,2023-02-08 23:06:38,0.3251750480036083,-1.9355406666520525,0.8002449951211705,0.8002449951211705,-1.9355406666520525,clean,,,2023-02-08 23:06:38,2023-02-08 22:57:36.665849,541.334151
ingv,ECPN,sim2,template3,3178934,2023-02-09 00:17:44,0.3946953204178112,-1.4770155631403694,0.8436245739932774,0.8436245739932774,-1.4770155631403694,clean,,,2023-02-09 00:17:44,2023-02-09 00:09:29.471383,494.528617
ingv,ECPN,sim1,template3,3179018,2023-02-09 00:19:08,0.2096901217504512,-1.208684904495005,0.8700931603876998,0.8700931603876998,-1.208684904495005,clean,,,2023-02-09 00:19:08,2023-02-09 00:09:29.471383,578.528617
ingv,ECPN,sim3,template1,3182413,2023-02-09 02:59:55,0.2547809265001255,1.7692602930264716,1.225922496327874,1.225922496327874,1.7692602930264716,clean,,,2023-02-09 02:59:55,2023-02-09 03:09:30.309981,-575.309981
ingv,EC1,sim2,template2,3235125,2023-02-09 03:01:02,0.2478060947382384,1.2386644427013729,1.1532759145031155,1.1532759145031155,1.2386644427013729,clean,,,2023-02-09 03:01:02,2023-02-09 03:09:30.309981,-508.309981
ingv,EC1,sim1,template4,3235280,2023-02-09 03:17:37,0.3059927984287085,1.3660097851913469,1.170308850093322,1.170308850093322,1.3660097851913469,clean,,,2023-02-09 03:17:37,2023-02-09 03:09:30.309981,486.690019
ingv,ECPN,sim2,template1,3182702,2023-02-09 03:18:44,0.3697700944953595,1.6455537863662395,1.2085863621922674,1.2085863621922674,1.6455537863662395,clean,,,2023-02-09 03:18:44,2023-02-09 03:09:30.309981,553.690019
ingv,EC1,sim1,template3,3235926,2023-02-09 06:04:27,0.2878622017738778,2.112287231898076,1.2753058785902518,1.2753058785902518,2.112287231898076,clean,,,2023-02-09 06:04:27,2023-02-09 06:14:13.074702,-586.074702
ingv,EC1,sim1,template1,3235926,2023-02-09 06:04:27,0.2305335081418935,2.112756920937538,1.2753748425552294,1.2753748425552294,2.112756920937538,clean,,,2023-02-09 06:04:27,2023-02-09 06:14:13.074702,-586.074702
ingv,ECPN,sim3,template2,3183388,2023-02-09 06:06:14,0.4352787738439514,2.6044278874887974,1.3496507313726944,1.3496507313726944,2.6044278874887974,clean,,,2023-02-09 06:06:14,2023-02-09 06:14:13.074702,-479.074702
ingv,ECPN,sim2,template3,3183516,2023-02-09 06:22:22,0.2001811319097148,2.662631890333978,1.3587250882093735,1.3587250882093735,2.662631890333978,clean,,,2023-02-09 06:22:22,2023-02-09 06:14:13.074702,488.925298
ingv,EC1,sim4,template1,3236177,2023-02-09 06:22:38,0.3013465373390743,2.170745461629579,1.2839179572860266,1.2839179572860266,2.170745461629579,clean,,,2023-02-09 06:22:38,2023-02-09 06:14:13.074702,504.925298
ingv,ECPN,sim4,template3,3183542,2023-02-09 06:22:48,0.3734176684629445,2.7214900834845546,1.3679634826135612,1.3679634826135612,2.7214900834845546,clean,,,2023-02-09 06:22:48,2023-02-09 06:14:13.074702,514.925298
ingv,ECPN,sim3,template3,3184259,2023-02-09 09:16:52,0.4112603699723973,2.923960028191725,1.400225561038717,1.400225561038717,2.923960028191725,clean,,,2023-02-09 09:16:52,2023-02-09 09:08:23.115710,508.88429
ingv,EC1,sim3,template3,3236923,2023-02-09 09:17:11,0.2460164533854567,1.3722605759945226,1.1711513646747114,1.1711513646747114,1.3722605759945226,clean,,,2023-02-09 09:17:11,2023-02-09 09:08:23.115710,527.88429
ingv,ECPN,sim4,template1,3184301,2023-02-09 09:17:34,0.4524165101847908,2.8869797719885955,1.3942767601671684,1.3942767601671684,2.8869797719885955,clean,,,2023-02-09 09:17:34,2023-02-09 09:08:23.115710,550.88429
ingv,ECPN,sim4,template3,3184810,2023-02-09 10:14:12,0.2615108249329075,2.808602521113534,1.3817520769539815,1.3817520769539815,2.808602521113534,clean,,,2023-02-09 10:14:12,2023-02-09 10:06:21.541550,470.45845
ingv,EC1,sim1,template4,3237490,2023-02-09 10:14:47,0.219893975059174,1.424799456510497,1.1782568487531475,1.1782568487531475,1.424799456510497,clean,,,2023-02-09 10:14:47,2023-02-09 10:06:21.541550,505.45845
ingv,ECPN,sim3,template4,3185126,2023-02-09 11:13:30,0.2430330925277671,2.690970687606304,1.363165337611888,1.363165337611888,2.690970687606304,clean,,,2023-02-09 11:13:30,2023-02-09 11:21:52.115723,-502.115723
ingv,ECPN,sim1,template1,3185135,2023-02-09 11:13:39,0.237174564673199,2.0598699111280143,1.2676328803338217,1.2676328803338217,2.0598699111280143,clean,,,2023-02-09 11:13:39,2023-02-09 11:21:52.115723,-493.115723
ingv,EC1,sim1,template2,3246898,2023-02-09 17:03:14,0.2376322250949998,-0.6222055363377461,0.9308714769369418,0.9308714769369418,-0.6222055363377461,clean,,,2023-02-09 17:03:14,2023-02-09 16:56:02.525737,431.474263
ingv,ECPN,sim4,template3,3194341,2023-02-09 17:04:42,0.2540017375157047,0.4259051299000989,1.0502562060396134,1.0502562060396134,0.4259051299000989,clean,,,2023-02-09 17:04:42,2023-02-09 16:56:02.525737,519.474263
ingv,EC1,sim3,template1,3252488,2023-02-09 20:57:22,0.2047142797770232,0.2845447374247471,1.0333019212123782,1.0333019212123782,0.2845447374247471,clean,,,2023-02-09 20:57:22,2023-02-09 20:49:40.748697,461.251303
ingv,ECPN,sim1,template1,3212197,2023-02-10 03:21:48,0.3219080712994472,-0.1953957572236992,0.9777553751520218,0.9777553751520218,-0.1953957572236992,clean,,,2023-02-10 03:21:48,2023-02-10 03:30:48.983091,-540.983091
ingv,ECPN,sim1,template4,3212210,2023-02-10 03:22:01,0.2109365808784332,-0.6031667554848466,0.9329141111770984,0.9329141111770984,-0.6031667554848466,clean,,,2023-02-10 03:22:01,2023-02-10 03:30:48.983091,-527.983091
ingv,EC1,sim1,template2,3264945,2023-02-10 03:23:31,0.3412982423049431,-0.1966786592589112,0.977610971782532,0.977610971782532,-0.1966786592589112,clean,,,2023-02-10 03:23:31,2023-02-10 03:30:48.983091,-437.983091
ingv,ECPN,sim4,template3,3212343,2023-02-10 03:42:35,0.2838500684988043,-0.5177378287587006,0.9421349361638712,0.9421349361638712,-0.5177378287587006,clean,,,2023-02-10 03:42:35,2023-02-10 03:35:09.178707,445.821293
ingv,ECPN,sim3,template1,3212352,2023-02-10 03:42:44,0.2759043830627459,-0.5481377496795712,0.9388433026222566,0.9388433026222566,-0.5481377496795712,clean,,,2023-02-10 03:42:44,2023-02-10 03:35:09.178707,454.821293
ingv,EC1,sim4,template2,3265069,2023-02-10 03:43:56,0.2320162382995829,-0.1778730551344765,0.9797298659941192,0.9797298659941192,-0.1778730551344765,clean,,,2023-02-10 03:43:56,2023-02-10 03:35:09.178707,526.821293
ingv,ECPN,sim3,template2,3218329,2023-02-10 07:05:41,0.2917050678276888,-0.4485597214887444,0.949668458453328,0.949668458453328,-0.4485597214887444,clean,,,2023-02-10 07:05:41,2023-02-10 06:58:18.391087,442.608913
ingv,ECPN,sim3,template4,3218354,2023-02-10 07:06:06,0.2680020123241761,0.7965944590466152,1.0960483760989157,1.0960483760989157,0.7965944590466152,clean,,,2023-02-10 07:06:06,2023-02-10 06:58:18.391087,467.608913
ingv,EC1,sim4,template3,3271102,2023-02-10 07:07:49,0.2821185769609948,2.385816654251724,1.316105889924853,1.316105889924853,2.385816654251724,clean,,,2023-02-10 07:07:49,2023-02-10 06:58:18.391087,570.608913
ingv,EC1,sim1,template3,3295129,2023-02-10 18:33:00,0.3862329374077232,1.5195055149303398,1.1911741929105677,1.1911741929105677,1.5195055149303398,clean,,,2023-02-10 18:33:00,2023-02-10 18:41:49.975314,-529.975314
ingv,EC1,sim2,template2,3296491,2023-02-10 19:42:51,0.2454771836000409,-0.6607163451282884,0.926753388761914,0.926753388761914,-0.6607163451282884,clean,,,2023-02-10 19:42:51,2023-02-10 19:51:11.602696,-500.602696
ingv,ECPN,sim1,template3,3243973,2023-02-10 19:58:58,0.2369520620380059,0.2533565687572702,1.0295983275416158,1.0295983275416158,0.2533565687572702,clean,,,2023-02-10 19:58:58,2023-02-10 19:51:11.602696,466.397304
ingv,ECPN,sim4,template2,3243983,2023-02-10 19:59:08,0.2166570834710433,0.2154488608219992,1.0251146569377814,1.0251146569377814,0.2154488608219992,clean,,,2023-02-10 19:59:08,2023-02-10 19:51:11.602696,476.397304
ingv,ECPN,sim2,template1,3244083,2023-02-10 20:00:48,0.2375921682864145,0.2659218516137862,1.0310888549308572,1.0310888549308572,0.2659218516137862,clean,,,2023-02-10 20:00:48,2023-02-10 19:51:11.602696,576.397304
ingv,ECPN,sim2,template2,3245423,2023-02-10 21:14:39,0.237647921703921,0.4260934307548141,1.0502789747245935,1.0502789747245935,0.4260934307548141,clean,,,2023-02-10 21:14:39,2023-02-10 21:06:17.663511,501.336489
ingv,ECPN,sim1,template3,3245466,2023-02-10 21:15:22,0.3555974051719595,0.5469936500084759,1.0650001832462668,1.0650001832462668,0.5469936500084759,clean,,,2023-02-10 21:15:22,2023-02-10 21:06:17.663511,544.336489
ingv,EC1,sim1,template2,3302538,2023-02-10 22:49:09,0.3888665289185191,-0.0215630415438639,0.9975205420454136,0.9975205420454136,-0.0215630415438639,clean,,,2023-02-10 22:49:09,2023-02-10 22:58:27.262265,-558.262265
ingv,EC1,sim1,template3,3302546,2023-02-10 22:49:17,0.3964023899836432,-0.028087819554707,0.9967714931426118,0.9967714931426118,-0.028087819554707,clean,,,2023-02-10 22:49:17,2023-02-10 22:58:27.262265,-550.262265
ingv,ECPN,sim3,template2,3250092,2023-02-10 23:06:28,0.2275963127366805,0.1710148918442173,1.0198839201362266,1.0198839201362266,0.1710148918442173,clean,,,2023-02-10 23:06:28,2023-02-10 22:58:27.262265,480.737735
ingv,ECPN,sim2,template1,3250134,2023-02-10 23:07:10,0.2131188366442768,0.1683417969833353,1.0195700977047757,1.0195700977047757,0.1683417969833353,clean,,,2023-02-10 23:07:10,2023-02-10 22:58:27.262265,522.737735
ingv,EC1,sim2,template2,3303640,2023-02-10 23:53:43,0.2214844100417762,-1.1271933735899138,0.8782948401006534,0.8782948401006534,-1.1271933735899138,clean,,,2023-02-10 23:53:43,2023-02-11 00:03:10.241329,-567.241329
ingv,EC1,sim3,template1,3303779,2023-02-10 23:56:02,0.3815082693136533,-1.2896427656211178,0.8620210312878247,0.8620210312878247,-1.2896427656211178,clean,,,2023-02-10 23:56:02,2023-02-11 00:03:10.241329,-428.241329
ingv,ECPN,sim2,template3,3251486,2023-02-11 00:43:33,0.3625826192291209,-0.1143633983136288,0.9869197273384224,0.9869197273384224,-0.1143633983136288,clean,,,2023-02-11 00:43:33,2023-02-11 00:53:00.620103,-567.620103
ingv,EC1,sim3,template2,3304150,2023-02-11 00:43:52,0.2447309575567453,-1.40800218856861,0.8503542577374812,0.8503542577374812,-1.40800218856861,clean,,,2023-02-11 00:43:52,2023-02-11 00:53:00.620103,-548.620103
ingv,ECPN,sim1,template1,3251528,2023-02-11 00:44:15,0.2352693672000037,-0.1484444147563791,0.9830549158529313,0.9830549158529313,-0.1484444147563791,clean,,,2023-02-11 00:44:15,2023-02-11 00:53:00.620103,-525.620103
ingv,ECPN,sim1,template2,3251726,2023-02-11 01:01:33,0.3272784757012343,-0.459598066579753,0.9484623517121832,0.9484623517121832,-0.459598066579753,clean,,,2023-02-11 01:01:33,2023-02-11 00:53:00.620103,512.379897
ingv,EC1,sim3,template1,3307048,2023-02-11 01:46:10,0.3872975105689482,-0.924386686625701,0.8990434175982037,0.8990434175982037,-0.924386686625701,clean,,,2023-02-11 01:46:10,2023-02-11 01:55:37.270135,-567.270135
ingv,ECPN,sim2,template4,3254482,2023-02-11 01:47:29,0.22293769804261,-0.9492040232145144,0.896478335652338,0.896478335652338,-0.9492040232145144,clean,,,2023-02-11 01:47:29,2023-02-11 01:55:37.270135,-488.270135
ingv,ECPN,sim2,template2,3254540,2023-02-11 01:48:27,0.2351923005642113,-1.7705148491671971,0.8155944419912033,0.8155944419912033,-1.7705148491671971,clean,,,2023-02-11 01:48:27,2023-02-11 01:55:37.270135,-430.270135
ingv,ECPN,sim3,template1,3255094,2023-02-11 02:11:41,0.2739994838685545,-1.2772736832617204,0.863249460964798,0.863249460964798,-1.2772736832617204,clean,,,2023-02-11 02:11:41,2023-02-11 02:21:35.500489,-594.500489
ingv,EC1,sim1,template3,3307821,2023-02-11 02:13:03,0.3319733577944643,-0.4137934400545732,0.9534772341331986,0.9534772341331986,-0.4137934400545732,clean,,,2023-02-11 02:13:03,2023-02-11 02:21:35.500489,-512.500489
ingv,EC1,sim4,template2,3307870,2023-02-11 02:13:52,0.3134077012271867,-0.5815924339554145,0.9352341965808152,0.9352341965808152,-0.5815924339554145,clean,,,2023-02-11 02:13:52,2023-02-11 02:21:35.500489,-463.500489
ingv,EC1,sim3,template2,3307915,2023-02-11 02:28:37,0.31351407752313,-0.6348971327614223,0.9295123049386956,0.9295123049386956,-0.6348971327614223,clean,,,2023-02-11 02:28:37,2023-02-11 02:21:35.500489,421.499511
ingv,EC1,sim3,template3,3307941,2023-02-11 02:29:03,0.3859751979033147,-0.6117379791919308,0.9319939669144248,0.9319939669144248,-0.6117379791919308,clean,,,2023-02-11 02:29:03,2023-02-11 02:21:35.500489,447.499511
ingv,EC1,sim4,template3,3308050,2023-02-11 02:30:52,0.3602747343364227,-0.8648690969399506,0.905225011675548,0.905225011675548,-0.8648690969399506,clean,,,2023-02-11 02:30:52,2023-02-11 02:21:35.500489,556.499511
ingv,ECPN,sim4,template1,3256226,2023-02-11 02:44:33,0.2956218009326117,-1.3680331256369926,0.8542762719196775,0.8542762719196775,-1.3680331256369926,clean,,,2023-02-11 02:44:33,2023-02-11 02:54:32.093454,-599.093454
ingv,ECPN,sim2,template3,3256250,2023-02-11 02:44:57,0.2723653616530861,-1.4607685618155206,0.8452040548590061,0.8452040548590061,-1.4607685618155206,clean,,,2023-02-11 02:44:57,2023-02-11 02:54:32.093454,-575.093454
ingv,EC1,sim3,template2,3309100,2023-02-11 04:05:26,0.3135852651181731,0.0267158488831292,1.003080510820948,1.003080510820948,0.0267158488831292,clean,,,2023-02-11 04:05:26,2023-02-11 03:57:47.212221,458.787779
ingv,EC1,sim1,template1,3309159,2023-02-11 04:06:25,0.2645460389941119,0.00933386767621,1.001075178819336,1.001075178819336,0.00933386767621,clean,,,2023-02-11 04:06:25,2023-02-11 03:57:47.212221,517.787779
ingv,EC1,sim1,template3,3309182,2023-02-11 04:06:48,0.4125265362506712,0.0097276139909587,1.0011205603073816,1.0011205603073816,0.0097276139909587,clean,,,2023-02-11 04:06:48,2023-02-11 03:57:47.212221,540.787779
ingv,ECPN,sim4,template2,3256596,2023-02-11 04:07:47,0.2634852474904988,-1.8951128335987848,0.8039783580535438,0.8039783580535438,-1.8951128335987848,clean,,,2023-02-11 04:07:47,2023-02-11 03:57:47.212221,599.787779
ingv,EC1,sim1,template3,3310926,2023-02-11 05:07:39,0.3198468743007189,-0.7005343820458267,0.9225146695326976,0.9225146695326976,-0.7005343820458267,clean,,,2023-02-11 05:07:39,2023-02-11 05:14:43.065756,-424.065756
ingv,ECPN,sim4,template1,3258457,2023-02-11 05:24:35,0.2981773999424613,-1.112718604500099,0.8797597117981534,0.8797597117981534,-1.112718604500099,clean,,,2023-02-11 05:24:35,2023-02-11 05:14:43.065756,591.934244
ingv,EC1,sim1,template2,3317161,2023-02-11 08:25:34,0.2506629545266745,-1.29757670770787,0.8612339959232456,0.8612339959232456,-1.29757670770787,clean,,,2023-02-11 08:25:34,2023-02-11 08:35:01.985326,-567.985326
ingv,EC1,sim3,template4,3317274,2023-02-11 08:27:27,0.2496108734713468,-1.583133459411966,0.8333804860013494,0.8333804860013494,-1.583133459411966,clean,,,2023-02-11 08:27:27,2023-02-11 08:35:01.985326,-454.985326
ingv,ECPN,sim2,template4,3264742,2023-02-11 08:43:20,0.2209039843036553,-1.4007623109553604,0.8510633419528523,0.8510633419528523,-1.4007623109553604,clean,,,2023-02-11 08:43:20,2023-02-11 08:35:01.985326,498.014674
ingv,ECPN,sim1,template2,3264781,2023-02-11 08:43:59,0.3853551852616618,-0.1394606256792396,0.9840722125473644,0.9840722125473644,-0.1394606256792396,clean,,,2023-02-11 08:43:59,2023-02-11 08:35:01.985326,537.014674
ingv,ECPN,sim4,template1,3264809,2023-02-11 08:44:27,0.2274600213838385,-0.1344676750445369,0.984638054004823,0.984638054004823,-0.1344676750445369,clean,,,2023-02-11 08:44:27,2023-02-11 08:35:01.985326,565.014674
ingv,EC1,sim3,template1,3317477,2023-02-11 08:44:50,0.2857638313209985,-1.8158896877494384,0.8113449093788254,0.8113449093788254,-1.8158896877494384,clean,,,2023-02-11 08:44:50,2023-02-11 08:35:01.985326,588.014674
ingv,EC1,sim2,template2,3320014,2023-02-11 10:46:19,0.2758154384132399,-2.60317168801715,0.7410395982599034,0.7410395982599034,-2.60317168801715,clean,,,2023-02-11 10:46:19,2023-02-11 10:37:38.114052,520.885948
ingv,EC1,sim3,template3,3320047,2023-02-11 10:46:52,0.3194837716414082,-2.618277478171545,0.7397519626879414,0.7397519626879414,-2.618277478171545,clean,,,2023-02-11 10:46:52,2023-02-11 10:37:38.114052,553.885948
ingv,ECPN,sim2,template2,3268096,2023-02-11 11:34:07,0.2834087069634854,-2.142200506307074,0.781429810009526,0.781429810009526,-2.142200506307074,clean,,,2023-02-11 11:34:07,2023-02-11 11:42:16.273107,-489.273107
ingv,EC1,sim1,template2,3320742,2023-02-11 11:34:08,0.235462652311778,-1.6620620225015863,0.8258418721753058,0.8258418721753058,-1.6620620225015863,clean,,,2023-02-11 11:34:08,2023-02-11 11:42:16.273107,-488.273107
ingv,ECPN,sim1,template2,3268130,2023-02-11 11:34:41,0.3090756988757009,-2.113579473060139,0.7840089605874437,0.7840089605874437,-2.113579473060139,clean,,,2023-02-11 11:34:41,2023-02-11 11:42:16.273107,-455.273107
ingv,ECPN,sim3,template3,3268223,2023-02-11 12:23:24,0.3730938407099091,-2.422508808115729,0.7566143250874181,0.7566143250874181,-2.422508808115729,clean,,,2023-02-11 12:23:24,2023-02-11 12:15:26.117087,477.882913
ingv,ECPN,sim4,template1,3268317,2023-02-11 12:24:58,0.3733160743447261,-2.0640723193731345,0.7884903526878191,0.7884903526878191,-2.0640723193731345,clean,,,2023-02-11 12:24:58,2023-02-11 12:15:26.117087,571.882913
ingv,EC1,sim3,template2,3331551,2023-02-11 19:00:19,0.2034076673644236,0.3462957681633027,1.0406742013827086,1.0406742013827086,0.3462957681633027,clean,,,2023-02-11 19:00:19,2023-02-11 19:07:52.891927,-453.891927
ingv,EC1,sim1,template4,3331634,2023-02-11 19:15:42,0.2015150524247519,0.5674925574845254,1.067516577380841,1.067516577380841,0.5674925574845254,clean,,,2023-02-11 19:15:42,2023-02-11 19:07:52.891927,469.108073
ingv,ECPN,sim1,template1,3279017,2023-02-11 19:16:10,0.25214077442813,-1.5655596572614776,0.8350683372599821,0.8350683372599821,-1.5655596572614776,clean,,,2023-02-11 19:16:10,2023-02-11 19:07:52.891927,497.108073
ingv,ECPN,sim3,template4,3280995,2023-02-11 19:49:08,0.370033012020578,1.4402984063874542,1.1803611866236967,1.1803611866236967,1.4402984063874542,clean,,,2023-02-11 19:49:08,2023-02-11 19:57:43.153054,-515.153054
ingv,EC1,sim1,template1,3333767,2023-02-11 21:04:07,0.4317489126236473,0.6479376312312768,1.077449394835689,1.077449394835689,0.6479376312312768,clean,,,2023-02-11 21:04:07,2023-02-11 20:54:20.896289,586.103711
ingv,EC1,sim2,template2,3333772,2023-02-11 21:04:12,0.3668582145656588,0.6489434126291626,1.0775741651641495,1.0775741651641495,0.6489434126291626,clean,,,2023-02-11 21:04:12,2023-02-11 20:54:20.896289,591.103711
ingv,EC1,sim2,template2,3339159,2023-02-12 00:27:08,0.2076823606720804,-0.2769839315552937,0.9686141372299868,0.9686141372299868,-0.2769839315552937,clean,,,2023-02-12 00:27:08,2023-02-12 00:36:55.735842,-587.735842
ingv,EC1,sim4,template1,3339270,2023-02-12 00:28:59,0.2593168994693892,-0.4580354592047955,0.9486329971669776,0.9486329971669776,-0.4580354592047955,clean,,,2023-02-12 00:28:59,2023-02-12 00:36:55.735842,-476.735842
ingv,ECPN,sim4,template3,3286631,2023-02-12 00:29:05,0.4011286967897695,1.4416028892784651,1.1805384714692289,1.1805384714692289,1.4416028892784651,clean,,,2023-02-12 00:29:05,2023-02-12 00:36:55.735842,-470.735842
ingv,ECPN,sim4,template3,3290751,2023-02-12 02:49:31,0.4566060320428973,0.0868139328157045,1.0100449384500696,1.0100449384500696,0.0868139328157045,clean,,,2023-02-12 02:49:31,2023-02-12 02:59:11.399962,-580.399962
ingv,ECPN,sim4,template2,3290813,2023-02-12 02:50:33,0.3139161905924746,0.367142353343367,1.0431748730577035,1.0431748730577035,0.367142353343367,clean,,,2023-02-12 02:50:33,2023-02-12 02:59:11.399962,-518.399962
ingv,ECPN,sim3,template3,3290902,2023-02-12 02:52:02,0.3237818225504176,0.4669958715859156,1.0552364727733254,1.0552364727733254,0.4669958715859156,clean,,,2023-02-12 02:52:02,2023-02-12 02:59:11.399962,-429.399962
ingv,ECPN,sim1,template2,3291055,2023-02-12 03:08:35,0.3281745142041697,0.2902131234668128,1.0339764710890398,1.0339764710890398,0.2902131234668128,clean,,,2023-02-12 03:08:35,2023-02-12 02:59:11.399962,563.600038
ingv,EC1,sim2,template4,3343708,2023-02-12 03:08:43,0.2357327237938297,-0.2041312023611547,0.9767725357073996,0.9767725357073996,-0.2041312023611547,clean,,,2023-02-12 03:08:43,2023-02-12 02:59:11.399962,571.600038
ingv,EC1,sim2,template1,3344065,2023-02-12 03:14:40,0.3341347269329566,-0.1542949769654753,0.9823929816563484,0.9823929816563484,-0.1542949769654753,clean,,,2023-02-12 03:14:40,2023-02-12 03:24:11.938072,-571.938072
ingv,EC1,sim4,template2,3344224,2023-02-12 03:31:19,0.2560218069757218,-0.3233611077742204,0.9634561307307532,0.9634561307307532,-0.3233611077742204,clean,,,2023-02-12 03:31:19,2023-02-12 03:24:11.938072,427.061928
ingv,EC1,sim1,template3,3344250,2023-02-12 03:31:45,0.2270786046852694,-0.5095669535383294,0.9430216258724216,0.9430216258724216,-0.5095669535383294,clean,,,2023-02-12 03:31:45,2023-02-12 03:24:11.938072,453.061928
ingv,EC1,sim3,template2,3344325,2023-02-12 03:33:00,0.2582147738333039,-1.0862966626646924,0.8824399612198776,0.8824399612198776,-1.0862966626646924,clean,,,2023-02-12 03:33:00,2023-02-12 03:24:11.938072,528.061928
ingv,EC1,sim3,template1,3344328,2023-02-12 03:33:03,0.4160927814764227,-1.107661176285866,0.8802721080352116,0.8802721080352116,-1.107661176285866,clean,,,2023-02-12 03:33:03,2023-02-12 03:24:11.938072,531.061928
ingv,EC1,sim2,template1,3346696,2023-02-12 05:32:14,0.2882638524736544,-0.6244848749860579,0.9306272310334528,0.9306272310334528,-0.6244848749860579,clean,,,2023-02-12 05:32:14,2023-02-12 05:25:12.762406,421.237594
ingv,EC1,sim1,template3,3346726,2023-02-12 05:32:44,0.2996103192002684,-0.6291310574362499,0.930129560921066,0.930129560921066,-0.6291310574362499,clean,,,2023-02-12 05:32:44,2023-02-12 05:25:12.762406,451.237594
ingv,EC1,sim3,template4,3346970,2023-02-12 05:50:48,0.289099408888454,-0.1855139936785076,0.97886838095943,0.97886838095943,-0.1855139936785076,clean,,,2023-02-12 05:50:48,2023-02-12 05:42:12.176923,515.823077
ingv,EC1,sim3,template2,3353285,2023-02-12 10:41:15,0.3586308720822178,0.8841036509576271,1.107146732213731,1.107146732213731,0.8841036509576271,clean,,,2023-02-12 10:41:15,2023-02-12 10:50:26.157973,-551.157973
ingv,EC1,sim4,template2,3357291,2023-02-12 13:16:42,0.2254598698581207,-0.8853825171352065,0.9030896689994364,0.9030896689994364,-0.8853825171352065,clean,,,2023-02-12 13:16:42,2023-02-12 13:26:25.172570,-583.17257
ingv,EC1,sim3,template2,3357358,2023-02-12 13:17:49,0.2324472726467766,-0.7050880943911277,0.9220311536670698,0.9220311536670698,-0.7050880943911277,clean,,,2023-02-12 13:17:49,2023-02-12 13:26:25.172570,-516.17257
ingv,ECPN,sim2,template2,3304770,2023-02-12 13:18:46,0.3955803864508667,-0.5790613507894663,0.9355067651443056,0.9355067651443056,-0.5790613507894663,clean,,,2023-02-12 13:18:46,2023-02-12 13:26:25.172570,-459.17257
ingv,EC1,sim4,template1,3362739,2023-02-12 16:03:40,0.2776545387562191,-0.3322909447640221,0.9624661244679652,0.9624661244679652,-0.3322909447640221,clean,,,2023-02-12 16:03:40,2023-02-12 16:13:31.938087,-591.938087
ingv,ECPN,sim3,template1,3310096,2023-02-12 16:03:42,0.2668872131591263,0.4186956878994966,1.0493848364919949,1.0493848364919949,0.4186956878994966,clean,,,2023-02-12 16:03:42,2023-02-12 16:13:31.938087,-589.938087
ingv,ECPN,sim2,template2,3310183,2023-02-12 16:05:09,0.3113521719546865,0.4693042328928751,1.0555169495985608,1.0555169495985608,0.4693042328928751,clean,,,2023-02-12 16:05:09,2023-02-12 16:13:31.938087,-502.938087
ingv,EC1,sim4,template2,3362894,2023-02-12 16:06:15,0.229580013825357,-0.1400595440596958,0.9840043601291222,0.9840043601291222,-0.1400595440596958,clean,,,2023-02-12 16:06:15,2023-02-12 16:13:31.938087,-436.938087
ingv,EC1,sim2,template1,3362923,2023-02-12 16:56:43,0.2552924613757986,-0.2734637758013479,0.9690067698546172,0.9690067698546172,-0.2734637758013479,clean,,,2023-02-12 16:56:43,2023-02-12 16:49:30.752553,432.247447
ingv,ECPN,sim2,template3,3310283,2023-02-12 16:56:48,0.3106937446370069,0.6533572442285014,1.0781218856360484,1.0781218856360484,0.6533572442285014,clean,,,2023-02-12 16:56:48,2023-02-12 16:49:30.752553,437.247447
ingv,ECPN,sim4,template2,3310420,2023-02-12 16:59:05,0.3284089251238743,0.775136519880685,1.0933440000084342,1.0933440000084342,0.775136519880685,clean,,,2023-02-12 16:59:05,2023-02-12 16:49:30.752553,574.247447
ingv,EC1,sim4,template3,3363083,2023-02-12 16:59:23,0.2040460989627256,0.1828942476942356,1.0212797302709444,1.0212797302709444,0.1828942476942356,clean,,,2023-02-12 16:59:23,2023-02-12 16:49:30.752553,592.247447
ingv,ECPN,sim1,template3,3312878,2023-02-12 18:50:31,0.3045717167477853,2.826258056165586,1.3845635774576843,1.3845635774576843,2.826258056165586,clean,,,2023-02-12 18:50:31,2023-02-12 18:41:12.817119,558.182881
ingv,ECPN,sim4,template1,3312879,2023-02-12 18:50:32,0.2570452995822378,2.8265963682881075,1.3846175067366162,1.3846175067366162,2.8265963682881075,clean,,,2023-02-12 18:50:32,2023-02-12 18:41:12.817119,559.182881
ingv,ECPN,sim1,template1,3313718,2023-02-12 20:00:19,0.2768837199382246,2.429402218375121,1.3227266719800383,1.3227266719800383,2.429402218375121,clean,,,2023-02-12 20:00:19,2023-02-12 19:51:14.730621,544.269379
ingv,ECPN,sim1,template1,3325026,2023-02-13 05:00:40,0.3268024611574587,-3.8828929826416942,0.6395217964417191,0.6395217964417191,-3.8828929826416942,clean,,,2023-02-13 05:00:40,2023-02-13 05:07:54.787963,-434.787963
ingv,ECPN,sim2,template3,3326594,2023-02-13 05:40:48,0.2216840686321395,-2.9340230126416325,0.7133437317146645,0.7133437317146645,-2.9340230126416325,clean,,,2023-02-13 05:40:48,2023-02-13 05:49:46.839422,-538.839422
ingv,ECPN,sim1,template3,3326790,2023-02-13 06:08:31,0.2842251168809317,-2.583042312296703,0.7427589342191789,0.7427589342191789,-2.583042312296703,clean,,,2023-02-13 06:08:31,2023-02-13 06:00:13.664589,497.335411
ingv,ECPN,sim1,template4,3327711,2023-02-13 07:13:52,0.2129050156552304,-0.4538251123633045,0.9490929433898936,0.9490929433898936,-0.4538251123633045,clean,,,2023-02-13 07:13:52,2023-02-13 07:22:35.737413,-523.737413
ingv,ECPN,sim4,template3,3327774,2023-02-13 07:14:55,0.2625804865253068,-0.1516195094565156,0.9826956294511484,0.9826956294511484,-0.1516195094565156,clean,,,2023-02-13 07:14:55,2023-02-13 07:22:35.737413,-460.737413
ingv,ECPN,sim1,template1,3332050,2023-02-13 09:49:22,0.2231894847817963,0.8228665071000676,1.0993685919035645,1.0993685919035645,0.8228665071000676,clean,,,2023-02-13 09:49:22,2023-02-13 09:58:45.337365,-563.337365
ingv,ECPN,sim2,template2,3332341,2023-02-13 10:48:49,0.4444199196997765,0.7476908089322277,1.0898946994233885,1.0898946994233885,0.7476908089322277,clean,,,2023-02-13 10:48:49,2023-02-13 10:39:21.616893,567.383107
ingv,ECPN,sim1,template2,3334689,2023-02-13 11:27:57,0.2922441871781489,0.2800716912813807,1.0327699299652706,1.0327699299652706,0.2800716912813807,clean,,,2023-02-13 11:27:57,2023-02-13 11:36:22.067807,-505.067807
ingv,ECPN,sim4,template1,3334776,2023-02-13 11:43:24,0.361002835868539,0.5370527677825101,1.0637820022905418,1.0637820022905418,0.5370527677825101,clean,,,2023-02-13 11:43:24,2023-02-13 11:36:22.067807,421.932193
ingv,ECPN,sim3,template1,3339477,2023-02-13 14:04:27,0.2155443985431917,-1.707653136402414,0.8215184911138446,0.8215184911138446,-1.707653136402414,clean,,,2023-02-13 14:04:27,2023-02-13 14:12:03.815747,-456.815747
ingv,ECPN,sim3,template3,3339497,2023-02-13 14:04:47,0.2751786101402834,-1.7079649216832458,0.8214890027382049,0.8214890027382049,-1.7079649216832458,clean,,,2023-02-13 14:04:47,2023-02-13 14:12:03.815747,-436.815747
ingv,ECPN,sim2,template3,3341628,2023-02-13 16:39:31,0.3157630016760785,-1.3989405037961766,0.8512418655084077,0.8512418655084077,-1.3989405037961766,clean,,,2023-02-13 16:39:31,2023-02-13 16:31:32.937191,478.062809
ingv,ECPN,sim1,template3,3349963,2023-02-13 21:33:11,0.3262243391989177,-0.6548504236509174,0.9273794730097916,0.9273794730097916,-0.6548504236509174,clean,,,2023-02-13 21:33:11,2023-02-13 21:26:10.400410,420.59959
ingv,ECPN,sim4,template3,3350106,2023-02-13 21:35:34,0.4983127723757933,-0.5996944656991411,0.9332871294682398,0.9332871294682398,-0.5996944656991411,clean,,,2023-02-13 21:35:34,2023-02-13 21:26:10.400410,563.59959
ingv,ECPN,sim2,template1,3350135,2023-02-13 21:36:03,0.2209175289759305,-0.8132317235901071,0.9106225775934248,0.9106225775934248,-0.8132317235901071,clean,,,2023-02-13 21:36:03,2023-02-13 21:26:10.400410,592.59959
ingv,ECPN,sim2,template3,3352852,2023-02-13 22:21:20,0.4833523213112158,-1.9006166012943504,0.8034690828169232,0.8034690828169232,-1.9006166012943504,clean,,,2023-02-13 22:21:20,2023-02-13 22:31:03.553882,-583.553882
ingv,ECPN,sim1,template3,3353024,2023-02-13 22:38:12,0.4143350699153415,-1.853503020218152,0.8078390618259363,0.8078390618259363,-1.853503020218152,clean,,,2023-02-13 22:38:12,2023-02-13 22:31:03.553882,428.446118
ingv,ECPN,sim3,template3,3353081,2023-02-13 23:55:32,0.2358587202498127,-1.9040911916230447,0.8031477377719763,0.8031477377719763,-1.9040911916230447,clean,,,2023-02-13 23:55:32,2023-02-13 23:48:31.781166,420.218834
ingv,ECPN,sim3,template1,3353097,2023-02-13 23:55:48,0.3502072702411554,-1.9064649404685543,0.8029282771743051,0.8029282771743051,-1.9064649404685543,clean,,,2023-02-13 23:55:48,2023-02-13 23:48:31.781166,436.218834
ingv,ECPN,sim4,template3,3353211,2023-02-13 23:57:42,0.3078875380109808,-2.270471397777198,0.7699746554088537,0.7699746554088537,-2.270471397777198,clean,,,2023-02-13 23:57:42,2023-02-13 23:48:31.781166,550.218834
ingv,ECPN,sim1,template3,3357805,2023-02-14 03:19:18,0.3632491353928446,-3.6081253267318822,0.660075682851107,0.660075682851107,-3.6081253267318822,clean,,,2023-02-14 03:19:18,2023-02-14 03:11:36.180484,461.819516
ingv,ECPN,sim3,template2,3357899,2023-02-14 03:20:52,0.4204652769310631,-3.785167126975456,0.6467577531967116,0.6467577531967116,-3.785167126975456,clean,,,2023-02-14 03:20:52,2023-02-14 03:11:36.180484,555.819516
ingv,ECPN,sim3,template3,3357919,2023-02-14 03:21:12,0.3575613487700598,-3.798142823814948,0.6457922945534843,0.6457922945534843,-3.798142823814948,clean,,,2023-02-14 03:21:12,2023-02-14 03:11:36.180484,575.819516
ingv,ECPN,sim2,template2,3366658,2023-02-14 06:06:51,0.2332016634902668,2.2500534726129526,1.2956946741284474,1.2956946741284474,2.2500534726129526,clean,,,2023-02-14 06:06:51,2023-02-14 06:14:17.932175,-446.932175
ingv,ECPN,sim2,template3,3366741,2023-02-14 06:22:14,0.2825373674992373,2.2436463414485126,1.294739259661673,1.294739259661673,2.2436463414485126,clean,,,2023-02-14 06:22:14,2023-02-14 06:14:17.932175,476.067825
ingv,ECPN,sim4,template1,3369123,2023-02-14 07:21:56,0.2663133144500761,5.490620199813602,1.8816160547207093,1.8816160547207093,5.490620199813602,clean,,,2023-02-14 07:21:56,2023-02-14 07:31:01.664836,-545.664836
ingv,ECPN,sim4,template2,3369140,2023-02-14 07:22:13,0.354065800932023,5.478341060985706,1.878957915825865,1.878957915825865,5.478341060985706,clean,,,2023-02-14 07:22:13,2023-02-14 07:31:01.664836,-528.664836
ingv,ECPN,sim2,template2,3369153,2023-02-14 07:22:26,0.3658130678492139,5.471508840296394,1.877480530306595,1.877480530306595,5.471508840296394,clean,,,2023-02-14 07:22:26,2023-02-14 07:31:01.664836,-515.664836
ingv,ECPN,sim3,template2,3369214,2023-02-14 07:23:27,0.249945416909431,5.441395026126086,1.8709826116065331,1.8709826116065331,5.441395026126086,clean,,,2023-02-14 07:23:27,2023-02-14 07:31:01.664836,-454.664836
ingv,ECPN,sim1,template1,3369417,2023-02-14 07:40:50,0.2676387594225713,5.6492789183468695,1.9163019693542356,1.9163019693542356,5.6492789183468695,clean,,,2023-02-14 07:40:50,2023-02-14 07:31:01.664836,588.335164
ingv,ECPN,sim1,template4,3372773,2023-02-14 08:50:46,0.2017846317147947,-0.6677557164671776,0.9260026172602972,0.9260026172602972,-0.6677557164671776,clean,,,2023-02-14 08:50:46,2023-02-14 09:00:07.880147,-561.880147
ingv,ECPN,sim3,template1,3372845,2023-02-14 08:51:58,0.2589791860063681,-1.151441108886941,0.8758463905816788,0.8758463905816788,-1.151441108886941,clean,,,2023-02-14 08:51:58,2023-02-14 09:00:07.880147,-489.880147
ingv,ECPN,sim1,template1,3372900,2023-02-14 08:52:53,0.3133266199579916,-1.154889866006646,0.8754987023176939,0.8754987023176939,-1.154889866006646,clean,,,2023-02-14 08:52:53,2023-02-14 09:00:07.880147,-434.880147
ingv,ECPN,sim1,template3,3379259,2023-02-14 11:47:42,0.2517860047869364,-1.348748322355981,0.8561750816962517,0.8561750816962517,-1.348748322355981,clean,,,2023-02-14 11:47:42,2023-02-14 11:56:31.069258,-529.069258
ingv,ECPN,sim4,template2,3379264,2023-02-14 11:47:47,0.2903575954252037,-1.3473361652277176,0.8563142904687218,0.8563142904687218,-1.3473361652277176,clean,,,2023-02-14 11:47:47,2023-02-14 11:56:31.069258,-524.069258
ingv,ECPN,sim3,template2,3379313,2023-02-14 11:48:36,0.3215461507890468,-1.4298339590041456,0.8482195970126064,0.8482195970126064,-1.4298339590041456,clean,,,2023-02-14 11:48:36,2023-02-14 11:56:31.069258,-475.069258
ingv,ECPN,sim3,template3,3382992,2023-02-14 14:04:39,0.4101689305304267,-0.7231198985251028,0.9201190133767908,0.9201190133767908,-0.7231198985251028,clean,,,2023-02-14 14:04:39,2023-02-14 13:56:51.061230,467.93877
ingv,ECPN,sim4,template3,3383082,2023-02-14 14:06:09,0.3642704833307161,-0.7690552699802102,0.91526580372574,0.91526580372574,-0.7690552699802102,clean,,,2023-02-14 14:06:09,2023-02-14 13:56:51.061230,557.93877
ingv,ECPN,sim3,template1,3384032,2023-02-14 14:49:21,0.2316858679932605,0.1414971821390609,1.016423878210785,1.016423878210785,0.1414971821390609,clean,,,2023-02-14 14:49:21,2023-02-14 14:40:45.908645,515.091355
ingv,ECPN,sim4,template2,3387713,2023-02-14 16:19:48,0.4566179054652269,-0.692608181387919,0.92335688304846,0.92335688304846,-0.692608181387919,clean,,,2023-02-14 16:19:48,2023-02-14 16:27:57.720182,-489.720182
ingv,ECPN,sim3,template2,3387760,2023-02-14 16:20:35,0.3831013215524561,-0.6456009031975083,0.9283675565106816,0.9283675565106816,-0.6456009031975083,clean,,,2023-02-14 16:20:35,2023-02-14 16:27:57.720182,-442.720182
ingv,ECPN,sim1,template3,3387910,2023-02-14 16:37:05,0.349994215533523,-0.4858821083603954,0.945596583881631,0.945596583881631,-0.4858821083603954,clean,,,2023-02-14 16:37:05,2023-02-14 16:27:57.720182,547.279818
ingv,ECPN,sim1,template1,3388726,2023-02-14 17:10:41,0.4817426233892573,0.7002558616224843,1.0839588438977306,1.0839588438977306,0.7002558616224843,clean,,,2023-02-14 17:10:41,2023-02-14 17:20:19.819839,-578.819839
ingv,ECPN,sim1,template4,3388729,2023-02-14 17:10:44,0.3146893267789852,-0.8629202584344233,0.9054281382815162,0.9054281382815162,-0.8629202584344233,clean,,,2023-02-14 17:10:44,2023-02-14 17:20:19.819839,-575.819839
ingv,ECPN,sim2,template2,3390305,2023-02-14 18:19:53,0.3940449744467637,-0.8454081009445714,0.9072554692391898,0.9072554692391898,-0.8454081009445714,clean,,,2023-02-14 18:19:53,2023-02-14 18:10:24.762977,568.237023
ingv,ECPN,sim2,template2,3396810,2023-02-14 22:22:42,0.4398714125157649,-0.9038297583000904,0.9011737069910528,0.9011737069910528,-0.9038297583000904,clean,,,2023-02-14 22:22:42,2023-02-14 22:14:05.848065,516.151935
ingv,ECPN,sim4,template2,3397807,2023-02-14 23:31:34,0.2381530889371397,-1.859741206772755,0.8072590819095795,0.8072590819095795,-1.859741206772755,clean,,,2023-02-14 23:31:34,2023-02-14 23:40:11.580372,-517.580372
ingv,ECPN,sim2,template1,3398406,2023-02-15 00:43:42,0.4294167701553381,-0.7696738698449044,0.915200621785268,0.915200621785268,-0.7696738698449044,clean,,,2023-02-15 00:43:42,2023-02-15 00:36:15.242067,446.757933
ingv,ECPN,sim2,template2,3398485,2023-02-15 00:45:01,0.4277217940864562,-0.7264116746661586,0.919770372986221,0.919770372986221,-0.7264116746661586,clean,,,2023-02-15 00:45:01,2023-02-15 00:36:15.242067,525.757933
ingv,ECPN,sim3,template2,3408104,2023-02-15 05:26:55,0.4156013517453937,0.9357948733354408,1.1137551972922424,1.1137551972922424,0.9357948733354408,clean,,,2023-02-15 05:26:55,2023-02-15 05:34:29.680596,-454.680596
ingv,ECPN,sim1,template2,3411256,2023-02-15 07:03:16,0.2498048893037856,-0.143135476480509,0.9836559565487082,0.9836559565487082,-0.143135476480509,clean,,,2023-02-15 07:03:16,2023-02-15 07:10:17.606601,-421.606601
ingv,ECPN,sim2,template1,3429112,2023-02-15 15:57:41,0.2210150886011671,-0.9932746262036808,0.8919412896223623,0.8919412896223623,-0.9932746262036808,clean,,,2023-02-15 15:57:41,2023-02-15 15:48:53.771165,527.228835
ingv,ECPN,sim4,template2,3429973,2023-02-15 17:14:27,0.2707074484029681,-0.6572181001008162,0.9271267141801623,0.9271267141801623,-0.6572181001008162,clean,,,2023-02-15 17:14:27,2023-02-15 17:07:05.072934,441.927066
ingv,ECPN,sim4,template2,3431748,2023-02-15 18:20:02,0.3465895548364499,0.1760286506324611,1.0204727979926638,1.0204727979926638,0.1760286506324611,clean,,,2023-02-15 18:20:02,2023-02-15 18:27:58.684559,-476.684559
ingv,ECPN,sim3,template2,3431797,2023-02-15 18:20:51,0.2672476773664559,0.1706425027147162,1.0198401957096304,1.0198401957096304,0.1706425027147162,clean,,,2023-02-15 18:20:51,2023-02-15 18:27:58.684559,-427.684559
ingv,ECPN,sim2,template4,3431841,2023-02-15 19:05:46,0.2202083777070386,-0.9836789285603432,0.8929272022549731,0.8929272022549731,-0.9836789285603432,clean,,,2023-02-15 19:05:46,2023-02-15 18:57:29.530075,496.469925
ingv,ECPN,sim1,template3,3431849,2023-02-15 19:05:54,0.2219709709981582,0.1853182312158575,1.0215647800243026,1.0215647800243026,0.1853182312158575,clean,,,2023-02-15 19:05:54,2023-02-15 18:57:29.530075,504.469925
ingv,ECPN,sim3,template1,3431852,2023-02-15 19:05:57,0.2534160818036926,0.1859240126707108,1.0216360296723024,1.0216360296723024,0.1859240126707108,clean,,,2023-02-15 19:05:57,2023-02-15 18:57:29.530075,507.469925
ingv,ECPN,sim2,template1,3431854,2023-02-15 19:05:59,0.3203579800375887,0.1855699487810885,1.021594385457477,1.021594385457477,0.1855699487810885,clean,,,2023-02-15 19:05:59,2023-02-15 18:57:29.530075,509.469925
ingv,ECPN,sim1,template2,3431885,2023-02-15 19:06:30,0.3182127770916124,0.2215186791976782,1.0258312714295408,1.0258312714295408,0.2215186791976782,clean,,,2023-02-15 19:06:30,2023-02-15 18:57:29.530075,540.469925
ingv,ECPN,sim1,template1,3438685,2023-02-15 21:44:49,0.2606264817173079,-1.2641731783853505,0.8645524405033298,0.8645524405033298,-1.2641731783853505,clean,,,2023-02-15 21:44:49,2023-02-15 21:36:18.158389,510.841611
ingv,ECPN,sim2,template3,3438712,2023-02-15 21:45:16,0.3418697080588558,-1.2987742957060735,0.8611152593931051,0.8611152593931051,-1.2987742957060735,clean,,,2023-02-15 21:45:16,2023-02-15 21:36:18.158389,537.841611
ingv,ECPN,sim4,template3,3440875,2023-02-15 22:57:22,0.2059083968611387,-1.9541138329426115,0.7985356476241008,0.7985356476241008,-1.9541138329426115,clean,,,2023-02-15 22:57:22,2023-02-15 23:05:26.808466,-484.808466
ingv,ECPN,sim1,template1,3440981,2023-02-15 23:13:08,0.240529755118133,-1.9066638348582248,0.8029098914812006,0.8029098914812006,-1.9066638348582248,clean,,,2023-02-15 23:13:08,2023-02-15 23:05:26.808466,461.191534
ingv,ECPN,sim2,template1,3441108,2023-02-15 23:15:15,0.2213098803798964,-2.0182470037763176,0.7926612901503644,0.7926612901503644,-2.0182470037763176,clean,,,2023-02-15 23:15:15,2023-02-15 23:23:54.654048,-519.654048
ingv,ECPN,sim3,template1,3441130,2023-02-15 23:15:37,0.395810133972186,-2.0405239281598044,0.7906309361315026,0.7906309361315026,-2.0405239281598044,clean,,,2023-02-15 23:15:37,2023-02-15 23:23:54.654048,-497.654048
ingv,ECPN,sim3,template3,3452632,2023-02-16 06:50:55,0.4213350293022029,-0.1651584135483159,0.9811650714194824,0.9811650714194824,-0.1651584135483159,clean,,,2023-02-16 06:50:55,2023-02-16 06:59:39.648300,-524.6483
ingv,ECPN,sim1,template3,3452715,2023-02-16 06:52:18,0.2682813563219776,-0.0016915533976568,0.9998052716801484,0.9998052716801484,-0.0016915533976568,clean,,,2023-02-16 06:52:18,2023-02-16 06:59:39.648300,-441.6483
ingv,ECPN,sim3,template1,3456468,2023-02-16 08:31:48,0.2714666725507669,1.9134893696493576,1.2464488707733812,1.2464488707733812,1.9134893696493576,clean,,,2023-02-16 08:31:48,2023-02-16 08:40:42.421153,-534.421153
ingv,ECPN,sim1,template3,3456472,2023-02-16 08:31:52,0.3200650878650706,1.9096217738588868,1.2458939837684204,1.2458939837684204,1.9096217738588868,clean,,,2023-02-16 08:31:52,2023-02-16 08:40:42.421153,-530.421153
ingv,ECPN,sim1,template1,3456568,2023-02-16 08:33:28,0.258788707128143,1.8963485152906696,1.243991536853582,1.243991536853582,1.8963485152906696,clean,,,2023-02-16 08:33:28,2023-02-16 08:40:42.421153,-434.421153
ingv,ECPN,sim3,template2,3458751,2023-02-16 10:16:02,0.4444239661838214,-1.2232370465023004,0.8686366465360037,0.8686366465360037,-1.2232370465023004,clean,,,2023-02-16 10:16:02,2023-02-16 10:06:16.860217,585.139783
ingv,ECPN,sim3,template1,3467581,2023-02-16 15:38:41,0.3831694697121935,0.9818592213584026,1.1196775256540858,1.1196775256540858,0.9818592213584026,clean,,,2023-02-16 15:38:41,2023-02-16 15:46:59.923916,-498.923916
ingv,ECPN,sim1,template2,3467647,2023-02-16 15:39:47,0.3106222938189928,0.9800062472661808,1.1194386886154135,1.1194386886154135,0.9800062472661808,clean,,,2023-02-16 15:39:47,2023-02-16 15:46:59.923916,-432.923916
ingv,ECPN,sim3,template2,3467775,2023-02-16 15:55:55,0.2963729134329741,0.5590084472599373,1.0664743690566043,1.0664743690566043,0.5590084472599373,clean,,,2023-02-16 15:55:55,2023-02-16 15:46:59.923916,535.076084
ingv,ECPN,sim1,template3,3469478,2023-02-16 17:16:28,0.3825270372234337,-0.3856281417359114,0.9565740451213136,0.9565740451213136,-0.3856281417359114,clean,,,2023-02-16 17:16:28,2023-02-16 17:25:31.934008,-543.934008
ingv,ECPN,sim1,template1,3469581,2023-02-16 17:18:11,0.3101086623264442,-0.3453668344940735,0.9610183012428198,0.9610183012428198,-0.3453668344940735,clean,,,2023-02-16 17:18:11,2023-02-16 17:25:31.934008,-440.934008
ingv,ECPN,sim2,template1,3469989,2023-02-16 17:46:38,0.4090470054830149,0.2670203812874896,1.0312192679778056,1.0312192679778056,0.2670203812874896,clean,,,2023-02-16 17:46:38,2023-02-16 17:54:50.861668,-492.861668
ingv,ECPN,sim2,template4,3470016,2023-02-16 17:47:05,0.232169837628906,0.0114181018767585,1.0013154219681035,1.0013154219681035,0.0114181018767585,clean,,,2023-02-16 17:47:05,2023-02-16 17:54:50.861668,-465.861668
ingv,ECPN,sim4,template1,3475230,2023-02-16 20:40:17,0.2625603564500107,-0.5890275831337697,0.9344339756762692,0.9344339756762692,-0.5890275831337697,clean,,,2023-02-16 20:40:17,2023-02-16 20:50:05.401541,-588.401541
ingv,ECPN,sim1,template1,3475367,2023-02-16 20:42:34,0.3364857427249874,-0.4387311986337099,0.9507436644926452,0.9507436644926452,-0.4387311986337099,clean,,,2023-02-16 20:42:34,2023-02-16 20:50:05.401541,-451.401541
ingv,ECPN,sim1,template3,3475401,2023-02-16 20:57:30,0.3773568052900307,-0.4527416122545851,0.9492113430578488,0.9492113430578488,-0.4527416122545851,clean,,,2023-02-16 20:57:30,2023-02-16 20:50:27.376007,422.623993
ingv,ECPN,sim3,template4,3475419,2023-02-16 20:57:48,0.2578123035059136,-1.368352848380992,0.8542448270662054,0.8542448270662054,-1.368352848380992,clean,,,2023-02-16 20:57:48,2023-02-16 20:50:27.376007,440.623993
ingv,ECPN,sim3,template1,3475433,2023-02-16 20:58:02,0.2586573244095468,-0.4355352678508969,0.951093550358316,0.951093550358316,-0.4355352678508969,clean,,,2023-02-16 20:58:02,2023-02-16 20:50:27.376007,454.623993
ingv,ECPN,sim3,template2,3477074,2023-02-16 22:35:12,0.3738910343952685,-1.1790161641860526,0.8730702539571465,0.8730702539571465,-1.1790161641860526,clean,,,2023-02-16 22:35:12,2023-02-16 22:27:31.715922,460.284078
ingv,ECPN,sim4,template4,3480477,2023-02-17 01:10:21,0.2151080511430247,-0.7655884955034913,0.9156311840798,0.9156311840798,-0.7655884955034913,clean,,,2023-02-17 01:10:21,2023-02-17 01:20:13.836945,-592.836945
ingv,ECPN,sim3,template1,3480667,2023-02-17 01:27:31,0.3253682796896341,-1.124098262793789,0.8786078655189441,0.8786078655189441,-1.124098262793789,clean,,,2023-02-17 01:27:31,2023-02-17 01:20:13.836945,437.163055
ingv,ECPN,sim3,template1,3488989,2023-02-17 05:29:32,0.3245264970125959,0.5811880602594304,1.0692011150760483,1.0692011150760483,0.5811880602594304,clean,,,2023-02-17 05:29:32,2023-02-17 05:38:29.453701,-537.453701
ingv,ECPN,sim4,template2,3489023,2023-02-17 05:30:06,0.2044697693128053,0.5959633827221467,1.0710214508301037,1.0710214508301037,0.5959633827221467,clean,,,2023-02-17 05:30:06,2023-02-17 05:38:29.453701,-503.453701
ingv,ECPN,sim1,template2,3495418,2023-02-17 08:19:27,0.264362753602526,-0.093033546205741,0.9893462744231986,0.9893462744231986,-0.093033546205741,clean,,,2023-02-17 08:19:27,2023-02-17 08:11:33.947951,473.052049
ingv,ECPN,sim2,template3,3507525,2023-02-17 16:01:51,0.2388938102588971,-0.8077952365405361,0.911192713487734,0.911192713487734,-0.8077952365405361,clean,,,2023-02-17 16:01:51,2023-02-17 16:09:21.026206,-450.026206
ingv,ECPN,sim1,template3,3507662,2023-02-17 16:18:08,0.2327082228777784,-0.3366451247870621,0.961983767366502,0.961983767366502,-0.3366451247870621,clean,,,2023-02-17 16:18:08,2023-02-17 16:09:21.026206,526.973794
ingv,ECPN,sim2,template3,3514655,2023-02-17 19:24:35,0.2136696897972457,-0.6336573547842601,0.9296449880811312,0.9296449880811312,-0.6336573547842601,clean,,,2023-02-17 19:24:35,2023-02-17 19:16:16.897884,498.102116
ingv,ECPN,sim3,template4,3514678,2023-02-17 19:24:58,0.238091182881522,-0.1947255526496398,0.9778308218171384,0.9778308218171384,-0.1947255526496398,clean,,,2023-02-17 19:24:58,2023-02-17 19:16:16.897884,521.102116
ingv,ECPN,sim2,template3,3517251,2023-02-17 20:41:40,0.2792942809426769,-0.0865442070202819,0.9900857038564148,0.9900857038564148,-0.0865442070202819,clean,,,2023-02-17 20:41:40,2023-02-17 20:49:40.259601,-480.259601
ingv,ECPN,sim4,template2,3517403,2023-02-17 20:58:12,0.3175343091583509,-0.0514378381789036,0.9940955005085084,0.9940955005085084,-0.0514378381789036,clean,,,2023-02-17 20:58:12,2023-02-17 20:49:40.259601,511.740399
ingv,ECPN,sim3,template2,3517457,2023-02-17 20:59:06,0.2548881055151908,-0.0162696807224273,0.9981286369724036,0.9981286369724036,-0.0162696807224273,clean,,,2023-02-17 20:59:06,2023-02-17 20:49:40.259601,565.740399
ingv,ECPN,sim3,template3,3517613,2023-02-17 21:01:42,0.2056442566111079,-0.1229022657157075,0.9859499895073556,0.9859499895073556,-0.1229022657157075,clean,,,2023-02-17 21:01:42,2023-02-17 21:11:39.981035,-597.981035
ingv,ECPN,sim4,template1,3517746,2023-02-17 21:03:55,0.3036652025240191,-0.1127720024259475,0.987100563608242,0.987100563608242,-0.1127720024259475,clean,,,2023-02-17 21:03:55,2023-02-17 21:11:39.981035,-464.981035
ingv,ECPN,sim2,template2,3523516,2023-02-17 23:48:05,0.3996057454303079,-1.912281527808576,0.802390768727892,0.802390768727892,-1.912281527808576,clean,,,2023-02-17 23:48:05,2023-02-17 23:57:05.169439,-540.169439
ingv,ECPN,sim1,template1,3523739,2023-02-18 00:16:14,0.2125874961189979,-1.7409171419701706,0.8183783711054995,0.8183783711054995,-1.7409171419701706,clean,,,2023-02-18 00:16:14,2023-02-18 00:07:31.334348,522.665652
ingv,ECPN,sim4,template1,3523790,2023-02-18 00:17:05,0.2136275539312749,-2.1722288114290977,0.7787329649459935,0.7787329649459935,-2.1722288114290977,clean,,,2023-02-18 00:17:05,2023-02-18 00:07:31.334348,573.665652
ingv,ECPN,sim2,template1,3523790,2023-02-18 00:17:05,0.2390594451298895,-2.1722288114290977,0.7787329649459935,0.7787329649459935,-2.1722288114290977,clean,,,2023-02-18 00:17:05,2023-02-18 00:07:31.334348,573.665652
ingv,ECPN,sim2,template4,3524400,2023-02-18 01:02:21,0.2907700510121687,-0.2952747582429195,0.9665765667467836,0.9665765667467836,-0.2952747582429195,clean,,,2023-02-18 01:02:21,2023-02-18 00:53:52.858709,508.141291
ingv,ECPN,sim4,template1,3525745,2023-02-18 01:50:25,0.4632440624490789,-0.2096165726373555,0.9761558726174387,0.9761558726174387,-0.2096165726373555,clean,,,2023-02-18 01:50:25,2023-02-18 02:00:00.916172,-575.916172
ingv,ECPN,sim2,template4,3525880,2023-02-18 01:52:40,0.2144063078785228,0.3827793115554794,1.0450545623561178,1.0450545623561178,0.3827793115554794,clean,,,2023-02-18 01:52:40,2023-02-18 02:00:00.916172,-440.916172
ingv,ECPN,sim2,template1,3525930,2023-02-18 02:07:30,0.2252052604217979,0.0040408818462235,1.0004653319484194,1.0004653319484194,0.0040408818462235,clean,,,2023-02-18 02:07:30,2023-02-18 02:00:00.916172,449.083828
ingv,ECPN,sim1,template3,3537266,2023-02-18 09:03:43,0.4545031083066901,1.335435288988306,1.1661965826287553,1.1661965826287553,1.335435288988306,clean,,,2023-02-18 09:03:43,2023-02-18 08:56:31.373547,431.626453
ingv,ECPN,sim1,template2,3537357,2023-02-18 09:05:14,0.2810179449976077,1.0115402593593843,1.1235101828490348,1.1235101828490348,1.0115402593593843,clean,,,2023-02-18 09:05:14,2023-02-18 08:56:31.373547,522.626453
ingv,ECPN,sim2,template4,3537369,2023-02-18 09:05:26,0.2335163231834281,-0.2955171046258489,0.9665495985170808,0.9665495985170808,-0.2955171046258489,clean,,,2023-02-18 09:05:26,2023-02-18 08:56:31.373547,534.626453
ingv,ECPN,sim4,template3,3537408,2023-02-18 09:06:05,0.296291280323857,0.9341252444864002,1.1135411283629684,1.1135411283629684,0.9341252444864002,clean,,,2023-02-18 09:06:05,2023-02-18 08:56:31.373547,573.626453
ingv,ECPN,sim1,template2,3544380,2023-02-18 12:16:47,0.3336659742750672,-1.0120919060169575,0.8900110623052574,0.8900110623052574,-1.0120919060169575,clean,,,2023-02-18 12:16:47,2023-02-18 12:24:39.901288,-472.901288
ingv,ECPN,sim4,template3,3545937,2023-02-18 13:16:44,0.2755085843786603,-1.1064510251256598,0.880394759435226,0.880394759435226,-1.1064510251256598,clean,,,2023-02-18 13:16:44,2023-02-18 13:06:44.859201,599.140799
ingv,ECPN,sim2,template4,3548016,2023-02-18 13:51:23,0.2198087559826137,0.0986934956225321,1.0114273070824364,1.0114273070824364,0.0986934956225321,clean,,,2023-02-18 13:51:23,2023-02-18 14:01:19.888899,-596.888899
ingv,ECPN,sim2,template2,3548217,2023-02-18 14:10:35,0.2526167928437426,-0.7383004140598113,0.9185123060983044,0.9185123060983044,-0.7383004140598113,clean,,,2023-02-18 14:10:35,2023-02-18 14:03:10.235421,444.764579
ingv,ECPN,sim1,template4,3548291,2023-02-18 14:11:49,0.2289927989221652,0.2919560569168524,1.0341839723442374,1.0341839723442374,0.2919560569168524,clean,,,2023-02-18 14:11:49,2023-02-18 14:03:10.235421,518.764579
ingv,ECPN,sim1,template1,3548293,2023-02-18 14:11:51,0.2653294576408559,-0.7706134989136139,0.9151016218403792,0.9151016218403792,-0.7706134989136139,clean,,,2023-02-18 14:11:51,2023-02-18 14:03:10.235421,520.764579
ingv,ECPN,sim4,template3,3548324,2023-02-18 14:12:22,0.3844757893870394,-0.7604783009380085,0.9161700385191734,0.9161700385191734,-0.7604783009380085,clean,,,2023-02-18 14:12:22,2023-02-18 14:03:10.235421,551.764579
ingv,ECPN,sim4,template2,3552049,2023-02-18 15:55:47,0.2052991597299409,0.2360335086060603,1.0275469522022112,1.0275469522022112,0.2360335086060603,clean,,,2023-02-18 15:55:47,2023-02-18 16:03:00.247607,-433.247607
ingv,ECPN,sim4,template3,3558974,2023-02-18 20:37:05,0.2447550224901418,1.9039623742152092,1.245082470420569,1.245082470420569,1.9039623742152092,clean,,,2023-02-18 20:37:05,2023-02-18 20:46:24.809173,-559.809173
ingv,ECPN,sim2,template3,3559115,2023-02-18 21:03:32,0.3062660326302142,1.9164392294563617,1.2468722555970675,1.2468722555970675,1.9164392294563617,clean,,,2023-02-18 21:03:32,2023-02-18 20:56:30.043727,421.956273
ingv,ECPN,sim4,template3,3560718,2023-02-18 23:08:40,0.3904006353714385,1.4993389476699046,1.1884117781792818,1.1884117781792818,1.4993389476699046,clean,,,2023-02-18 23:08:40,2023-02-18 23:17:57.916189,-557.916189
ingv,ECPN,sim3,template1,3560922,2023-02-18 23:26:04,0.2238788417446515,1.4005930638262671,1.1749777785040711,1.1749777785040711,1.4005930638262671,clean,,,2023-02-18 23:26:04,2023-02-18 23:17:57.916189,486.083811
ingv,ECPN,sim3,template4,3560957,2023-02-18 23:26:39,0.218967241604108,-0.1501899125746262,0.982857383086565,0.982857383086565,-0.1501899125746262,clean,,,2023-02-18 23:26:39,2023-02-18 23:17:57.916189,521.083811
ingv,ECPN,sim4,template2,3561674,2023-02-19 00:17:33,0.3639161387171738,0.6989846176102154,1.0838002101349618,1.0838002101349618,0.6989846176102154,clean,,,2023-02-19 00:17:33,2023-02-19 00:27:28.998398,-595.998398
ingv,ECPN,sim1,template1,3561984,2023-02-19 00:36:43,0.3656032507584245,-0.3786215494834368,0.9573459900297664,0.9573459900297664,-0.3786215494834368,clean,,,2023-02-19 00:36:43,2023-02-19 00:27:28.998398,554.001602
ingv,ECPN,sim1,template2,3568966,2023-02-19 04:40:29,0.2875504231355882,-1.060073336397533,0.885108136685435,0.885108136685435,-1.060073336397533,clean,,,2023-02-19 04:40:29,2023-02-19 04:49:44.317592,-555.317592
ingv,ECPN,sim4,template2,3568979,2023-02-19 04:40:42,0.2914802506909617,-1.06065868735139,0.8850484903559915,0.8850484903559915,-1.06065868735139,clean,,,2023-02-19 04:40:42,2023-02-19 04:49:44.317592,-542.317592
ingv,ECPN,sim3,template3,3569118,2023-02-19 05:35:03,0.2697773707566896,-1.2588735191986375,0.8650801045138357,0.8650801045138357,-1.2588735191986375,clean,,,2023-02-19 05:35:03,2023-02-19 05:27:46.524268,436.475732
ingv,ECPN,sim1,template3,3569142,2023-02-19 05:35:27,0.2508012138003996,-1.258877806144696,0.8650796775511429,0.8650796775511429,-1.258877806144696,clean,,,2023-02-19 05:35:27,2023-02-19 05:27:46.524268,460.475732
ingv,ECPN,sim3,template1,3569164,2023-02-19 05:35:49,0.4010244388570994,-1.2458582911611802,0.8663773411939871,0.8663773411939871,-1.2458582911611802,clean,,,2023-02-19 05:35:49,2023-02-19 05:27:46.524268,482.475732
ingv,ECPN,sim1,template1,3569337,2023-02-19 05:38:42,0.2960440123943249,-1.202015124702542,0.8707615500105429,0.8707615500105429,-1.202015124702542,clean,,,2023-02-19 05:38:42,2023-02-19 05:47:16.350234,-514.350234
ingv,ECPN,sim3,template2,3569364,2023-02-19 05:39:09,0.2608031041031828,-1.201511269552575,0.8708120630190136,0.8708120630190136,-1.201511269552575,clean,,,2023-02-19 05:39:09,2023-02-19 05:47:16.350234,-487.350234
ingv,ECPN,sim2,template3,3569567,2023-02-19 06:02:14,0.215479540977473,-0.8942175194744456,0.902171542801738,0.902171542801738,-0.8942175194744456,clean,,,2023-02-19 06:02:14,2023-02-19 05:52:58.802954,555.197046
ingv,ECPN,sim2,template4,3571462,2023-02-19 06:33:49,0.212501036216342,-1.6859301189552625,0.823575643083393,0.823575643083393,-1.6859301189552625,clean,,,2023-02-19 06:33:49,2023-02-19 06:42:25.834287,-516.834287
ingv,ECPN,sim3,template4,3571474,2023-02-19 06:34:01,0.205375525719805,-1.7122583615306537,0.8210830406310684,0.8210830406310684,-1.7122583615306537,clean,,,2023-02-19 06:34:01,2023-02-19 06:42:25.834287,-504.834287
ingv,ECPN,sim4,template1,3571583,2023-02-19 06:49:50,0.2378414849558874,-3.0787376563039786,0.7015572502128726,0.7015572502128726,-3.0787376563039786,clean,,,2023-02-19 06:49:50,2023-02-19 06:42:25.834287,444.165713
ingv,ECPN,sim1,template2,3571604,2023-02-19 06:50:11,0.2841173257267278,-3.093673693191514,0.7003519066848456,0.7003519066848456,-3.093673693191514,clean,,,2023-02-19 06:50:11,2023-02-19 06:42:25.834287,465.165713
ingv,ECPN,sim2,template1,3571644,2023-02-19 06:50:51,0.3714362956278076,-3.0396245543364,0.7047235298279333,0.7047235298279333,-3.0396245543364,clean,,,2023-02-19 06:50:51,2023-02-19 06:42:25.834287,505.165713
ingv,ECPN,sim4,template3,3571866,2023-02-19 06:54:33,0.2644502297168324,-3.366891847846174,0.6786649299955988,0.6786649299955988,-3.366891847846174,clean,,,2023-02-19 06:54:33,2023-02-19 07:03:39.338025,-546.338025
ingv,ECPN,sim3,template1,3572162,2023-02-19 07:13:29,0.3900296885656824,-3.5348703676449684,0.6656661631060978,0.6656661631060978,-3.5348703676449684,clean,,,2023-02-19 07:13:29,2023-02-19 07:03:39.338025,589.661975
ingv,ECPN,sim1,template1,3572794,2023-02-19 08:04:55,0.3790610863513725,-3.859578466669431,0.6412406957656378,0.6412406957656378,-3.859578466669431,clean,,,2023-02-19 08:04:55,2023-02-19 07:57:52.617025,422.382975
ingv,ECPN,sim4,template3,3572911,2023-02-19 08:06:52,0.3096921059766457,-4.243169029903297,0.6135381161388191,0.6135381161388191,-4.243169029903297,clean,,,2023-02-19 08:06:52,2023-02-19 07:57:52.617025,539.382975
ingv,ECPN,sim4,template3,3579205,2023-02-19 12:21:56,0.2269906655792437,0.0584365356964221,1.006750436979543,1.006750436979543,0.0584365356964221,clean,,,2023-02-19 12:21:56,2023-02-19 12:14:12.947940,463.05206
ingv,ECPN,sim3,template1,3579262,2023-02-19 12:22:53,0.3780659423639738,0.0902011292653128,1.0104388978414056,1.0104388978414056,0.0902011292653128,clean,,,2023-02-19 12:22:53,2023-02-19 12:14:12.947940,520.05206
ingv,ECPN,sim1,template2,3579324,2023-02-19 12:23:55,0.2867814599510747,0.1918022627480702,1.0223276645989507,1.0223276645989507,0.1918022627480702,clean,,,2023-02-19 12:23:55,2023-02-19 12:14:12.947940,582.05206
ingv,ECPN,sim1,template3,3580818,2023-02-19 13:54:55,0.2795369301523799,2.1700660952992097,1.283817539648127,1.283817539648127,2.1700660952992097,clean,,,2023-02-19 13:54:55,2023-02-19 14:03:05.039389,-490.039389
ingv,ECPN,sim2,template1,3580901,2023-02-19 14:16:44,0.3819872097349561,2.3061008430688084,1.3040824254523855,1.3040824254523855,2.3061008430688084,clean,,,2023-02-19 14:16:44,2023-02-19 14:09:31.677232,432.322768
ingv,ECPN,sim1,template2,3580985,2023-02-19 14:18:08,0.3797910905588459,2.742245334003827,1.3712361898860552,1.3712361898860552,2.742245334003827,clean,,,2023-02-19 14:18:08,2023-02-19 14:09:31.677232,516.322768
ingv,ECPN,sim1,template3,3586666,2023-02-19 18:12:36,0.2897793925327715,0.0104417143977657,1.0012028696639748,1.0012028696639748,0.0104417143977657,clean,,,2023-02-19 18:12:36,2023-02-19 18:22:18.677463,-582.677463
ingv,ECPN,sim4,template3,3586688,2023-02-19 18:12:58,0.2415795946915783,-0.021054310320597,0.9975789683814876,0.9975789683814876,-0.021054310320597,clean,,,2023-02-19 18:12:58,2023-02-19 18:22:18.677463,-560.677463
ingv,ECPN,sim3,template1,3589118,2023-02-19 20:23:10,0.2303434324835849,0.3003277748107215,1.0351812300273533,1.0351812300273533,0.3003277748107215,clean,,,2023-02-19 20:23:10,2023-02-19 20:16:05.909183,424.090817
ingv,ECPN,sim4,template4,3589137,2023-02-19 20:23:29,0.3135395237107508,0.2429794282203145,1.0283689880954252,1.0283689880954252,0.2429794282203145,clean,,,2023-02-19 20:23:29,2023-02-19 20:16:05.909183,443.090817
ingv,ECPN,sim3,template3,3591712,2023-02-19 22:12:36,0.3812428913263234,1.587038046106,1.2004716333241583,1.2004716333241583,1.587038046106,clean,,,2023-02-19 22:12:36,2023-02-19 22:21:47.877174,-551.877174
ingv,ECPN,sim4,template4,3591784,2023-02-19 22:13:48,0.273548127742415,-0.0422845605393562,0.9951436404931692,0.9951436404931692,-0.0422845605393562,clean,,,2023-02-19 22:13:48,2023-02-19 22:21:47.877174,-479.877174
ingv,ECPN,sim1,template1,3592891,2023-02-20 02:19:37,0.2255394675270881,1.897054259088056,1.2440926174585336,1.2440926174585336,1.897054259088056,clean,,,2023-02-20 02:19:37,2023-02-20 02:11:53.832260,463.16774
ingv,ECPN,sim1,template2,3593429,2023-02-20 02:42:35,0.3364599867153074,1.595749714308259,1.201676271803345,1.201676271803345,1.595749714308259,clean,,,2023-02-20 02:42:35,2023-02-20 02:33:59.165984,515.834016
ingv,ECPN,sim2,template2,3593443,2023-02-20 02:42:49,0.3654364178480483,1.6058335711087477,1.2030721642886064,1.2030721642886064,1.6058335711087477,clean,,,2023-02-20 02:42:49,2023-02-20 02:33:59.165984,529.834016
ingv,ECPN,sim2,template3,3598362,2023-02-20 05:15:53,0.2877457667127339,-0.6966432962425368,0.9229280282133344,0.9229280282133344,-0.6966432962425368,clean,,,2023-02-20 05:15:53,2023-02-20 05:24:29.677488,-516.677488
ingv,ECPN,sim4,template3,3598469,2023-02-20 05:31:40,0.2311827821472704,-0.4935746225688164,0.9447595026665676,0.9447595026665676,-0.4935746225688164,clean,,,2023-02-20 05:31:40,2023-02-20 05:24:29.677488,430.322512
ingv,ECPN,sim3,template4,3598536,2023-02-20 05:32:47,0.2864195997510292,-0.2658261097704001,0.9698592104507584,0.9698592104507584,-0.2658261097704001,clean,,,2023-02-20 05:32:47,2023-02-20 05:24:29.677488,497.322512
ingv,ECPN,sim4,template1,3598616,2023-02-20 05:34:07,0.4184255621926854,-0.6372737755060587,0.9292580055445708,0.9292580055445708,-0.6372737755060587,clean,,,2023-02-20 05:34:07,2023-02-20 05:24:29.677488,577.322512
ingv,ECPN,sim4,template1,3599642,2023-02-20 06:51:41,0.3520579605953344,-1.0969910084804235,0.8813541414314263,0.8813541414314263,-1.0969910084804235,clean,,,2023-02-20 06:51:41,2023-02-20 06:43:21.919894,499.080106
ingv,ECPN,sim4,template1,3602653,2023-02-20 08:01:52,0.3767078526586405,-0.3909517715277105,0.9559879352325856,0.9559879352325856,-0.3909517715277105,clean,,,2023-02-20 08:01:52,2023-02-20 08:09:11.676530,-439.67653
ingv,ECPN,sim1,template2,3602654,2023-02-20 08:01:53,0.2547355827112857,-0.3910030276103548,0.9559822938931164,0.9559822938931164,-0.3910030276103548,clean,,,2023-02-20 08:01:53,2023-02-20 08:09:11.676530,-438.67653
ingv,ECPN,sim3,template3,3602800,2023-02-20 08:20:16,0.4760755614301631,-0.462634909882096,0.9481307992524408,0.9481307992524408,-0.462634909882096,clean,,,2023-02-20 08:20:16,2023-02-20 08:11:08.436081,547.563919
ingv,ECPN,sim1,template1,3607593,2023-02-20 10:44:39,0.3009783383525604,0.6206457526717367,1.0740692610777915,1.0740692610777915,0.6206457526717367,clean,,,2023-02-20 10:44:39,2023-02-20 10:52:20.348136,-461.348136
ingv,ECPN,sim2,template1,3619664,2023-02-20 15:19:50,0.3730907825011783,-0.1893790832942561,0.978432896223166,0.978432896223166,-0.1893790832942561,clean,,,2023-02-20 15:19:50,2023-02-20 15:27:56.515362,-486.515362
ingv,ECPN,sim2,template2,3619789,2023-02-20 15:35:55,0.2430429726421039,-0.3784962420332149,0.9573598013323869,0.9573598013323869,-0.3784962420332149,clean,,,2023-02-20 15:35:55,2023-02-20 15:27:56.515362,478.484638
ingv,ECPN,sim1,template3,3620246,2023-02-20 15:57:32,0.2102003628796087,0.3567322747094221,1.0419253720959172,1.0419253720959172,0.3567322747094221,clean,,,2023-02-20 15:57:32,2023-02-20 15:50:28.804634,423.195366
ingv,ECPN,sim4,template3,3621177,2023-02-20 16:13:03,0.4455009711699588,-0.1569427463614832,0.9820935588270684,0.9820935588270684,-0.1569427463614832,clean,,,2023-02-20 16:13:03,2023-02-20 16:21:26.241388,-503.241388
ingv,ECPN,sim3,template3,3624842,2023-02-20 20:29:27,0.2312022446475435,-1.127786741395896,0.8782348423222549,0.8782348423222549,-1.127786741395896,clean,,,2023-02-20 20:29:27,2023-02-20 20:38:50.755579,-563.755579
ingv,ECPN,sim2,template2,3631502,2023-02-21 03:53:39,0.3437070783062755,1.0596341832485503,1.129748332952862,1.129748332952862,1.0596341832485503,clean,,,2023-02-21 03:53:39,2023-02-21 03:44:00.144175,578.855825
ingv,ECPN,sim4,template2,3639947,2023-02-21 08:21:58,0.4123391427148696,1.1704530457163422,1.1442545612232262,1.1442545612232262,1.1704530457163422,clean,,,2023-02-21 08:21:58,2023-02-21 08:14:42.080636,435.919364
ingv,ECPN,sim4,template1,3640102,2023-02-21 08:24:33,0.3876024172297246,0.983668381206254,1.119910764468093,1.119910764468093,0.983668381206254,clean,,,2023-02-21 08:24:33,2023-02-21 08:14:42.080636,590.919364
ingv,ECPN,sim2,template1,3647484,2023-02-21 12:36:40,0.2310848134883719,-3.1113800316017617,0.6989256812229807,0.6989256812229807,-3.1113800316017617,clean,,,2023-02-21 12:36:40,2023-02-21 12:26:58.916155,581.083845
ingv,ECPN,sim2,template2,3662271,2023-02-21 20:03:20,0.304901188077267,-0.7800103333123469,0.914112153980952,0.914112153980952,-0.7800103333123469,clean,,,2023-02-21 20:03:20,2023-02-21 20:10:28.664459,-428.664459
ingv,ECPN,sim2,template3,3662420,2023-02-21 20:41:52,0.2453476085420265,-0.8957346064659598,0.9020139822928268,0.9020139822928268,-0.8957346064659598,clean,,,2023-02-21 20:41:52,2023-02-21 20:32:31.312946,560.687054
ingv,ECPN,sim3,template1,3675553,2023-02-22 03:31:37,0.3060172133796552,1.1588496065865186,1.142726977507858,1.142726977507858,1.1588496065865186,clean,,,2023-02-22 03:31:37,2023-02-22 03:23:28.614656,488.385344
ingv,ECPN,sim3,template4,3675580,2023-02-22 03:32:04,0.2458754441997249,-0.2311641201611234,0.9737372721397496,0.9737372721397496,-0.2311641201611234,clean,,,2023-02-22 03:32:04,2023-02-22 03:23:28.614656,515.385344
ingv,ECPN,sim2,template1,3675614,2023-02-22 03:32:38,0.2648116892817553,1.106228223383467,1.1358249678495986,1.1358249678495986,1.106228223383467,clean,,,2023-02-22 03:32:38,2023-02-22 03:23:28.614656,549.385344
ingv,ECPN,sim2,template1,3680232,2023-02-22 06:45:08,0.2275374686366782,-1.583004762778567,0.8333928340810435,0.8333928340810435,-1.583004762778567,clean,,,2023-02-22 06:45:08,2023-02-22 06:36:30.828134,517.171866
ingv,ECPN,sim2,template3,3680926,2023-02-22 07:31:27,0.2291620964662366,-1.9059106766802731,0.8029795152497037,0.8029795152497037,-1.9059106766802731,clean,,,2023-02-22 07:31:27,2023-02-22 07:22:59.113006,507.886994
ingv,ECPN,sim1,template3,3684628,2023-02-22 12:01:25,0.3842368976322217,-1.024279393855419,0.8887631311090187,0.8887631311090187,-1.024279393855419,clean,,,2023-02-22 12:01:25,2023-02-22 11:54:02.552649,442.447351
ingv,ECPN,sim4,template1,3684667,2023-02-22 12:02:04,0.3748003170614503,-0.9401870693318208,0.8974094666478619,0.8974094666478619,-0.9401870693318208,clean,,,2023-02-22 12:02:04,2023-02-22 11:54:02.552649,481.447351
ingv,ECPN,sim3,template1,3687485,2023-02-22 14:57:06,0.2426178418606183,-0.845142567773844,0.907283205039875,0.907283205039875,-0.845142567773844,clean,,,2023-02-22 14:57:06,2023-02-22 14:49:02.390068,483.609932
ingv,ECPN,sim2,template4,3689631,2023-02-22 15:32:52,0.2398188447430394,-1.789801496909197,0.8137854584227392,0.8137854584227392,-1.789801496909197,clean,,,2023-02-22 15:32:52,2023-02-22 15:40:53.176165,-481.176165
ingv,ECPN,sim2,template2,3689685,2023-02-22 15:33:46,0.2645758117074936,-1.0386455130259171,0.8872943668881658,0.8872943668881658,-1.0386455130259171,clean,,,2023-02-22 15:33:46,2023-02-22 15:40:53.176165,-427.176165
ingv,ECPN,sim3,template1,3690297,2023-02-22 16:44:27,0.494017369006938,-0.7036581784407336,0.9221829556859092,0.9221829556859092,-0.7036581784407336,clean,,,2023-02-22 16:44:27,2023-02-22 16:52:37.990000,-490.99
ingv,ECPN,sim3,template3,3690460,2023-02-22 17:01:10,0.346010349177066,-0.9015288126533396,0.9014124650776788,0.9014124650776788,-0.9015288126533396,clean,,,2023-02-22 17:01:10,2023-02-22 16:52:37.990000,512.01
ingv,ECPN,sim4,template1,3695239,2023-02-22 18:40:49,0.3354444029117215,-1.2899271576156228,0.8619928075966093,0.8619928075966093,-1.2899271576156228,clean,,,2023-02-22 18:40:49,2023-02-22 18:50:48.309157,-599.309157
ingv,ECPN,sim2,template1,3695314,2023-02-22 19:03:29,0.4329301878540886,-1.3433846366424724,0.8567039477577683,0.8567039477577683,-1.3433846366424724,clean,,,2023-02-22 19:03:29,2023-02-22 18:54:36.862719,532.137281
ingv,ECPN,sim1,template1,3695359,2023-02-22 19:04:14,0.29104088389973,-1.421885706980567,0.8489961379324494,0.8489961379324494,-1.421885706980567,clean,,,2023-02-22 19:04:14,2023-02-22 18:54:36.862719,577.137281
ingv,ECPN,sim2,template1,3717568,2023-02-23 07:34:18,0.3090942076076565,-2.157787785491071,0.7800287512227709,0.7800287512227709,-2.157787785491071,clean,,,2023-02-23 07:34:18,2023-02-23 07:26:37.970832,460.029168
ingv,ECPN,sim2,template3,3721082,2023-02-23 09:12:52,0.4023513001624121,-4.110327465697273,0.622993659576082,0.622993659576082,-4.110327465697273,clean,,,2023-02-23 09:12:52,2023-02-23 09:21:19.322486,-507.322486
ingv,ECPN,sim4,template3,3721098,2023-02-23 09:13:08,0.4169238068411594,-4.038569832308606,0.628161779736576,0.628161779736576,-4.038569832308606,clean,,,2023-02-23 09:13:08,2023-02-23 09:21:19.322486,-491.322486
ingv,ECPN,sim3,template2,3721120,2023-02-23 09:13:30,0.2225568592580676,-3.8909526534745953,0.6389286569062078,0.6389286569062078,-3.8909526534745953,clean,,,2023-02-23 09:13:30,2023-02-23 09:21:19.322486,-469.322486
ingv,ECPN,sim1,template3,3721192,2023-02-23 09:28:42,0.3349305603217938,-3.764975761156829,0.6482629660418748,0.6482629660418748,-3.764975761156829,clean,,,2023-02-23 09:28:42,2023-02-23 09:21:19.322486,442.677514
ingv,ECPN,sim4,template1,3721275,2023-02-23 09:30:05,0.3443735349785336,-3.6953144017034303,0.6534829786074469,0.6534829786074469,-3.6953144017034303,clean,,,2023-02-23 09:30:05,2023-02-23 09:21:19.322486,525.677514
ingv,ECPN,sim4,template4,3721280,2023-02-23 09:30:10,0.2571161301283721,-1.854113331352095,0.8077823012782653,0.8077823012782653,-1.854113331352095,clean,,,2023-02-23 09:30:10,2023-02-23 09:21:19.322486,530.677514
ingv,ECPN,sim3,template4,3721337,2023-02-23 09:31:07,0.3148773414012255,-1.8680344185375677,0.8064886858123647,0.8064886858123647,-1.8680344185375677,clean,,,2023-02-23 09:31:07,2023-02-23 09:21:19.322486,587.677514
ingv,ECPN,sim3,template3,3729611,2023-02-23 13:56:50,0.2433874203780625,1.0449208805814785,1.127836236523556,1.127836236523556,1.0449208805814785,clean,,,2023-02-23 13:56:50,2023-02-23 14:06:42.003059,-592.003059
ingv,ECPN,sim1,template3,3729723,2023-02-23 13:58:42,0.3549232704143982,0.4592604209600274,1.054297122138645,1.054297122138645,0.4592604209600274,clean,,,2023-02-23 13:58:42,2023-02-23 14:06:42.003059,-480.003059
ingv,ECPN,sim2,template4,3729877,2023-02-23 14:15:16,0.2621491989492113,0.6842671060530231,1.0819653565126293,1.0819653565126293,0.6842671060530231,clean,,,2023-02-23 14:15:16,2023-02-23 14:06:42.003059,513.996941
ingv,ECPN,sim1,template2,3730660,2023-02-23 14:42:19,0.4109404953907944,0.68316783307229,1.0818284332874362,1.0818284332874362,0.68316783307229,clean,,,2023-02-23 14:42:19,2023-02-23 14:35:08.433808,430.566192
ingv,ECPN,sim1,template1,3734646,2023-02-23 16:18:45,0.3849442378589537,0.2160186896584179,1.0251819107342106,1.0251819107342106,0.2160186896584179,clean,,,2023-02-23 16:18:45,2023-02-23 16:28:24.851954,-579.851954
ingv,ECPN,sim4,template3,3734878,2023-02-23 16:36:37,0.3472304314782361,0.0498320437731409,1.0057536148827135,1.0057536148827135,0.0498320437731409,clean,,,2023-02-23 16:36:37,2023-02-23 16:28:24.851954,492.148046
ingv,ECPN,sim3,template3,3738635,2023-02-23 19:21:59,0.3659576138201163,-0.2699699335251542,0.96939662489076,0.96939662489076,-0.2699699335251542,clean,,,2023-02-23 19:21:59,2023-02-23 19:14:01.178076,477.821924
ingv,ECPN,sim1,template1,3738700,2023-02-23 19:23:04,0.3687022946377319,-0.2078105827882534,0.9763588582595788,0.9763588582595788,-0.2078105827882534,clean,,,2023-02-23 19:23:04,2023-02-23 19:14:01.178076,542.821924
experiment,EC1,sim4,template1,2196,2023-07-24 05:23:56,0.2743523686870322,-0.0494490345607333,0.9943231440972676,0.9943231440972676,-0.0494490345607333,clean,,,2023-07-24 05:23:56,2023-07-24 05:16:50.711287,425.288713
experiment,EMAS,sim4,template4,2230,2023-07-24 05:24:30,0.2122045282401458,2.914860658082482,1.3987594476492855,1.3987594476492855,2.914860658082482,clean,,,2023-07-24 05:24:30,2023-07-24 05:16:50.711287,459.288713
experiment,EC1,sim2,template3,2240,2023-07-24 05:24:40,0.3173871267525734,-0.0366880389689431,0.9957850413969432,0.9957850413969432,-0.0366880389689431,clean,,,2023-07-24 05:24:40,2023-07-24 05:16:50.711287,469.288713
experiment,EC10,sim2,template1,2244,2023-07-24 05:24:44,0.2678228232835273,1.557548404469019,1.196402798518898,1.196402798518898,1.557548404469019,clean,,,2023-07-24 05:24:44,2023-07-24 05:16:50.711287,473.288713
experiment,ECOR,sim4,template1,2270,2023-07-24 05:25:10,0.2477123328829226,1.463027279607977,1.183453951220419,1.183453951220419,1.463027279607977,clean,,,2023-07-24 05:25:10,2023-07-24 05:16:50.711287,499.288713
experiment,ECOR,sim4,template2,2274,2023-07-24 05:25:14,0.2200132903883102,1.4672136155346545,1.1840244776848163,1.1840244776848163,1.4672136155346545,clean,,,2023-07-24 05:25:14,2023-07-24 05:16:50.711287,503.288713
experiment,EMAS,sim4,template2,2278,2023-07-24 05:25:18,0.371051302279994,-1.2673269256396271,0.8642385883748874,0.8642385883748874,-1.2673269256396271,clean,,,2023-07-24 05:25:18,2023-07-24 05:16:50.711287,507.288713
experiment,EMAS,sim1,template2,2282,2023-07-24 05:25:22,0.2774116578463503,-1.2659312419905842,0.864377468861625,0.864377468861625,-1.2659312419905842,clean,,,2023-07-24 05:25:22,2023-07-24 05:16:50.711287,511.288713
experiment,EMAS,sim1,template2,3903,2023-07-24 06:23:30,0.259355737049339,0.6420634842654904,1.0767209770570367,1.0767209770570367,0.6420634842654904,clean,,,2023-07-24 06:23:30,2023-07-24 06:33:14.758051,-584.758051
experiment,EC10,sim1,template4,3910,2023-07-24 06:23:37,0.2069689952393621,-0.3687145627656476,0.9584385465030146,0.9584385465030146,-0.3687145627656476,clean,,,2023-07-24 06:23:37,2023-07-24 06:33:14.758051,-577.758051
experiment,ECIT,sim1,template3,4016,2023-07-24 06:25:23,0.3069752831543957,-4.0981317541942,0.6238690088795995,0.6238690088795995,-4.0981317541942,clean,,,2023-07-24 06:25:23,2023-07-24 06:33:14.758051,-471.758051
experiment,EMAS,sim4,template4,4017,2023-07-24 06:25:24,0.222938540211003,-0.500639878629509,0.9439913310632304,0.9439913310632304,-0.500639878629509,clean,,,2023-07-24 06:25:24,2023-07-24 06:33:14.758051,-470.758051
experiment,ECIT,sim4,template2,5202,2023-07-24 07:51:03,0.2885138834038793,-3.876958716366321,0.639958871917075,0.639958871917075,-3.876958716366321,clean,,,2023-07-24 07:51:03,2023-07-24 08:00:42.443685,-579.443685
experiment,EC10,sim2,template3,5267,2023-07-24 07:52:08,0.2630010015145955,-2.296882258585126,0.7676369780245567,0.7676369780245567,-2.296882258585126,clean,,,2023-07-24 07:52:08,2023-07-24 08:00:42.443685,-514.443685
experiment,EMAS,sim2,template3,5282,2023-07-24 07:52:23,0.2106076409570926,0.9427864263003668,1.114652055711172,1.114652055711172,0.9427864263003668,clean,,,2023-07-24 07:52:23,2023-07-24 08:00:42.443685,-499.443685
experiment,ECIT,sim3,template3,5311,2023-07-24 07:52:52,0.2596089927702248,-3.8815068552434457,0.6396238619130477,0.6396238619130477,-3.8815068552434457,clean,,,2023-07-24 07:52:52,2023-07-24 08:00:42.443685,-470.443685
experiment,ECIT,sim3,template1,5402,2023-07-24 08:08:23,0.2666570165966566,-3.8067189363627008,0.6451549788223627,0.6451549788223627,-3.8067189363627008,clean,,,2023-07-24 08:08:23,2023-07-24 08:00:42.443685,460.556315
experiment,EC1,sim2,template3,5442,2023-07-24 08:09:03,0.2578211070822245,1.023871565499037,1.1251063563807089,1.1251063563807089,1.023871565499037,clean,,,2023-07-24 08:09:03,2023-07-24 08:00:42.443685,500.556315
experiment,EC10,sim1,template1,5494,2023-07-24 08:09:55,0.2864405755856885,-1.7185662305554277,0.8204869699579319,0.8204869699579319,-1.7185662305554277,clean,,,2023-07-24 08:09:55,2023-07-24 08:00:42.443685,552.556315
experiment,ECOR,sim2,template2,14613,2023-07-24 11:29:12,0.3154831602670691,-11.042129767567738,0.2804745834011841,0.2804745834011841,-11.042129767567738,clean,,,2023-07-24 11:29:12,2023-07-24 11:21:52.939901,439.060099
experiment,ECOR,sim1,template1,14647,2023-07-24 11:29:46,0.2669290818186775,-10.96306385531286,0.2830393428473785,0.2830393428473785,-10.96306385531286,clean,,,2023-07-24 11:29:46,2023-07-24 11:21:52.939901,473.060099
experiment,EC10,sim1,template3,14658,2023-07-24 11:29:57,0.2533700966356577,-3.264753674483603,0.686692519266455,0.686692519266455,-3.264753674483603,clean,,,2023-07-24 11:29:57,2023-07-24 11:21:52.939901,484.060099
experiment,EC10,sim1,template4,14663,2023-07-24 11:30:02,0.2035881136670422,-2.928894837721596,0.7137650163142953,0.7137650163142953,-2.928894837721596,clean,,,2023-07-24 11:30:02,2023-07-24 11:21:52.939901,489.060099
experiment,ECOR,sim3,template1,14670,2023-07-24 11:30:09,0.3881293558975215,-10.916941543339773,0.2845462869295476,0.2845462869295476,-10.916941543339773,clean,,,2023-07-24 11:30:09,2023-07-24 11:21:52.939901,496.060099
experiment,EMAS,sim3,template2,14694,2023-07-24 11:30:33,0.3405800826296732,-1.526819493661751,0.8388011656513581,0.8388011656513581,-1.526819493661751,clean,,,2023-07-24 11:30:33,2023-07-24 11:21:52.939901,520.060099
experiment,EC1,sim3,template1,14736,2023-07-24 11:31:15,0.2693527213605219,-0.7866238041434754,0.9134164102648552,0.9134164102648552,-0.7866238041434754,clean,,,2023-07-24 11:31:15,2023-07-24 11:21:52.939901,562.060099
experiment,EC1,sim4,template2,14750,2023-07-24 11:31:29,0.3094011922800324,-0.7964433422232695,0.912384361790554,0.912384361790554,-0.7964433422232695,clean,,,2023-07-24 11:31:29,2023-07-24 11:21:52.939901,576.060099
experiment,EC1,sim2,template3,14760,2023-07-24 11:31:39,0.293975314594375,-0.8036338660188264,0.9116293663949512,0.9116293663949512,-0.8036338660188264,clean,,,2023-07-24 11:31:39,2023-07-24 11:21:52.939901,586.060099
experiment,EMAS,sim3,template3,14761,2023-07-24 11:31:40,0.2422682941812207,-1.613447393032591,0.8304770404409711,0.8304770404409711,-1.613447393032591,clean,,,2023-07-24 11:31:40,2023-07-24 11:21:52.939901,587.060099
experiment,EMAS,sim1,template4,16160,2023-07-24 11:54:59,0.2140098970362903,-1.5705552524729924,0.834588194851183,0.834588194851183,-1.5705552524729924,clean,,,2023-07-24 11:54:59,2023-07-24 12:04:06.347176,-547.347176
experiment,EC1,sim2,template2,16162,2023-07-24 11:55:01,0.2442938652375717,-0.9100659693499428,0.9005269232208124,0.9005269232208124,-0.9100659693499428,clean,,,2023-07-24 11:55:01,2023-07-24 12:04:06.347176,-545.347176
experiment,EC1,sim3,template1,16182,2023-07-24 11:55:21,0.2567206797644512,-0.9231557027612454,0.8991708410876682,0.8991708410876682,-0.9231557027612454,clean,,,2023-07-24 11:55:21,2023-07-24 12:04:06.347176,-525.347176
experiment,EMAS,sim1,template1,16183,2023-07-24 11:55:22,0.3269513326452796,-1.991527407214291,0.795103434893219,0.795103434893219,-1.991527407214291,clean,,,2023-07-24 11:55:22,2023-07-24 12:04:06.347176,-524.347176
experiment,EC10,sim3,template3,16197,2023-07-24 11:55:36,0.4110773534115343,-0.5624463028032003,0.9372979881884536,0.9372979881884536,-0.5624463028032003,clean,,,2023-07-24 11:55:36,2023-07-24 12:04:06.347176,-510.347176
experiment,ECIT,sim4,template1,16209,2023-07-24 11:55:48,0.2428536958182553,1.0411526296373432,1.127347046771136,1.127347046771136,1.0411526296373432,clean,,,2023-07-24 11:55:48,2023-07-24 12:04:06.347176,-498.347176
experiment,EC1,sim4,template3,16254,2023-07-24 11:56:33,0.2554406331695624,-1.0729405534880825,0.8837979143042596,0.8837979143042596,-1.0729405534880825,clean,,,2023-07-24 11:56:33,2023-07-24 12:04:06.347176,-453.347176
experiment,EMAS,sim3,template2,16257,2023-07-24 11:56:36,0.2547708933580955,-1.8605885598324836,0.8071803334891929,0.8071803334891929,-1.8605885598324836,clean,,,2023-07-24 11:56:36,2023-07-24 12:04:06.347176,-450.347176
experiment,EMAS,sim1,template2,16332,2023-07-24 12:11:51,0.3872697724760449,-1.8187380948198495,0.8110788846215935,0.8110788846215935,-1.8187380948198495,clean,,,2023-07-24 12:11:51,2023-07-24 12:04:06.347176,464.652824
experiment,ECIT,sim3,template2,16352,2023-07-24 12:12:11,0.207740026885507,1.209898952466974,1.1494628710345196,1.1494628710345196,1.209898952466974,clean,,,2023-07-24 12:12:11,2023-07-24 12:04:06.347176,484.652824
experiment,EMAS,sim4,template3,16385,2023-07-24 12:12:44,0.3378836308716125,-1.8276099286041092,0.8102508654202984,0.8102508654202984,-1.8276099286041092,clean,,,2023-07-24 12:12:44,2023-07-24 12:04:06.347176,517.652824
experiment,EC1,sim3,template3,16413,2023-07-24 12:13:12,0.3351309206409142,-1.164883746056414,0.8744919433442152,0.8744919433442152,-1.164883746056414,clean,,,2023-07-24 12:13:12,2023-07-24 12:04:06.347176,545.652824
experiment,EC10,sim2,template1,16460,2023-07-24 12:13:59,0.2719710441918214,-0.4819352486864267,0.9460263596729954,0.9460263596729954,-0.4819352486864267,clean,,,2023-07-24 12:13:59,2023-07-24 12:04:06.347176,592.652824
experiment,ECOR,sim3,template3,17632,2023-07-24 12:53:31,0.359493281272729,4.134621336268239,1.6096485652297912,1.6096485652297912,4.134621336268239,clean,,,2023-07-24 12:53:31,2023-07-24 13:02:41.648992,-550.648992
experiment,EC10,sim2,template1,17642,2023-07-24 12:53:41,0.2884544493634676,-0.3712884176732791,0.958154578320726,0.958154578320726,-0.3712884176732791,clean,,,2023-07-24 12:53:41,2023-07-24 13:02:41.648992,-540.648992
experiment,EC1,sim3,template3,17651,2023-07-24 12:53:50,0.2550916762704798,-0.4258660082928306,0.9521529111668116,0.9521529111668116,-0.4258660082928306,clean,,,2023-07-24 12:53:50,2023-07-24 13:02:41.648992,-531.648992
experiment,EMAS,sim4,template2,17652,2023-07-24 12:53:51,0.3721527096996253,-2.350443185662266,0.7629179633207505,0.7629179633207505,-2.350443185662266,clean,,,2023-07-24 12:53:51,2023-07-24 13:02:41.648992,-530.648992
experiment,ECIT,sim1,template2,17670,2023-07-24 12:54:09,0.350514938362744,0.4234454343904231,1.049958833537605,1.049958833537605,0.4234454343904231,clean,,,2023-07-24 12:54:09,2023-07-24 13:02:41.648992,-512.648992
experiment,EMAS,sim3,template3,17688,2023-07-24 12:54:27,0.2748961866393977,-2.3447883670203327,0.7634148113744869,0.7634148113744869,-2.3447883670203327,clean,,,2023-07-24 12:54:27,2023-07-24 13:02:41.648992,-494.648992
experiment,ECOR,sim4,template2,17860,2023-07-24 13:22:45,0.3886091903811667,4.075724066516079,1.5987707839249592,1.5987707839249592,4.075724066516078,clean,,,2023-07-24 13:22:45,2023-07-24 13:14:07.120511,517.879489
experiment,EC1,sim1,template3,17873,2023-07-24 13:22:58,0.4676604510915946,-0.7612034200643198,0.9160935576155128,0.9160935576155128,-0.7612034200643198,clean,,,2023-07-24 13:22:58,2023-07-24 13:14:07.120511,530.879489
experiment,ECIT,sim1,template1,17874,2023-07-24 13:22:59,0.3392267973953724,0.4849654679961528,1.0574218334650491,1.0574218334650491,0.4849654679961528,clean,,,2023-07-24 13:22:59,2023-07-24 13:14:07.120511,531.879489
experiment,EC10,sim1,template3,17919,2023-07-24 13:23:44,0.3560791186151705,-0.1202146253066199,0.9862551153098522,0.9862551153098522,-0.1202146253066199,clean,,,2023-07-24 13:23:44,2023-07-24 13:14:07.120511,576.879489
experiment,ECOR,sim1,template3,17930,2023-07-24 13:23:55,0.3152607755503103,4.090655341918692,1.6015214770226776,1.6015214770226776,4.090655341918692,clean,,,2023-07-24 13:23:55,2023-07-24 13:14:07.120511,587.879489
experiment,EMAS,sim2,template4,21337,2023-07-24 15:00:42,0.2151436719018512,0.5586986624858996,1.0664363336170852,1.0664363336170852,0.5586986624858996,clean,,,2023-07-24 15:00:42,2023-07-24 15:07:54.899569,-432.899569
experiment,ECOR,sim1,template3,30166,2023-07-24 19:19:54,0.3079542755047836,-0.1361043796550087,0.9844525335936782,0.9844525335936782,-0.1361043796550087,clean,,,2023-07-24 19:19:54,2023-07-24 19:11:09.862854,524.137146
experiment,EC1,sim4,template1,30170,2023-07-24 19:19:58,0.3405239826720189,-1.4855149916437114,0.8427994633836831,0.8427994633836831,-1.4855149916437114,clean,,,2023-07-24 19:19:58,2023-07-24 19:11:09.862854,528.137146
experiment,ECOR,sim3,template2,30182,2023-07-24 19:20:10,0.3752991363824646,-0.2244838353442046,0.974486457848076,0.974486457848076,-0.2244838353442046,clean,,,2023-07-24 19:20:10,2023-07-24 19:11:09.862854,540.137146
experiment,EMAS,sim3,template2,30206,2023-07-24 19:20:34,0.3283563636199295,-1.0987649702613518,0.8811741565388119,0.8811741565388119,-1.0987649702613518,clean,,,2023-07-24 19:20:34,2023-07-24 19:11:09.862854,564.137146
experiment,EC1,sim2,template3,30226,2023-07-24 19:20:54,0.4259599817491343,-1.5086262947425757,0.8405599342202671,0.8405599342202671,-1.5086262947425757,clean,,,2023-07-24 19:20:54,2023-07-24 19:11:09.862854,584.137146
experiment,ECOR,sim4,template3,30742,2023-07-24 19:29:30,0.4300395809692496,0.0455475425936217,1.0052576276997538,1.0052576276997538,0.0455475425936217,clean,,,2023-07-24 19:29:30,2023-07-24 19:38:36.090939,-546.090939
experiment,ECOR,sim1,template4,30774,2023-07-24 19:30:02,0.2933113063051859,-0.8299174712859227,0.9088749346718872,0.9088749346718872,-0.8299174712859227,clean,,,2023-07-24 19:30:02,2023-07-24 19:38:36.090939,-514.090939
experiment,EMAS,sim3,template3,30782,2023-07-24 19:30:10,0.2781523592493205,-1.5522241143309812,0.8363514116695813,0.8363514116695813,-1.5522241143309812,clean,,,2023-07-24 19:30:10,2023-07-24 19:38:36.090939,-506.090939
experiment,ECOR,sim1,template1,30789,2023-07-24 19:30:17,0.4715486982164953,0.032546386228713,1.0037540701233802,1.0037540701233802,0.032546386228713,clean,,,2023-07-24 19:30:17,2023-07-24 19:38:36.090939,-499.090939
experiment,EC10,sim1,template3,30803,2023-07-24 19:30:31,0.2107089039020526,-0.0483532136424999,0.9944485968581966,0.9944485968581966,-0.0483532136424999,clean,,,2023-07-24 19:30:31,2023-07-24 19:38:36.090939,-485.090939
experiment,EMAS,sim4,template2,30803,2023-07-24 19:30:31,0.2311055282094368,-1.5528682497954027,0.8362893911221925,0.8362893911221925,-1.5528682497954027,clean,,,2023-07-24 19:30:31,2023-07-24 19:38:36.090939,-485.090939
experiment,ECIT,sim4,template3,30838,2023-07-24 19:31:06,0.2637360668354904,1.5549820346358276,1.1960493564853738,1.1960493564853738,1.5549820346358276,clean,,,2023-07-24 19:31:06,2023-07-24 19:38:36.090939,-450.090939
experiment,ECOR,sim3,template3,30871,2023-07-24 19:45:39,0.4333980861334762,-0.4369660427903121,0.9509368952773244,0.9509368952773244,-0.4369660427903121,clean,,,2023-07-24 19:45:39,2023-07-24 19:38:36.090939,422.909061
experiment,EC10,sim4,template1,30880,2023-07-24 19:45:48,0.2499810409469035,-0.6191738934598492,0.931196436446312,0.931196436446312,-0.6191738934598492,clean,,,2023-07-24 19:45:48,2023-07-24 19:38:36.090939,431.909061
experiment,EC1,sim4,template3,43494,2023-07-25 00:31:53,0.2549820962306515,0.3004606863602209,1.035197070499627,1.035197070499627,0.3004606863602209,clean,,,2023-07-25 00:31:53,2023-07-25 00:40:58.838119,-545.838119
experiment,EC10,sim2,template2,43514,2023-07-25 00:32:13,0.2850541972605254,-0.5483106351488538,0.9388246159066312,0.9388246159066312,-0.5483106351488538,clean,,,2023-07-25 00:32:13,2023-07-25 00:40:58.838119,-525.838119
experiment,EC10,sim4,template1,43524,2023-07-25 00:32:23,0.3855347788139004,-0.5618531404840231,0.9373619987683386,0.9373619987683386,-0.5618531404840231,clean,,,2023-07-25 00:32:23,2023-07-25 00:40:58.838119,-515.838119
experiment,ECIT,sim4,template2,43558,2023-07-25 00:32:57,0.3869355523026604,-2.3647693227665765,0.7616606760092564,0.7616606760092564,-2.3647693227665765,clean,,,2023-07-25 00:32:57,2023-07-25 00:40:58.838119,-481.838119
experiment,EC1,sim3,template1,43583,2023-07-25 00:33:22,0.2158211981649274,0.889556088751986,1.10784194525959,1.10784194525959,0.889556088751986,clean,,,2023-07-25 00:33:22,2023-07-25 00:40:58.838119,-456.838119
experiment,EC10,sim2,template3,43613,2023-07-25 00:33:52,0.2708556583178053,-0.6086539221786482,0.9323249442807192,0.9323249442807192,-0.6086539221786482,clean,,,2023-07-25 00:33:52,2023-07-25 00:40:58.838119,-426.838119
experiment,EC10,sim3,template3,45856,2023-07-25 02:55:52,0.3335671603322843,0.3126337392187824,1.0366488899052189,1.0366488899052189,0.3126337392187824,clean,,,2023-07-25 02:55:52,2023-07-25 03:04:37.447941,-525.447941
experiment,ECIT,sim3,template2,45859,2023-07-25 02:55:55,0.4389720301293298,-1.620281941206696,0.8298238312604198,0.8298238312604198,-1.620281941206696,clean,,,2023-07-25 02:55:55,2023-07-25 03:04:37.447941,-522.447941
experiment,ECIT,sim3,template3,45907,2023-07-25 02:56:43,0.4305748844907662,-1.5099954732803689,0.8404274450951918,0.8404274450951918,-1.5099954732803689,clean,,,2023-07-25 02:56:43,2023-07-25 03:04:37.447941,-474.447941
experiment,EC10,sim2,template2,45931,2023-07-25 02:57:07,0.2818899861270673,0.3773323457149601,1.0443994087387478,1.0443994087387478,0.3773323457149601,clean,,,2023-07-25 02:57:07,2023-07-25 03:04:37.447941,-450.447941
experiment,ECIT,sim1,template3,46004,2023-07-25 03:12:20,0.3246142895560047,-1.355944125870118,0.8554660793205494,0.8554660793205494,-1.355944125870118,clean,,,2023-07-25 03:12:20,2023-07-25 03:04:37.447941,462.552059
experiment,EC10,sim1,template3,46010,2023-07-25 03:12:26,0.2858156263590581,0.4283680407012892,1.050554051652202,1.050554051652202,0.4283680407012892,clean,,,2023-07-25 03:12:26,2023-07-25 03:04:37.447941,468.552059
experiment,EC10,sim2,template3,46062,2023-07-25 03:13:18,0.2313745279186044,0.495860536615921,1.058749033368748,1.058749033368748,0.495860536615921,clean,,,2023-07-25 03:13:18,2023-07-25 03:04:37.447941,520.552059
experiment,ECIT,sim4,template2,46064,2023-07-25 03:13:20,0.4199217029506115,-1.21818310897678,0.8691422151028445,0.8691422151028445,-1.21818310897678,clean,,,2023-07-25 03:13:20,2023-07-25 03:04:37.447941,522.552059
experiment,EC10,sim1,template3,54253,2023-07-25 06:59:21,0.4554464277481996,2.3759068501549008,1.3146051899565472,1.3146051899565472,2.3759068501549008,clean,,,2023-07-25 06:59:21,2023-07-25 07:09:19.742669,-598.742669
experiment,ECIT,sim4,template1,54263,2023-07-25 06:59:31,0.3593230578082472,0.4182856221894401,1.0493352956161095,1.0493352956161095,0.4182856221894401,clean,,,2023-07-25 06:59:31,2023-07-25 07:09:19.742669,-588.742669
experiment,EC1,sim3,template3,54315,2023-07-25 07:00:23,0.3293723232036006,-1.930985642620152,0.8006647668760247,0.8006647668760247,-1.930985642620152,clean,,,2023-07-25 07:00:23,2023-07-25 07:09:19.742669,-536.742669
experiment,ECIT,sim3,template2,54339,2023-07-25 07:00:47,0.4022806036349108,0.3350148253731966,1.0393234858778502,1.0393234858778502,0.3350148253731966,clean,,,2023-07-25 07:00:47,2023-07-25 07:09:19.742669,-512.742669
experiment,EC10,sim4,template3,54384,2023-07-25 07:01:32,0.3586210602495251,1.1681196734750627,1.143947210641577,1.143947210641577,1.1681196734750627,clean,,,2023-07-25 07:01:32,2023-07-25 07:09:19.742669,-467.742669
experiment,ECIT,sim3,template3,54385,2023-07-25 07:01:33,0.4424876505780211,0.2059251515281943,1.0239912782110976,1.0239912782110976,0.2059251515281943,clean,,,2023-07-25 07:01:33,2023-07-25 07:09:19.742669,-466.742669
experiment,ECOR,sim3,template2,54397,2023-07-25 07:01:45,0.3548949814812641,0.7473709790266816,1.0898545683008791,1.0898545683008791,0.7473709790266816,clean,,,2023-07-25 07:01:45,2023-07-25 07:09:19.742669,-454.742669
experiment,ECOR,sim3,template1,54427,2023-07-25 07:02:15,0.4204947924920409,0.8543874108572833,1.1033654243308084,1.1033654243308084,0.8543874108572833,clean,,,2023-07-25 07:02:15,2023-07-25 07:09:19.742669,-424.742669
experiment,ECIT,sim1,template2,54524,2023-07-25 07:17:52,0.2886976833091854,0.0366363466346746,1.0042268232056846,1.0042268232056846,0.0366363466346746,clean,,,2023-07-25 07:17:52,2023-07-25 07:09:19.742669,512.257331
experiment,ECIT,sim4,template2,54563,2023-07-25 07:18:31,0.3321386342076428,-0.0281590289416234,0.9967633213606844,0.9967633213606844,-0.0281590289416234,clean,,,2023-07-25 07:18:31,2023-07-25 07:09:19.742669,551.257331
experiment,ECIT,sim4,template3,54568,2023-07-25 07:18:36,0.4028879408394243,-0.0370679522639815,0.9957414875736056,0.9957414875736056,-0.0370679522639815,clean,,,2023-07-25 07:18:36,2023-07-25 07:09:19.742669,556.257331
experiment,EC10,sim1,template1,54580,2023-07-25 07:18:48,0.2460711795801855,1.4088089265427348,1.1760896995047507,1.1760896995047507,1.4088089265427348,clean,,,2023-07-25 07:18:48,2023-07-25 07:09:19.742669,568.257331
experiment,EC10,sim3,template1,55421,2023-07-25 07:32:49,0.2606628711637822,1.290123068304543,1.1601286536185873,1.1601286536185873,1.290123068304543,clean,,,2023-07-25 07:32:49,2023-07-25 07:42:10.227959,-561.227959
experiment,ECOR,sim4,template3,55561,2023-07-25 07:35:09,0.2412345628384158,0.7180618286384215,1.0861832254051909,1.0861832254051909,0.7180618286384215,clean,,,2023-07-25 07:35:09,2023-07-25 07:42:10.227959,-421.227959
experiment,EC10,sim3,template2,59336,2023-07-25 10:15:52,0.2488050983526633,-8.933417420694633,0.3575436990836242,0.3575436990836242,-8.933417420694633,clean,,,2023-07-25 10:15:52,2023-07-25 10:07:14.655746,517.344254
experiment,EC10,sim1,template1,59354,2023-07-25 10:16:10,0.3903982138780941,-8.967365930089898,0.356148978867911,0.356148978867911,-8.967365930089898,clean,,,2023-07-25 10:16:10,2023-07-25 10:07:14.655746,535.344254
experiment,EMAS,sim2,template3,59371,2023-07-25 10:16:27,0.2908827178791711,-3.095282369069261,0.700222209562084,0.700222209562084,-3.095282369069261,clean,,,2023-07-25 10:16:27,2023-07-25 10:07:14.655746,552.344254
experiment,EC10,sim1,template3,59373,2023-07-25 10:16:29,0.3347622759394633,-8.972670482622236,0.3559315418194774,0.3559315418194774,-8.972670482622236,clean,,,2023-07-25 10:16:29,2023-07-25 10:07:14.655746,554.344254
experiment,EC1,sim4,template1,66559,2023-07-25 13:26:20,0.3013233436302781,-1.1593170823192365,0.875052572484425,0.875052572484425,-1.1593170823192365,clean,,,2023-07-25 13:26:20,2023-07-25 13:36:10.019759,-590.019759
experiment,EC1,sim3,template1,66577,2023-07-25 13:26:38,0.2111551719647809,-1.135825833576454,0.8774223815473227,0.8774223815473227,-1.135825833576454,clean,,,2023-07-25 13:26:38,2023-07-25 13:36:10.019759,-572.019759
experiment,EC1,sim2,template3,66647,2023-07-25 13:27:48,0.2952068306885121,-1.197036143520893,0.8712608366009135,0.8712608366009135,-1.197036143520893,clean,,,2023-07-25 13:27:48,2023-07-25 13:36:10.019759,-502.019759
experiment,EMAS,sim4,template3,66655,2023-07-25 13:27:56,0.210487643331325,-2.383909973178437,0.7599840913431845,0.7599840913431845,-2.383909973178437,clean,,,2023-07-25 13:27:56,2023-07-25 13:36:10.019759,-494.019759
experiment,ECIT,sim3,template2,66666,2023-07-25 13:28:07,0.2595200243799191,3.3058465767658425,1.4631617148117728,1.4631617148117728,3.3058465767658425,clean,,,2023-07-25 13:28:07,2023-07-25 13:36:10.019759,-483.019759
experiment,EMAS,sim3,template2,66670,2023-07-25 13:28:11,0.2117561572130135,-2.501286426252808,0.7497831542530039,0.7497831542530039,-2.501286426252808,clean,,,2023-07-25 13:28:11,2023-07-25 13:36:10.019759,-479.019759
experiment,EMAS,sim4,template2,66691,2023-07-25 13:28:32,0.2398582207956841,-2.7361081982726505,0.7297844243890731,0.7297844243890731,-2.7361081982726505,clean,,,2023-07-25 13:28:32,2023-07-25 13:36:10.019759,-458.019759
experiment,ECOR,sim2,template3,66711,2023-07-25 13:28:52,0.4079764194223035,1.6029389465277937,1.202671300105821,1.202671300105821,1.6029389465277937,clean,,,2023-07-25 13:28:52,2023-07-25 13:36:10.019759,-438.019759
experiment,EMAS,sim1,template1,66762,2023-07-25 13:43:43,0.3420943425681308,-3.151369612123688,0.6957152439857455,0.6957152439857455,-3.151369612123688,clean,,,2023-07-25 13:43:43,2023-07-25 13:36:10.019759,452.980241
experiment,ECIT,sim4,template3,66802,2023-07-25 13:44:23,0.2598188135961961,3.5003442382016328,1.496294955912817,1.496294955912817,3.5003442382016328,clean,,,2023-07-25 13:44:23,2023-07-25 13:36:10.019759,492.980241
experiment,ECOR,sim4,template3,66806,2023-07-25 13:44:27,0.396217534992459,1.472082970408453,1.1846884340519783,1.1846884340519783,1.472082970408453,clean,,,2023-07-25 13:44:27,2023-07-25 13:36:10.019759,496.980241
experiment,ECOR,sim2,template2,66828,2023-07-25 13:44:49,0.3311052337799345,1.3594681217761784,1.1694277792172576,1.1694277792172576,1.3594681217761784,clean,,,2023-07-25 13:44:49,2023-07-25 13:36:10.019759,518.980241
experiment,ECOR,sim1,template3,66840,2023-07-25 13:45:01,0.257928723443103,1.3426797826726449,1.1671696583135844,1.1671696583135844,1.3426797826726449,clean,,,2023-07-25 13:45:01,2023-07-25 13:36:10.019759,530.980241
experiment,ECOR,sim4,template1,66863,2023-07-25 13:45:24,0.340323910098103,1.359134900313392,1.1693829166900065,1.1693829166900065,1.359134900313392,clean,,,2023-07-25 13:45:24,2023-07-25 13:36:10.019759,553.980241
experiment,ECOR,sim4,template2,66873,2023-07-25 13:45:34,0.2077370850400312,1.3662570365774964,1.170342164424491,1.170342164424491,1.3662570365774964,clean,,,2023-07-25 13:45:34,2023-07-25 13:36:10.019759,563.980241
experiment,EC10,sim1,template2,66879,2023-07-25 13:45:40,0.2356572548786825,-8.161179031582563,0.3907878462482741,0.3907878462482741,-8.161179031582563,clean,,,2023-07-25 13:45:40,2023-07-25 13:36:10.019759,569.980241
experiment,EC10,sim1,template3,70511,2023-07-25 15:48:47,0.2732051102205886,14.08652755778151,5.062049386160461,5.062049386160461,14.08652755778151,clean,,,2023-07-25 15:48:47,2023-07-25 15:58:35.693984,-588.693984
experiment,EC10,sim2,template2,70514,2023-07-25 15:48:50,0.2909561910097449,14.087055375777224,5.062357002542254,5.062357002542254,14.087055375777224,clean,,,2023-07-25 15:48:50,2023-07-25 15:58:35.693984,-585.693984
experiment,ECOR,sim1,template3,70520,2023-07-25 15:48:56,0.3968301695529674,1.2997602301393083,1.161416553045154,1.161416553045154,1.2997602301393083,clean,,,2023-07-25 15:48:56,2023-07-25 15:58:35.693984,-579.693984
experiment,ECOR,sim4,template4,70535,2023-07-25 15:49:11,0.2388222909270785,0.756565537893027,1.0910088585417566,1.0910088585417566,0.756565537893027,clean,,,2023-07-25 15:49:11,2023-07-25 15:58:35.693984,-564.693984
experiment,EC10,sim4,template1,70540,2023-07-25 15:49:16,0.4549847692261952,14.091373211997178,5.064874172716985,5.064874172716985,14.091373211997178,clean,,,2023-07-25 15:49:16,2023-07-25 15:58:35.693984,-559.693984
experiment,EC10,sim4,template2,70577,2023-07-25 15:49:53,0.3317450440401115,14.042715458277796,5.036580421302207,5.036580421302207,14.042715458277796,clean,,,2023-07-25 15:49:53,2023-07-25 15:58:35.693984,-522.693984
experiment,ECOR,sim1,template1,70580,2023-07-25 15:49:56,0.2385819760456304,1.188021945416463,1.1465713807523783,1.1465713807523783,1.188021945416463,clean,,,2023-07-25 15:49:56,2023-07-25 15:58:35.693984,-519.693984
experiment,EC10,sim3,template2,70631,2023-07-25 15:50:47,0.348908794492292,14.08914247681015,5.063573564168298,5.063573564168298,14.08914247681015,clean,,,2023-07-25 15:50:47,2023-07-25 15:58:35.693984,-468.693984
experiment,EC10,sim3,template3,70661,2023-07-25 15:51:17,0.2842265407708703,14.073629129470053,5.054537890090543,5.054537890090543,14.073629129470056,clean,,,2023-07-25 15:51:17,2023-07-25 15:58:35.693984,-438.693984
experiment,ECOR,sim3,template4,70663,2023-07-25 15:51:19,0.2294349025704873,0.5786420233516967,1.0688877532122365,1.0688877532122365,0.5786420233516967,clean,,,2023-07-25 15:51:19,2023-07-25 15:58:35.693984,-436.693984
experiment,ECOR,sim4,template2,70664,2023-07-25 15:51:20,0.3023859331151604,0.9486911151135784,1.1154100564945286,1.1154100564945286,0.9486911151135784,clean,,,2023-07-25 15:51:20,2023-07-25 15:58:35.693984,-435.693984
experiment,ECIT,sim1,template2,73775,2023-07-25 17:32:40,0.2602284271102444,-2.683372700763236,0.7342287143402257,0.7342287143402257,-2.683372700763236,clean,,,2023-07-25 17:32:40,2023-07-25 17:42:35.157641,-595.157641
experiment,EMAS,sim3,template3,73794,2023-07-25 17:32:59,0.28831818176792,-6.251353750123197,0.4868916341512884,0.4868916341512884,-6.251353750123197,clean,,,2023-07-25 17:32:59,2023-07-25 17:42:35.157641,-576.157641
experiment,ECIT,sim2,template1,73876,2023-07-25 17:34:21,0.3358250988010836,-2.8236768096979805,0.7224639138493499,0.7224639138493499,-2.8236768096979805,clean,,,2023-07-25 17:34:21,2023-07-25 17:42:35.157641,-494.157641
experiment,EMAS,sim4,template3,73912,2023-07-25 17:34:57,0.2573036632293393,-6.554597447961951,0.4701864697963349,0.4701864697963349,-6.554597447961951,clean,,,2023-07-25 17:34:57,2023-07-25 17:42:35.157641,-458.157641
experiment,EC1,sim3,template2,73926,2023-07-25 17:35:11,0.3815644988600207,0.7081503443549915,1.084944486671611,1.084944486671611,0.7081503443549915,clean,,,2023-07-25 17:35:11,2023-07-25 17:42:35.157641,-444.157641
experiment,EC1,sim1,template4,73926,2023-07-25 17:35:11,0.2172664884322639,-0.3024562387974313,0.9657777329706496,0.9657777329706496,-0.3024562387974313,clean,,,2023-07-25 17:35:11,2023-07-25 17:42:35.157641,-444.157641
experiment,EC1,sim3,template1,73935,2023-07-25 17:35:20,0.2079295185586804,0.6982959171461411,1.083714279487883,1.083714279487883,0.6982959171461411,clean,,,2023-07-25 17:35:20,2023-07-25 17:42:35.157641,-435.157641
experiment,EC1,sim1,template2,73965,2023-07-25 17:49:50,0.3740452921198448,0.6583335330075567,1.078739736336498,1.078739736336498,0.6583335330075567,clean,,,2023-07-25 17:49:50,2023-07-25 17:42:35.157641,434.842359
experiment,ECIT,sim2,template2,73975,2023-07-25 17:50:00,0.3191335106061165,-3.208112839572145,0.6911850850603953,0.6911850850603953,-3.208112839572145,clean,,,2023-07-25 17:50:00,2023-07-25 17:42:35.157641,444.842359
experiment,EMAS,sim2,template1,74004,2023-07-25 17:50:29,0.2659641571492012,-6.729632582390326,0.460806260620401,0.460806260620401,-6.729632582390326,clean,,,2023-07-25 17:50:29,2023-07-25 17:42:35.157641,473.842359
experiment,ECIT,sim1,template1,74009,2023-07-25 17:50:34,0.4837210393556448,-3.2691697982098185,0.6863434763382587,0.6863434763382587,-3.2691697982098185,clean,,,2023-07-25 17:50:34,2023-07-25 17:42:35.157641,478.842359
experiment,ECIT,sim1,template4,74011,2023-07-25 17:50:36,0.2259847803478425,-3.124841944550077,0.6978432832632745,0.6978432832632745,-3.124841944550077,clean,,,2023-07-25 17:50:36,2023-07-25 17:42:35.157641,480.842359
experiment,EMAS,sim4,template1,74016,2023-07-25 17:50:41,0.3249858183843482,-6.72799575624727,0.4608931061640349,0.4608931061640349,-6.727995756247271,clean,,,2023-07-25 17:50:41,2023-07-25 17:42:35.157641,485.842359
experiment,EC1,sim1,template1,74038,2023-07-25 17:51:03,0.4497565994604778,0.4170427046753913,1.0491851505002778,1.0491851505002778,0.4170427046753913,clean,,,2023-07-25 17:51:03,2023-07-25 17:42:35.157641,507.842359
experiment,EC1,sim4,template1,74061,2023-07-25 17:51:26,0.2929960345510924,0.1364726243514453,1.0158360738689487,1.0158360738689487,0.1364726243514453,clean,,,2023-07-25 17:51:26,2023-07-25 17:42:35.157641,530.842359
experiment,ECIT,sim4,template1,74083,2023-07-25 17:51:48,0.4976560921245909,-4.229271003805622,0.6145206055113972,0.6145206055113972,-4.229271003805622,clean,,,2023-07-25 17:51:48,2023-07-25 17:42:35.157641,552.842359
experiment,ECIT,sim2,template3,74090,2023-07-25 17:51:55,0.4236584176226495,-4.25378620675291,0.6127886174272842,0.6127886174272842,-4.25378620675291,clean,,,2023-07-25 17:51:55,2023-07-25 17:42:35.157641,559.842359
experiment,ECIT,sim2,template3,80982,2023-07-25 20:50:07,0.3448005575930019,-2.1645697766699854,0.7794199381271341,0.7794199381271341,-2.1645697766699854,clean,,,2023-07-25 20:50:07,2023-07-25 20:59:06.758224,-539.758224
experiment,ECOR,sim2,template3,81121,2023-07-25 21:06:26,0.2209013090133996,-2.207425078512704,0.7755838301723299,0.7755838301723299,-2.207425078512704,clean,,,2023-07-25 21:06:26,2023-07-25 20:59:06.758224,439.241776
experiment,ECOR,sim1,template2,81124,2023-07-25 21:06:29,0.2692659840343309,-2.204300501066613,0.7758628813434439,0.7758628813434439,-2.204300501066613,clean,,,2023-07-25 21:06:29,2023-07-25 20:59:06.758224,442.241776
experiment,ECIT,sim1,template3,81131,2023-07-25 21:06:36,0.2560321823693938,-2.126387529991796,0.7828537270013304,0.7828537270013304,-2.126387529991796,clean,,,2023-07-25 21:06:36,2023-07-25 20:59:06.758224,449.241776
experiment,EMAS,sim2,template3,81136,2023-07-25 21:06:41,0.2926862656775886,9.363500411874735,2.9388337627956225,2.9388337627956225,9.363500411874735,clean,,,2023-07-25 21:06:41,2023-07-25 20:59:06.758224,454.241776
experiment,EC1,sim4,template2,81149,2023-07-25 21:06:54,0.3090441863775229,-0.6124962013408088,0.9319126134025436,0.9319126134025436,-0.6124962013408088,clean,,,2023-07-25 21:06:54,2023-07-25 20:59:06.758224,467.241776
experiment,EC1,sim3,template2,81256,2023-07-25 21:08:41,0.298223511518622,-0.7940665689487415,0.9126340572827636,0.9126340572827636,-0.7940665689487415,clean,,,2023-07-25 21:08:41,2023-07-25 20:59:06.758224,574.241776
experiment,ECOR,sim1,template4,88727,2023-07-25 23:33:12,0.206525227468702,-0.7192654782331641,0.9205274128105038,0.9205274128105038,-0.7192654782331641,clean,,,2023-07-25 23:33:12,2023-07-25 23:43:08.995500,-596.9955
experiment,ECIT,sim2,template2,88733,2023-07-25 23:33:18,0.2575452694723514,0.4365548287017662,1.0515447063998042,1.0515447063998042,0.4365548287017662,clean,,,2023-07-25 23:33:18,2023-07-25 23:43:08.995500,-590.9955
experiment,ECOR,sim1,template1,88737,2023-07-25 23:33:22,0.3634187328954803,0.7755299427099145,1.0933935235747592,1.0933935235747592,0.7755299427099145,clean,,,2023-07-25 23:33:22,2023-07-25 23:43:08.995500,-586.9955
experiment,EMAS,sim2,template1,88751,2023-07-25 23:33:36,0.3253265643930169,-4.602175752848724,0.5886961727298129,0.5886961727298129,-4.602175752848724,clean,,,2023-07-25 23:33:36,2023-07-25 23:43:08.995500,-572.9955
experiment,ECOR,sim4,template3,88754,2023-07-25 23:33:39,0.2371411407121451,0.7716957656262335,1.0929109778120136,1.0929109778120136,0.7716957656262335,clean,,,2023-07-25 23:33:39,2023-07-25 23:43:08.995500,-569.9955
experiment,EMAS,sim2,template2,88760,2023-07-25 23:33:45,0.2136719465649981,-4.600424129089388,0.5888149030185983,0.5888149030185983,-4.600424129089388,clean,,,2023-07-25 23:33:45,2023-07-25 23:43:08.995500,-563.9955
experiment,EMAS,sim1,template3,88765,2023-07-25 23:33:50,0.2609591185179596,-4.60253456921264,0.5886718540398513,0.5886718540398513,-4.60253456921264,clean,,,2023-07-25 23:33:50,2023-07-25 23:43:08.995500,-558.9955
experiment,EC1,sim2,template2,88768,2023-07-25 23:33:53,0.2293089411606887,-0.6156363787218353,0.9315757633946156,0.9315757633946156,-0.6156363787218353,clean,,,2023-07-25 23:33:53,2023-07-25 23:43:08.995500,-555.9955
experiment,EMAS,sim2,template4,88771,2023-07-25 23:33:56,0.2027925228656078,-3.758996078000416,0.6487094075621815,0.6487094075621815,-3.758996078000416,clean,,,2023-07-25 23:33:56,2023-07-25 23:43:08.995500,-552.9955
experiment,EMAS,sim3,template1,88786,2023-07-25 23:34:11,0.2025178281640009,-4.638278174272771,0.5862543676723599,0.5862543676723599,-4.638278174272771,clean,,,2023-07-25 23:34:11,2023-07-25 23:43:08.995500,-537.9955
experiment,ECOR,sim1,template2,88792,2023-07-25 23:34:17,0.2748508794601449,0.763487391928026,1.091878638636846,1.091878638636846,0.763487391928026,clean,,,2023-07-25 23:34:17,2023-07-25 23:43:08.995500,-531.9955
experiment,EC1,sim4,template1,88795,2023-07-25 23:34:20,0.2959955147870288,-0.6555412703950785,0.9273057152672644,0.9273057152672644,-0.6555412703950785,clean,,,2023-07-25 23:34:20,2023-07-25 23:43:08.995500,-528.9955
experiment,EC1,sim1,template1,88797,2023-07-25 23:34:22,0.2168099740387856,-0.6571066829900529,0.927138606852834,0.927138606852834,-0.6571066829900529,clean,,,2023-07-25 23:34:22,2023-07-25 23:43:08.995500,-526.9955
experiment,ECIT,sim2,template3,88816,2023-07-25 23:34:41,0.2384792694430006,0.4378330011912354,1.0516994578954255,1.0516994578954255,0.4378330011912354,clean,,,2023-07-25 23:34:41,2023-07-25 23:43:08.995500,-507.9955
experiment,ECOR,sim4,template2,88846,2023-07-25 23:35:11,0.2656426155144789,0.8919796377322846,1.108151099984903,1.108151099984903,0.8919796377322846,clean,,,2023-07-25 23:35:11,2023-07-25 23:43:08.995500,-477.9955
experiment,ECIT,sim3,template1,88899,2023-07-25 23:36:04,0.2786272256213598,0.4168018298828263,1.0491560551788035,1.0491560551788035,0.4168018298828263,clean,,,2023-07-25 23:36:04,2023-07-25 23:43:08.995500,-424.9955
experiment,ECOR,sim2,template1,88930,2023-07-25 23:50:35,0.4141614328888573,1.0226146095928377,1.124943551323677,1.124943551323677,1.0226146095928377,clean,,,2023-07-25 23:50:35,2023-07-25 23:43:08.995500,446.0045
experiment,EC1,sim3,template3,88935,2023-07-25 23:50:40,0.2746767413833759,-0.6982925413542675,0.9227528026345057,0.9227528026345057,-0.6982925413542675,clean,,,2023-07-25 23:50:40,2023-07-25 23:43:08.995500,451.0045
experiment,ECOR,sim3,template1,88983,2023-07-25 23:51:28,0.3526365253537122,1.0114289315663865,1.1234957828148742,1.1234957828148742,1.0114289315663865,clean,,,2023-07-25 23:51:28,2023-07-25 23:43:08.995500,499.0045
experiment,EC1,sim1,template2,89064,2023-07-25 23:52:49,0.3215845502868751,-0.9515906051274046,0.896232048263903,0.896232048263903,-0.9515906051274046,clean,,,2023-07-25 23:52:49,2023-07-25 23:43:08.995500,580.0045
experiment,ECOR,sim2,template1,94978,2023-07-26 03:10:01,0.3474589040330118,-1.53305007287848,0.8381996909221846,0.8381996909221846,-1.53305007287848,clean,,,2023-07-26 03:10:01,2023-07-26 03:19:43.711980,-582.71198
experiment,EMAS,sim1,template2,94995,2023-07-26 03:10:18,0.2707114469382574,-2.478106679808228,0.7517867480354187,0.7517867480354187,-2.478106679808228,clean,,,2023-07-26 03:10:18,2023-07-26 03:19:43.711980,-565.71198
experiment,ECIT,sim1,template1,95003,2023-07-26 03:10:26,0.2531096960393437,-0.9389083813346472,0.8975415879653401,0.8975415879653401,-0.9389083813346472,clean,,,2023-07-26 03:10:26,2023-07-26 03:19:43.711980,-557.71198
experiment,EMAS,sim1,template1,95058,2023-07-26 03:11:21,0.2720255765478354,-2.5524400548693764,0.7453804490717134,0.7453804490717134,-2.5524400548693764,clean,,,2023-07-26 03:11:21,2023-07-26 03:19:43.711980,-502.71198
experiment,EMAS,sim4,template2,95077,2023-07-26 03:11:40,0.3339389027093609,-2.622996655990094,0.7393501532006107,0.7393501532006107,-2.622996655990094,clean,,,2023-07-26 03:11:40,2023-07-26 03:19:43.711980,-483.71198
experiment,EC1,sim3,template1,95193,2023-07-26 03:33:21,0.2631248189752207,-0.7396989823647742,0.9183644227107336,0.9183644227107336,-0.7396989823647742,clean,,,2023-07-26 03:33:21,2023-07-26 03:25:28.224606,472.775394
experiment,ECOR,sim1,template1,95196,2023-07-26 03:33:24,0.2152602669500755,-1.3442472306837814,0.8566188728767666,0.8566188728767666,-1.3442472306837814,clean,,,2023-07-26 03:33:24,2023-07-26 03:25:28.224606,475.775394
experiment,EC1,sim1,template3,95233,2023-07-26 03:34:01,0.2955457384895336,-0.7355237503757992,0.9188059786595728,0.9188059786595728,-0.7355237503757992,clean,,,2023-07-26 03:34:01,2023-07-26 03:25:28.224606,512.775394
experiment,EMAS,sim3,template3,95262,2023-07-26 03:34:30,0.2585785956375873,-2.4707479413425384,0.7524239362119807,0.7524239362119807,-2.4707479413425384,clean,,,2023-07-26 03:34:30,2023-07-26 03:25:28.224606,541.775394
experiment,ECOR,sim4,template1,111852,2023-07-26 10:21:22,0.3725467839178799,1.4048765281539353,1.1755573641107169,1.1755573641107169,1.4048765281539353,clean,,,2023-07-26 10:21:22,2023-07-26 10:30:34.933544,-552.933544
experiment,ECOR,sim4,template2,111857,2023-07-26 10:21:27,0.2755698703303198,1.3970854987573988,1.1745033908298703,1.1745033908298703,1.3970854987573988,clean,,,2023-07-26 10:21:27,2023-07-26 10:30:34.933544,-547.933544
experiment,EC1,sim2,template3,111869,2023-07-26 10:21:39,0.3330724337149607,2.416160651608842,1.3207117224083067,1.3207117224083067,2.416160651608842,clean,,,2023-07-26 10:21:39,2023-07-26 10:30:34.933544,-535.933544
experiment,EC1,sim3,template3,111998,2023-07-26 10:37:48,0.2113768030619814,2.435674992790901,1.3236822635333865,1.3236822635333865,2.435674992790901,clean,,,2023-07-26 10:37:48,2023-07-26 10:30:34.933544,433.066456
experiment,EMAS,sim4,template2,112012,2023-07-26 10:38:02,0.4151221106908949,-0.1430309728187944,0.9836677914063914,0.9836677914063914,-0.1430309728187944,clean,,,2023-07-26 10:38:02,2023-07-26 10:30:34.933544,447.066456
experiment,EMAS,sim1,template1,112058,2023-07-26 10:38:48,0.3545280257966001,-0.0579799750440553,0.9933470382883128,0.9933470382883128,-0.0579799750440553,clean,,,2023-07-26 10:38:48,2023-07-26 10:30:34.933544,493.066456
experiment,EMAS,sim3,template2,112104,2023-07-26 10:39:34,0.4421696019076619,-0.0549109028995828,0.9936980895359272,0.9936980895359272,-0.0549109028995828,clean,,,2023-07-26 10:39:34,2023-07-26 10:30:34.933544,539.066456
experiment,ECIT,sim2,template1,112119,2023-07-26 10:39:49,0.2199462424987596,4.522048350616911,1.683070924608522,1.683070924608522,4.522048350616911,clean,,,2023-07-26 10:39:49,2023-07-26 10:30:34.933544,554.066456
experiment,ECIT,sim3,template1,112133,2023-07-26 10:40:03,0.2757135955013267,4.524952902545537,1.6836338357852274,1.6836338357852274,4.524952902545537,clean,,,2023-07-26 10:40:03,2023-07-26 10:30:34.933544,568.066456
experiment,ECOR,sim4,template3,112146,2023-07-26 10:40:16,0.3888218234534147,1.285452173108785,1.1595049543968623,1.1595049543968623,1.285452173108785,clean,,,2023-07-26 10:40:16,2023-07-26 10:30:34.933544,581.066456
experiment,ECOR,sim3,template2,114213,2023-07-26 11:59:13,0.4304821105904016,0.3548614411981316,1.0417009783867606,1.0417009783867606,0.3548614411981316,clean,,,2023-07-26 11:59:13,2023-07-26 12:09:07.168431,-594.168431
experiment,ECIT,sim4,template2,114231,2023-07-26 11:59:31,0.3837514464650982,2.9422631324449524,1.4031792591536685,1.4031792591536685,2.9422631324449524,clean,,,2023-07-26 11:59:31,2023-07-26 12:09:07.168431,-576.168431
experiment,ECIT,sim4,template3,114246,2023-07-26 11:59:46,0.2000782359200839,2.975302499973731,1.4085268333708951,1.4085268333708951,2.975302499973731,clean,,,2023-07-26 11:59:46,2023-07-26 12:09:07.168431,-561.168431
experiment,ECIT,sim1,template1,114273,2023-07-26 12:00:13,0.2051944313375627,2.9680462918440567,1.4073506388376291,1.4073506388376291,2.9680462918440567,clean,,,2023-07-26 12:00:13,2023-07-26 12:09:07.168431,-534.168431
experiment,ECOR,sim4,template1,114306,2023-07-26 12:00:46,0.3465078832768778,0.1961432849209287,1.0228387298352462,1.0228387298352462,0.1961432849209287,clean,,,2023-07-26 12:00:46,2023-07-26 12:09:07.168431,-501.168431
experiment,EMAS,sim1,template1,114392,2023-07-26 12:16:12,0.324746855846056,1.1636649120449027,1.1433606610141471,1.1433606610141471,1.1636649120449027,clean,,,2023-07-26 12:16:12,2023-07-26 12:09:07.168431,424.831569
experiment,EC1,sim2,template3,114467,2023-07-26 12:17:27,0.2057265485688694,1.8286522647273429,1.2343337764444935,1.2343337764444935,1.8286522647273429,clean,,,2023-07-26 12:17:27,2023-07-26 12:09:07.168431,499.831569
experiment,EC1,sim4,template3,114472,2023-07-26 12:17:32,0.3546411023195573,1.8278104847715548,1.2342141586358053,1.2342141586358053,1.8278104847715548,clean,,,2023-07-26 12:17:32,2023-07-26 12:09:07.168431,504.831569
experiment,EC1,sim2,template2,114544,2023-07-26 12:18:44,0.2805779701445162,1.8464819331863545,1.236870115982596,1.236870115982596,1.8464819331863545,clean,,,2023-07-26 12:18:44,2023-07-26 12:09:07.168431,576.831569
experiment,ECOR,sim3,template3,114545,2023-07-26 12:18:45,0.2723729293597707,0.0232697594121144,1.002682621864822,1.002682621864822,0.0232697594121144,clean,,,2023-07-26 12:18:45,2023-07-26 12:09:07.168431,577.831569
experiment,EC1,sim1,template2,114558,2023-07-26 12:18:58,0.2277531078358101,1.8707342421963515,1.240328469072277,1.240328469072277,1.8707342421963515,clean,,,2023-07-26 12:18:58,2023-07-26 12:09:07.168431,590.831569
experiment,EMAS,sim2,template3,123914,2023-07-26 20:05:14,0.2419190851567895,-0.098957082402903,0.9886717976751144,0.9886717976751144,-0.098957082402903,clean,,,2023-07-26 20:05:14,2023-07-26 20:13:48.839983,-514.839983
experiment,EMAS,sim3,template3,123923,2023-07-26 20:05:23,0.2033590030179619,-0.1029145946938391,0.9882214362578148,0.9882214362578148,-0.1029145946938391,clean,,,2023-07-26 20:05:23,2023-07-26 20:13:48.839983,-505.839983
experiment,EMAS,sim2,template2,123934,2023-07-26 20:05:34,0.2752627957564703,-0.1047874144854486,0.9880083825317554,0.9880083825317554,-0.1047874144854486,clean,,,2023-07-26 20:05:34,2023-07-26 20:13:48.839983,-494.839983
experiment,EMAS,sim1,template3,123946,2023-07-26 20:05:46,0.3116634747111859,-0.1280909274499887,0.9853611916401234,0.9853611916401234,-0.1280909274499887,clean,,,2023-07-26 20:05:46,2023-07-26 20:13:48.839983,-482.839983
experiment,ECOR,sim4,template1,123954,2023-07-26 20:05:54,0.2091733895833007,-0.2561285810871034,0.9709426331268408,0.9709426331268408,-0.2561285810871034,clean,,,2023-07-26 20:05:54,2023-07-26 20:13:48.839983,-474.839983
experiment,ECOR,sim1,template3,123965,2023-07-26 20:06:05,0.3313405435934791,-0.244079183624546,0.9722904964754242,0.9722904964754242,-0.244079183624546,clean,,,2023-07-26 20:06:05,2023-07-26 20:13:48.839983,-463.839983
experiment,EMAS,sim1,template4,123977,2023-07-26 20:06:17,0.2106062851341947,1.0180425692972257,1.124351564313912,1.124351564313912,1.0180425692972257,clean,,,2023-07-26 20:06:17,2023-07-26 20:13:48.839983,-451.839983
experiment,EC1,sim3,template1,127687,2023-07-26 23:04:05,0.2350901922349782,-2.10783209222164,0.7845279044590201,0.7845279044590201,-2.10783209222164,clean,,,2023-07-26 23:04:05,2023-07-26 23:13:24.837484,-559.837484
experiment,ECIT,sim1,template3,127717,2023-07-26 23:04:35,0.2929569149581935,-1.67576256851672,0.8245402707995938,0.8245402707995938,-1.67576256851672,clean,,,2023-07-26 23:04:35,2023-07-26 23:13:24.837484,-529.837484
experiment,EMAS,sim4,template1,127727,2023-07-26 23:04:45,0.2524181628959599,0.1764653850531242,1.0205241095818596,1.0205241095818596,0.1764653850531242,clean,,,2023-07-26 23:04:45,2023-07-26 23:13:24.837484,-519.837484
experiment,EMAS,sim2,template2,127731,2023-07-26 23:04:49,0.3328799065450803,0.1839355208798207,1.0214021696510858,1.0214021696510858,0.1839355208798207,clean,,,2023-07-26 23:04:49,2023-07-26 23:13:24.837484,-515.837484
experiment,EMAS,sim3,template3,127732,2023-07-26 23:04:50,0.3031980861066556,0.1855506057033089,1.021592110416177,1.021592110416177,0.1855506057033089,clean,,,2023-07-26 23:04:50,2023-07-26 23:13:24.837484,-514.837484
experiment,EMAS,sim3,template1,127747,2023-07-26 23:05:05,0.3287088482709168,0.178604908775547,1.0207755178507514,1.0207755178507514,0.178604908775547,clean,,,2023-07-26 23:05:05,2023-07-26 23:13:24.837484,-499.837484
experiment,ECIT,sim3,template2,127761,2023-07-26 23:05:19,0.2829868098743621,-1.858833165212548,0.8073434789194546,0.8073434789194546,-1.858833165212548,clean,,,2023-07-26 23:05:19,2023-07-26 23:13:24.837484,-485.837484
experiment,EC1,sim4,template2,127827,2023-07-26 23:20:25,0.246284570137153,-2.1060883513215467,0.7846854186318495,0.7846854186318495,-2.1060883513215467,clean,,,2023-07-26 23:20:25,2023-07-26 23:13:24.837484,420.162516
experiment,EC1,sim2,template2,127846,2023-07-26 23:20:44,0.2844674292686841,-2.121707821783421,0.7832756197772927,0.7832756197772927,-2.121707821783421,clean,,,2023-07-26 23:20:44,2023-07-26 23:13:24.837484,439.162516
experiment,ECOR,sim2,template2,127875,2023-07-26 23:21:13,0.26992874364442,1.8416385886248448,1.2361806162880782,1.2361806162880782,1.8416385886248448,clean,,,2023-07-26 23:21:13,2023-07-26 23:13:24.837484,468.162516
experiment,ECOR,sim1,template2,127898,2023-07-26 23:21:36,0.2041798191687417,1.8188825460116185,1.2329462024681914,1.2329462024681914,1.8188825460116185,clean,,,2023-07-26 23:21:36,2023-07-26 23:13:24.837484,491.162516
experiment,ECIT,sim2,template1,127955,2023-07-26 23:22:33,0.3667453751241493,-2.1452322247217395,0.7811571077485955,0.7811571077485955,-2.1452322247217395,clean,,,2023-07-26 23:22:33,2023-07-26 23:13:24.837484,548.162516
experiment,ECIT,sim4,template2,127975,2023-07-26 23:22:53,0.2704989493246291,-2.118597383182342,0.7835561629461203,0.7835561629461203,-2.118597383182342,clean,,,2023-07-26 23:22:53,2023-07-26 23:13:24.837484,568.162516
experiment,ECOR,sim1,template3,127998,2023-07-26 23:23:16,0.2862009872781608,1.8054249124969828,1.2310373950236186,1.2310373950236186,1.8054249124969828,clean,,,2023-07-26 23:23:16,2023-07-26 23:13:24.837484,591.162516
experiment,ECOR,sim2,template1,128347,2023-07-26 23:29:05,0.2304216318115359,1.393457126490736,1.1740128658816602,1.1740128658816602,1.393457126490736,clean,,,2023-07-26 23:29:05,2023-07-26 23:38:50.334678,-585.334678
experiment,EC1,sim1,template2,128391,2023-07-26 23:29:49,0.353621712524136,-1.6520761262058492,0.826791862790093,0.826791862790093,-1.6520761262058492,clean,,,2023-07-26 23:29:49,2023-07-26 23:38:50.334678,-541.334678
experiment,EMAS,sim1,template3,128497,2023-07-26 23:31:35,0.3202133425839883,0.3703179968769965,1.0435563374025916,1.0435563374025916,0.3703179968769965,clean,,,2023-07-26 23:31:35,2023-07-26 23:38:50.334678,-435.334678
experiment,ECOR,sim1,template1,128497,2023-07-26 23:31:35,0.2794568833888548,1.4585865781183798,1.1828490595217205,1.1828490595217205,1.4585865781183798,clean,,,2023-07-26 23:31:35,2023-07-26 23:38:50.334678,-435.334678
experiment,ECIT,sim3,template3,133103,2023-07-27 02:51:06,0.3594749595007012,-1.0093296581757196,0.890294144659406,0.890294144659406,-1.0093296581757196,clean,,,2023-07-27 02:51:06,2023-07-27 03:00:12.959622,-546.959622
experiment,EC1,sim1,template3,133170,2023-07-27 02:52:13,0.224454010340766,-1.68324484568178,0.8238302937456651,0.8238302937456651,-1.68324484568178,clean,,,2023-07-27 02:52:13,2023-07-27 03:00:12.959622,-479.959622
experiment,ECOR,sim1,template3,133189,2023-07-27 02:52:32,0.332292102648486,-0.8257173203890635,0.9093145367338744,0.9093145367338744,-0.8257173203890635,clean,,,2023-07-27 02:52:32,2023-07-27 03:00:12.959622,-460.959622
experiment,ECOR,sim1,template1,133209,2023-07-27 02:52:52,0.2018311039707946,-0.8212310598506798,0.9097843188500342,0.9097843188500342,-0.8212310598506798,clean,,,2023-07-27 02:52:52,2023-07-27 03:00:12.959622,-440.959622
experiment,ECOR,sim3,template2,133269,2023-07-27 03:07:52,0.2174698880213063,-0.8465258089269241,0.9071387303119366,0.9071387303119366,-0.8465258089269241,clean,,,2023-07-27 03:07:52,2023-07-27 03:00:12.959622,459.040378
experiment,EMAS,sim2,template1,133283,2023-07-27 03:08:06,0.2619639716683477,-5.293470189255039,0.5436588855637955,0.5436588855637955,-5.293470189255039,clean,,,2023-07-27 03:08:06,2023-07-27 03:00:12.959622,473.040378
experiment,EMAS,sim3,template1,133307,2023-07-27 03:08:30,0.2392928646075326,-5.30393390917132,0.543004344763478,0.543004344763478,-5.30393390917132,clean,,,2023-07-27 03:08:30,2023-07-27 03:00:12.959622,497.040378
experiment,ECIT,sim4,template2,133327,2023-07-27 03:08:50,0.298233924392723,-0.8404117134252269,0.907777500269048,0.907777500269048,-0.8404117134252269,clean,,,2023-07-27 03:08:50,2023-07-27 03:00:12.959622,517.040378
experiment,ECIT,sim1,template3,133362,2023-07-27 03:09:25,0.2037202192010996,-0.7358262158452948,0.9187739839814664,0.9187739839814664,-0.7358262158452948,clean,,,2023-07-27 03:09:25,2023-07-27 03:00:12.959622,552.040378
experiment,EMAS,sim1,template2,133383,2023-07-27 03:09:46,0.3139745792563133,-5.609159211418216,0.5242543460389895,0.5242543460389895,-5.609159211418216,clean,,,2023-07-27 03:09:46,2023-07-27 03:00:12.959622,573.040378
experiment,ECOR,sim2,template1,135985,2023-07-27 04:13:08,0.2045676333975962,-1.5298131038289378,0.838512120874851,0.838512120874851,-1.5298131038289378,clean,,,2023-07-27 04:13:08,2023-07-27 04:22:09.282813,-541.282813
experiment,EC1,sim3,template1,136059,2023-07-27 04:14:22,0.2769641602667441,-4.598835963344242,0.5889225743332842,0.5889225743332842,-4.598835963344242,clean,,,2023-07-27 04:14:22,2023-07-27 04:22:09.282813,-467.282813
experiment,ECIT,sim4,template1,136114,2023-07-27 04:29:17,0.3557637186430522,0.2499296480139611,1.0291921911447075,1.0291921911447075,0.2499296480139611,clean,,,2023-07-27 04:29:17,2023-07-27 04:22:09.282813,427.717187
experiment,ECIT,sim2,template1,136117,2023-07-27 04:29:20,0.4017400849359694,0.2425272291005558,1.0283154512136767,1.0283154512136767,0.2425272291005558,clean,,,2023-07-27 04:29:20,2023-07-27 04:22:09.282813,430.717187
experiment,ECIT,sim1,template1,136206,2023-07-27 04:30:49,0.2927575701257879,0.1510231329659577,1.017539217646363,1.017539217646363,0.1510231329659577,clean,,,2023-07-27 04:30:49,2023-07-27 04:22:09.282813,519.717187
experiment,ECIT,sim4,template3,136263,2023-07-27 04:31:46,0.3215312560278323,0.1643744757196919,1.019104510567507,1.019104510567507,0.1643744757196919,clean,,,2023-07-27 04:31:46,2023-07-27 04:22:09.282813,576.717187
experiment,ECOR,sim1,template3,136274,2023-07-27 04:31:57,0.3266277383081484,-1.9301244665077515,0.8007441539719444,0.8007441539719444,-1.9301244665077515,clean,,,2023-07-27 04:31:57,2023-07-27 04:22:09.282813,587.717187
experiment,EC1,sim4,template1,136276,2023-07-27 04:31:59,0.2681985847950874,-4.850904851053411,0.5720773554882762,0.5720773554882762,-4.850904851053411,clean,,,2023-07-27 04:31:59,2023-07-27 04:22:09.282813,589.717187
experiment,EC1,sim3,template4,136547,2023-07-27 04:56:30,0.2574291092797804,-2.7192904540936547,0.7311988123028192,0.7311988123028192,-2.7192904540936547,clean,,,2023-07-27 04:56:30,2023-07-27 05:06:17.993397,-587.993397
experiment,ECIT,sim3,template1,136644,2023-07-27 04:58:07,0.2157114029001499,0.1758823709568133,1.0204556122835249,1.0204556122835249,0.1758823709568133,clean,,,2023-07-27 04:58:07,2023-07-27 05:06:17.993397,-490.993397
experiment,EC10,sim1,template1,73317,2023-07-27 05:13:18,0.3775443265711198,5.950295959522455,1.98387725352332,1.98387725352332,5.950295959522455,clean,,,2023-07-27 05:13:18,2023-07-27 05:06:17.993397,420.006603
experiment,EC1,sim3,template3,136715,2023-07-27 05:13:18,0.2213503243070449,-4.853760929802249,0.5718892769554483,0.5718892769554483,-4.853760929802249,clean,,,2023-07-27 05:13:18,2023-07-27 05:06:17.993397,420.006603
experiment,EC10,sim1,template4,73332,2023-07-27 05:13:33,0.216242682041517,3.195358193241169,1.4446675228928525,1.4446675228928525,3.195358193241169,clean,,,2023-07-27 05:13:33,2023-07-27 05:06:17.993397,435.006603
experiment,EC10,sim4,template2,73411,2023-07-27 05:14:52,0.273345701483775,4.377801153924103,1.655350855854483,1.655350855854483,4.377801153924103,clean,,,2023-07-27 05:14:52,2023-07-27 05:06:17.993397,514.006603
experiment,EC10,sim4,template3,73415,2023-07-27 05:14:56,0.3829369784209438,4.334845303852892,1.6471845693051224,1.6471845693051224,4.334845303852892,clean,,,2023-07-27 05:14:56,2023-07-27 05:06:17.993397,518.006603
experiment,EMAS,sim2,template3,136831,2023-07-27 05:15:14,0.2928917610487245,-5.191059302067153,0.5501068272296781,0.5501068272296781,-5.191059302067153,clean,,,2023-07-27 05:15:14,2023-07-27 05:06:17.993397,536.006603
experiment,EC10,sim3,template2,73439,2023-07-27 05:15:20,0.3657420037091319,4.2157799190704806,1.6247591669586947,1.6247591669586947,4.2157799190704806,clean,,,2023-07-27 05:15:20,2023-07-27 05:06:17.993397,542.006603
experiment,ECIT,sim1,template3,136847,2023-07-27 05:15:30,0.2855657693020033,0.1300507556828367,1.0150852981696907,1.0150852981696907,0.1300507556828367,clean,,,2023-07-27 05:15:30,2023-07-27 05:06:17.993397,552.006603
experiment,EC10,sim2,template3,73463,2023-07-27 05:15:44,0.2784111082778516,4.209625331110002,1.6236083140589643,1.6236083140589643,4.209625331110002,clean,,,2023-07-27 05:15:44,2023-07-27 05:06:17.993397,566.006603
experiment,EC1,sim2,template1,136871,2023-07-27 05:15:54,0.4059737282433345,-3.8881961394647546,0.6391314565459328,0.6391314565459328,-3.8881961394647546,clean,,,2023-07-27 05:15:54,2023-07-27 05:06:17.993397,576.006603
experiment,EMAS,sim4,template2,136883,2023-07-27 05:16:06,0.3232183797754198,-5.147879721011421,0.5528483451495859,0.5528483451495859,-5.147879721011421,clean,,,2023-07-27 05:16:06,2023-07-27 05:06:17.993397,588.006603
experiment,EC1,sim2,template3,144337,2023-07-27 10:28:33,0.2899328788167742,0.1804954295074291,1.0209977181536607,1.0209977181536607,0.1804954295074291,clean,,,2023-07-27 10:28:33,2023-07-27 10:21:10.069133,442.930867
experiment,ECOR,sim4,template3,144374,2023-07-27 10:29:10,0.2174111757685618,-1.3069679863694696,0.8603033235458517,0.8603033235458517,-1.3069679863694696,clean,,,2023-07-27 10:29:10,2023-07-27 10:21:10.069133,479.930867
experiment,EMAS,sim3,template1,144453,2023-07-27 10:30:29,0.2534053470590054,3.859336052517764,1.5594332955348262,1.5594332955348262,3.859336052517764,clean,,,2023-07-27 10:30:29,2023-07-27 10:21:10.069133,558.930867
experiment,EC10,sim4,template1,81063,2023-07-27 10:30:37,0.3145862517738919,-5.487704265124028,0.5316364957847906,0.5316364957847906,-5.487704265124028,clean,,,2023-07-27 10:30:37,2023-07-27 10:21:10.069133,566.930867
experiment,EC1,sim1,template1,144469,2023-07-27 10:30:45,0.2813227753581497,0.1473101062010575,1.0171043349706868,1.0171043349706868,0.1473101062010575,clean,,,2023-07-27 10:30:45,2023-07-27 10:21:10.069133,574.930867
experiment,EMAS,sim3,template4,144483,2023-07-27 10:30:59,0.2292958247180369,4.3153319428696,1.6434882260517132,1.6434882260517132,4.3153319428696,clean,,,2023-07-27 10:30:59,2023-07-27 10:21:10.069133,588.930867
experiment,ECIT,sim4,template2,158076,2023-07-27 15:43:27,0.2939669808833279,-0.2543965501820133,0.971136265604442,0.971136265604442,-0.2543965501820133,clean,,,2023-07-27 15:43:27,2023-07-27 15:53:20.478359,-593.478359
experiment,EC10,sim1,template3,94957,2023-07-27 16:02:06,0.2003822152253916,0.2289380716673419,1.0267078996955303,1.0267078996955303,0.2289380716673419,clean,,,2023-07-27 16:02:06,2023-07-27 15:53:20.478359,525.521641
experiment,EMAS,sim1,template1,158360,2023-07-27 16:02:11,0.3618292246319655,-4.709147053355976,0.58149053135832,0.58149053135832,-4.709147053355976,clean,,,2023-07-27 16:02:11,2023-07-27 15:53:20.478359,530.521641
experiment,ECIT,sim2,template3,158367,2023-07-27 16:02:18,0.214524650915878,0.1631813768956677,1.0189645353963086,1.0189645353963086,0.1631813768956677,clean,,,2023-07-27 16:02:18,2023-07-27 15:53:20.478359,537.521641
experiment,EC1,sim1,template2,158368,2023-07-27 16:02:19,0.3999525878300443,-2.602327809638579,0.741111597525323,0.741111597525323,-2.602327809638579,clean,,,2023-07-27 16:02:19,2023-07-27 15:53:20.478359,538.521641
experiment,EC1,sim2,template1,158380,2023-07-27 16:02:31,0.246614531326505,-2.724870111254272,0.7307292543493569,0.7307292543493569,-2.724870111254272,clean,,,2023-07-27 16:02:31,2023-07-27 15:53:20.478359,550.521641
experiment,ECOR,sim2,template1,158389,2023-07-27 16:02:40,0.3704347735865047,0.5753071232275421,1.06847743834225,1.06847743834225,0.5753071232275421,clean,,,2023-07-27 16:02:40,2023-07-27 15:53:20.478359,559.521641
experiment,EMAS,sim2,template4,158416,2023-07-27 16:03:07,0.2160961900170879,-2.528358889422265,0.7474498439029166,0.7474498439029166,-2.528358889422265,clean,,,2023-07-27 16:03:07,2023-07-27 15:53:20.478359,586.521641
experiment,EC10,sim2,template3,102880,2023-07-27 21:05:30,0.4106434056386272,0.9167423482191048,1.1113148493418392,1.1113148493418392,0.9167423482191048,clean,,,2023-07-27 21:05:30,2023-07-27 21:14:52.328469,-562.328469
experiment,EC10,sim3,template3,102893,2023-07-27 21:05:43,0.2419743038564675,0.959640157058196,1.1168169788261322,1.1168169788261322,0.959640157058196,clean,,,2023-07-27 21:05:43,2023-07-27 21:14:52.328469,-549.328469
experiment,ECIT,sim1,template1,166303,2023-07-27 21:05:55,0.2191278279360404,0.6267968135041153,1.074830150923522,1.074830150923522,0.6267968135041153,clean,,,2023-07-27 21:05:55,2023-07-27 21:14:52.328469,-537.328469
experiment,ECOR,sim4,template1,166330,2023-07-27 21:06:22,0.2263533359429172,0.5957657256130388,1.0709970788194143,1.0709970788194143,0.5957657256130388,clean,,,2023-07-27 21:06:22,2023-07-27 21:14:52.328469,-510.328469
experiment,EC10,sim1,template2,102957,2023-07-27 21:06:47,0.247771336880625,1.0306814954906434,1.1259888105877631,1.1259888105877631,1.0306814954906434,clean,,,2023-07-27 21:06:47,2023-07-27 21:14:52.328469,-485.328469
experiment,ECIT,sim1,template2,166412,2023-07-27 21:07:44,0.2955082818372578,0.4538765701577347,1.0536438304380673,1.0536438304380673,0.4538765701577347,clean,,,2023-07-27 21:07:44,2023-07-27 21:14:52.328469,-428.328469
experiment,EC10,sim1,template3,103023,2023-07-27 21:21:53,0.3621684954944578,1.0185623231110883,1.1244188462531115,1.1244188462531115,1.0185623231110883,clean,,,2023-07-27 21:21:53,2023-07-27 21:14:52.328469,420.671531
experiment,ECIT,sim3,template1,166424,2023-07-27 21:21:56,0.3530218061355341,0.4068272519430835,1.0479519318455877,1.0479519318455877,0.4068272519430835,clean,,,2023-07-27 21:21:56,2023-07-27 21:14:52.328469,423.671531
experiment,EC10,sim4,template3,103037,2023-07-27 21:22:07,0.2478048040173459,0.9867925269083204,1.120313647056009,1.120313647056009,0.9867925269083204,clean,,,2023-07-27 21:22:07,2023-07-27 21:14:52.328469,434.671531
experiment,EMAS,sim1,template3,166463,2023-07-27 21:22:35,0.4311539904165862,3.652835824201687,1.5227962238746793,1.5227962238746793,3.652835824201687,clean,,,2023-07-27 21:22:35,2023-07-27 21:14:52.328469,462.671531
experiment,EMAS,sim2,template4,166482,2023-07-27 21:22:54,0.245478477214974,0.4005316358198291,1.0471926414373347,1.0471926414373347,0.4005316358198291,clean,,,2023-07-27 21:22:54,2023-07-27 21:14:52.328469,481.671531
experiment,EMAS,sim2,template1,166484,2023-07-27 21:22:56,0.3234207787965958,3.630766086545152,1.518931904357987,1.518931904357987,3.630766086545152,clean,,,2023-07-27 21:22:56,2023-07-27 21:14:52.328469,483.671531
experiment,EC10,sim4,template1,103098,2023-07-27 21:23:08,0.3474152326071054,0.6464550964019817,1.07726550809431,1.07726550809431,0.6464550964019817,clean,,,2023-07-27 21:23:08,2023-07-27 21:14:52.328469,495.671531
experiment,ECIT,sim4,template1,166501,2023-07-27 21:23:13,0.3014815465686315,0.3795554981409534,1.0446667568563428,1.0446667568563428,0.3795554981409534,clean,,,2023-07-27 21:23:13,2023-07-27 21:14:52.328469,500.671531
experiment,EMAS,sim3,template2,166502,2023-07-27 21:23:14,0.2211245513282544,3.621729367413231,1.5173524434435548,1.5173524434435548,3.621729367413231,clean,,,2023-07-27 21:23:14,2023-07-27 21:14:52.328469,501.671531
experiment,ECIT,sim4,template3,166510,2023-07-27 21:23:22,0.2407719103079131,0.3657692496307642,1.0430099764106486,1.0430099764106486,0.3657692496307642,clean,,,2023-07-27 21:23:22,2023-07-27 21:14:52.328469,509.671531
experiment,EC1,sim1,template2,166541,2023-07-27 21:23:53,0.2375137546441963,-3.254860429879876,0.6874751089359687,0.6874751089359687,-3.254860429879876,clean,,,2023-07-27 21:23:53,2023-07-27 21:14:52.328469,540.671531
experiment,EMAS,sim1,template1,166553,2023-07-27 21:24:05,0.3184054762087464,3.0033465304587685,1.4130818769672977,1.4130818769672977,3.0033465304587685,clean,,,2023-07-27 21:24:05,2023-07-27 21:14:52.328469,552.671531
experiment,ECIT,sim1,template3,166562,2023-07-27 21:24:14,0.2384202282827984,0.3500409297115048,1.041123013599119,1.041123013599119,0.3500409297115048,clean,,,2023-07-27 21:24:14,2023-07-27 21:14:52.328469,561.671531
experiment,ECOR,sim2,template3,169354,2023-07-27 23:49:18,0.2192470124837161,-1.7245900655272233,0.8199181434067382,0.8199181434067382,-1.7245900655272233,clean,,,2023-07-27 23:49:18,2023-07-27 23:59:06.954615,-588.954615
experiment,EMAS,sim3,template1,169410,2023-07-27 23:50:14,0.2357786115371532,-1.2671507158536195,0.8642561212756946,0.8642561212756946,-1.2671507158536195,clean,,,2023-07-27 23:50:14,2023-07-27 23:59:06.954615,-532.954615
experiment,EMAS,sim2,template3,169413,2023-07-27 23:50:17,0.3027168383552394,-1.270476002076101,0.8639253147556687,0.8639253147556687,-1.270476002076101,clean,,,2023-07-27 23:50:17,2023-07-27 23:59:06.954615,-529.954615
experiment,ECIT,sim1,template1,171254,2023-07-28 00:53:21,0.2915648849848105,0.0505816364838115,1.005840415215419,1.005840415215419,0.0505816364838115,clean,,,2023-07-28 00:53:21,2023-07-28 01:03:14.291207,-593.291207
experiment,EMAS,sim3,template3,171258,2023-07-28 00:53:25,0.291415339328503,-2.118391125040677,0.7835747697628875,0.7835747697628875,-2.118391125040677,clean,,,2023-07-28 00:53:25,2023-07-28 01:03:14.291207,-589.291207
experiment,EMAS,sim3,template1,171290,2023-07-28 00:53:57,0.3627701362746602,-2.1519095736397817,0.780556817581983,0.780556817581983,-2.1519095736397817,clean,,,2023-07-28 00:53:57,2023-07-28 01:03:14.291207,-557.291207
experiment,ECOR,sim4,template1,171292,2023-07-28 00:53:59,0.3108499982653783,-0.0688669151267794,0.9921027518091564,0.9921027518091564,-0.0688669151267794,clean,,,2023-07-28 00:53:59,2023-07-28 01:03:14.291207,-555.291207
experiment,EC10,sim2,template1,107897,2023-07-28 00:54:02,0.2808246166441672,-0.2447184147419433,0.9722189441650816,0.9722189441650816,-0.2447184147419433,clean,,,2023-07-28 00:54:02,2023-07-28 01:03:14.291207,-552.291207
experiment,EMAS,sim2,template2,171301,2023-07-28 00:54:08,0.2683142350690056,-2.1137440453042773,0.7839941060478263,0.7839941060478263,-2.1137440453042773,clean,,,2023-07-28 00:54:08,2023-07-28 01:03:14.291207,-546.291207
experiment,EC10,sim4,template3,107909,2023-07-28 00:54:14,0.2942138364542255,-0.277830386075437,0.9685197487562126,0.9685197487562126,-0.277830386075437,clean,,,2023-07-28 00:54:14,2023-07-28 01:03:14.291207,-540.291207
experiment,EMAS,sim2,template1,171311,2023-07-28 00:54:18,0.2984459865917654,-2.066136946098341,0.7883029516433334,0.7883029516433334,-2.066136946098341,clean,,,2023-07-28 00:54:18,2023-07-28 01:03:14.291207,-536.291207
experiment,EC1,sim1,template4,171334,2023-07-28 00:54:41,0.2057101478625348,0.0745602320867477,1.00862101267131,1.00862101267131,0.0745602320867477,clean,,,2023-07-28 00:54:41,2023-07-28 01:03:14.291207,-513.291207
experiment,ECOR,sim1,template3,171364,2023-07-28 00:55:11,0.3120067555070144,-0.050754951413531,0.994173659612027,0.994173659612027,-0.050754951413531,clean,,,2023-07-28 00:55:11,2023-07-28 01:03:14.291207,-483.291207
experiment,EC1,sim1,template2,171396,2023-07-28 00:55:43,0.3301476555366272,0.5008585932685258,1.0593584367390951,1.0593584367390951,0.5008585932685258,clean,,,2023-07-28 00:55:43,2023-07-28 01:03:14.291207,-451.291207
experiment,EMAS,sim4,template2,171428,2023-07-28 01:21:13,0.357770373167351,-2.194910381496149,0.7767021027720691,0.7767021027720691,-2.194910381496149,clean,,,2023-07-28 01:21:13,2023-07-28 01:14:12.038744,420.961256
experiment,EC1,sim4,template1,171444,2023-07-28 01:21:29,0.2224348556078301,0.6589704472319597,1.0788188404815082,1.0788188404815082,0.6589704472319597,clean,,,2023-07-28 01:21:29,2023-07-28 01:14:12.038744,436.961256
experiment,ECIT,sim3,template1,171449,2023-07-28 01:21:34,0.3417649504302503,-0.1686943234470972,0.9807657334847946,0.9807657334847946,-0.1686943234470972,clean,,,2023-07-28 01:21:34,2023-07-28 01:14:12.038744,441.961256
experiment,EC10,sim3,template3,108075,2023-07-28 01:21:58,0.2017701415708177,-0.3389008971620483,0.9617339674335148,0.9617339674335148,-0.3389008971620483,clean,,,2023-07-28 01:21:58,2023-07-28 01:14:12.038744,465.961256
experiment,EC10,sim2,template3,108118,2023-07-28 01:22:41,0.3770782464954544,-0.3152176082370521,0.964359847450068,0.964359847450068,-0.3152176082370521,clean,,,2023-07-28 01:22:41,2023-07-28 01:14:12.038744,508.961256
experiment,EMAS,sim2,template2,176332,2023-07-28 04:06:32,0.2427370013957054,-2.834779117375037,0.721541050108135,0.721541050108135,-2.834779117375037,clean,,,2023-07-28 04:06:32,2023-07-28 04:16:11.727879,-579.727879
experiment,EMAS,sim2,template3,176347,2023-07-28 04:06:47,0.4559315688864246,-2.8409773926474275,0.7210263400567549,0.7210263400567549,-2.8409773926474275,clean,,,2023-07-28 04:06:47,2023-07-28 04:16:11.727879,-564.727879
experiment,EMAS,sim2,template1,176369,2023-07-28 04:07:09,0.2877299534877787,-2.833519533366423,0.7216456919476182,0.7216456919476182,-2.833519533366423,clean,,,2023-07-28 04:07:09,2023-07-28 04:16:11.727879,-542.727879
experiment,ECIT,sim3,template1,176386,2023-07-28 04:07:26,0.3189191567683794,0.7879745138416767,1.094961188624268,1.094961188624268,0.7879745138416767,clean,,,2023-07-28 04:07:26,2023-07-28 04:16:11.727879,-525.727879
experiment,EMAS,sim1,template3,176400,2023-07-28 04:07:40,0.3553633753345155,-2.7305624373655952,0.7302505254339858,0.7302505254339858,-2.7305624373655952,clean,,,2023-07-28 04:07:40,2023-07-28 04:16:11.727879,-511.727879
experiment,EC1,sim2,template3,176404,2023-07-28 04:07:44,0.3582598821292784,-0.0978409616320876,0.9887988483372008,0.9887988483372008,-0.0978409616320876,clean,,,2023-07-28 04:07:44,2023-07-28 04:16:11.727879,-507.727879
experiment,EMAS,sim3,template1,176407,2023-07-28 04:07:47,0.2859611125481352,-2.6999596018711767,0.7328279415184684,0.7328279415184684,-2.6999596018711767,clean,,,2023-07-28 04:07:47,2023-07-28 04:16:11.727879,-504.727879
experiment,EMAS,sim3,template4,176411,2023-07-28 04:07:51,0.2226363961253407,-3.379974305010297,0.6776435122432505,0.6776435122432505,-3.379974305010297,clean,,,2023-07-28 04:07:51,2023-07-28 04:16:11.727879,-500.727879
experiment,EMAS,sim1,template2,176444,2023-07-28 04:08:24,0.3218283993493604,-2.5897797769056337,0.7421830148980876,0.7421830148980876,-2.5897797769056337,clean,,,2023-07-28 04:08:24,2023-07-28 04:16:11.727879,-467.727879
experiment,ECOR,sim3,template1,176448,2023-07-28 04:08:28,0.2707909416697003,-0.1087097221402815,0.987562325978894,0.987562325978894,-0.1087097221402815,clean,,,2023-07-28 04:08:28,2023-07-28 04:16:11.727879,-463.727879
experiment,ECOR,sim2,template2,176483,2023-07-28 04:09:03,0.2590555147154788,-0.2064682679751524,0.9765097561280268,0.9765097561280268,-0.2064682679751524,clean,,,2023-07-28 04:09:03,2023-07-28 04:16:11.727879,-428.727879
experiment,EC10,sim4,template1,113166,2023-07-28 04:24:24,0.2772434087018173,-1.0224572519104698,0.8889495970354304,0.8889495970354304,-1.0224572519104698,clean,,,2023-07-28 04:24:24,2023-07-28 04:16:11.727879,492.272121
experiment,EMAS,sim1,template1,176588,2023-07-28 04:24:48,0.322758841400396,-3.005325184889359,0.7075118867708853,0.7075118867708853,-3.005325184889359,clean,,,2023-07-28 04:24:48,2023-07-28 04:16:11.727879,516.272121
experiment,ECOR,sim1,template2,176592,2023-07-28 04:24:52,0.2801453538651973,-0.7459600183598978,0.9177026780772674,0.9177026780772674,-0.7459600183598978,clean,,,2023-07-28 04:24:52,2023-07-28 04:16:11.727879,520.272121
experiment,EC1,sim4,template1,176595,2023-07-28 04:24:55,0.2456501792049458,0.0390488950125334,1.004505790863599,1.004505790863599,0.0390488950125334,clean,,,2023-07-28 04:24:55,2023-07-28 04:16:11.727879,523.272121
experiment,EC10,sim1,template2,113241,2023-07-28 04:25:39,0.3215757041362547,-0.9612921145143556,0.8952315808315826,0.8952315808315826,-0.9612921145143556,clean,,,2023-07-28 04:25:39,2023-07-28 04:16:11.727879,567.272121
experiment,EMAS,sim2,template2,188267,2023-07-28 10:10:17,0.3601150353117064,-10.18369802158783,0.3096100852181622,0.3096100852181622,-10.18369802158783,clean,,,2023-07-28 10:10:17,2023-07-28 10:03:02.012667,434.987333
experiment,EC1,sim3,template2,188295,2023-07-28 10:10:45,0.2180132122021655,-0.0181884211854604,0.9979081715546836,0.9979081715546836,-0.0181884211854604,clean,,,2023-07-28 10:10:45,2023-07-28 10:03:02.012667,462.987333
experiment,ECIT,sim2,template1,188304,2023-07-28 10:10:54,0.2964654670346399,-0.8289621898086477,0.9089748990016902,0.9089748990016902,-0.8289621898086477,clean,,,2023-07-28 10:10:54,2023-07-28 10:03:02.012667,471.987333
experiment,EC1,sim4,template1,188306,2023-07-28 10:10:56,0.2983425911145323,-0.1157886159041131,0.9867578026511084,0.9867578026511084,-0.1157886159041131,clean,,,2023-07-28 10:10:56,2023-07-28 10:03:02.012667,473.987333
experiment,ECOR,sim4,template1,188331,2023-07-28 10:11:21,0.3419817971979466,-1.846862240419492,0.8084569297527664,0.8084569297527664,-1.846862240419492,clean,,,2023-07-28 10:11:21,2023-07-28 10:03:02.012667,498.987333
experiment,EC1,sim2,template2,188380,2023-07-28 10:12:10,0.2120425196165822,-0.1919050815819351,0.9781483933594238,0.9781483933594238,-0.1919050815819351,clean,,,2023-07-28 10:12:10,2023-07-28 10:03:02.012667,547.987333
experiment,ECOR,sim3,template1,191724,2023-07-28 12:32:46,0.2929146866005773,-1.8140579995666573,0.8115160245614863,0.8115160245614863,-1.8140579995666573,clean,,,2023-07-28 12:32:46,2023-07-28 12:42:26.955569,-580.955569
experiment,EC10,sim2,template3,128340,2023-07-28 12:33:00,0.3854645472740136,-1.804369965793149,0.8124216751226343,0.8124216751226343,-1.804369965793149,clean,,,2023-07-28 12:33:00,2023-07-28 12:42:26.955569,-566.955569
experiment,ECIT,sim4,template3,191768,2023-07-28 12:33:30,0.2257430902528688,1.3080444253824186,1.162524786233173,1.162524786233173,1.3080444253824186,clean,,,2023-07-28 12:33:30,2023-07-28 12:42:26.955569,-536.955569
experiment,ECIT,sim3,template2,191808,2023-07-28 12:34:10,0.3145358246190534,1.351032107847954,1.1682925449185133,1.1682925449185133,1.351032107847954,clean,,,2023-07-28 12:34:10,2023-07-28 12:42:26.955569,-496.955569
experiment,ECIT,sim3,template3,191863,2023-07-28 12:35:05,0.3437349490979848,1.3950699493573802,1.1742308804637869,1.1742308804637869,1.3950699493573802,clean,,,2023-07-28 12:35:05,2023-07-28 12:42:26.955569,-441.955569
experiment,EC1,sim1,template1,202112,2023-07-28 18:08:27,0.3583216914504347,-1.4980217107498115,0.8415867987583582,0.8415867987583582,-1.4980217107498115,clean,,,2023-07-28 18:08:27,2023-07-28 18:00:55.111555,451.888445
experiment,EMAS,sim4,template3,202139,2023-07-28 18:08:54,0.3292809306664819,-1.954371446141524,0.7985119643538054,0.7985119643538054,-1.954371446141524,clean,,,2023-07-28 18:08:54,2023-07-28 18:00:55.111555,478.888445
experiment,ECOR,sim1,template2,202195,2023-07-28 18:09:50,0.2570732627042869,-0.458567420233215,0.9485749006042672,0.9485749006042672,-0.458567420233215,clean,,,2023-07-28 18:09:50,2023-07-28 18:00:55.111555,534.888445
experiment,EC10,sim1,template3,138899,2023-07-28 18:55:32,0.3007330333525114,-0.4249026166681652,0.952258524644633,0.952258524644633,-0.4249026166681652,clean,,,2023-07-28 18:55:32,2023-07-28 18:48:31.796034,420.203966
experiment,EC10,sim1,template1,138904,2023-07-28 18:55:37,0.2610084869739401,-0.4358452245094099,0.951059611115336,0.951059611115336,-0.4358452245094099,clean,,,2023-07-28 18:55:37,2023-07-28 18:48:31.796034,425.203966
experiment,ECOR,sim4,template1,202351,2023-07-28 18:56:26,0.308791478027199,-0.67916624248393,0.924786939866502,0.924786939866502,-0.67916624248393,clean,,,2023-07-28 18:56:26,2023-07-28 18:48:31.796034,474.203966
experiment,ECOR,sim1,template3,202381,2023-07-28 18:56:56,0.3734242867117398,-0.7460779503866876,0.9176902181213376,0.9176902181213376,-0.7460779503866876,clean,,,2023-07-28 18:56:56,2023-07-28 18:48:31.796034,504.203966
experiment,ECIT,sim4,template2,202390,2023-07-28 18:57:05,0.2419802190828119,-2.056322269232708,0.7891942030768556,0.7891942030768556,-2.056322269232708,clean,,,2023-07-28 18:57:05,2023-07-28 18:48:31.796034,513.203966
experiment,ECIT,sim1,template3,202430,2023-07-28 18:57:45,0.3119633328701035,-2.261618901822368,0.7707597991830928,0.7707597991830928,-2.261618901822368,clean,,,2023-07-28 18:57:45,2023-07-28 18:48:31.796034,553.203966
experiment,ECIT,sim3,template2,202445,2023-07-28 18:58:00,0.2799920785982693,-2.297680781541535,0.7675664098272749,0.7675664098272749,-2.297680781541535,clean,,,2023-07-28 18:58:00,2023-07-28 18:48:31.796034,568.203966
experiment,EC1,sim3,template1,202470,2023-07-28 18:58:25,0.3224824469056972,0.2288595825109441,1.0266986219961614,1.0266986219961614,0.2288595825109441,clean,,,2023-07-28 18:58:25,2023-07-28 18:48:31.796034,593.203966
experiment,EMAS,sim3,template1,209514,2023-07-28 22:15:26,0.2364572166233041,-7.958725603567727,0.4000034340843014,0.4000034340843014,-7.958725603567727,clean,,,2023-07-28 22:15:26,2023-07-28 22:24:22.286566,-536.286566
experiment,EC1,sim4,template3,209536,2023-07-28 22:15:48,0.2977771798360457,-1.5078387680811212,0.8406361490234104,0.8406361490234104,-1.5078387680811212,clean,,,2023-07-28 22:15:48,2023-07-28 22:24:22.286566,-514.286566
experiment,EMAS,sim2,template4,209537,2023-07-28 22:15:49,0.2042812867411251,-4.108108236256468,0.6231528536903287,0.6231528536903287,-4.108108236256468,clean,,,2023-07-28 22:15:49,2023-07-28 22:24:22.286566,-513.286566
experiment,EC1,sim4,template2,209543,2023-07-28 22:15:55,0.3159816749138164,-1.5408012465659255,0.8374520261936246,0.8374520261936246,-1.5408012465659255,clean,,,2023-07-28 22:15:55,2023-07-28 22:24:22.286566,-507.286566
experiment,ECIT,sim4,template2,209548,2023-07-28 22:16:00,0.2866067642137641,-1.999854504971795,0.7943415404168109,0.7943415404168109,-1.999854504971795,clean,,,2023-07-28 22:16:00,2023-07-28 22:24:22.286566,-502.286566
experiment,EC10,sim1,template3,146152,2023-07-28 22:16:02,0.2212811919547784,-1.3000190292919778,0.860991865897273,0.860991865897273,-1.3000190292919778,clean,,,2023-07-28 22:16:02,2023-07-28 22:24:22.286566,-500.286566
experiment,EMAS,sim2,template1,209554,2023-07-28 22:16:06,0.2925049557963828,-7.7098646348408275,0.4116297622926431,0.4116297622926431,-7.7098646348408275,clean,,,2023-07-28 22:16:06,2023-07-28 22:24:22.286566,-496.286566
experiment,ECIT,sim3,template2,209568,2023-07-28 22:16:20,0.2180406718259786,-2.005955831894253,0.7937837581028839,0.7937837581028839,-2.005955831894253,clean,,,2023-07-28 22:16:20,2023-07-28 22:24:22.286566,-482.286566
experiment,ECIT,sim2,template4,209575,2023-07-28 22:16:27,0.2033431600111864,-1.6270218428071543,0.8291801710462567,0.8291801710462567,-1.6270218428071543,clean,,,2023-07-28 22:16:27,2023-07-28 22:24:22.286566,-475.286566
experiment,EC1,sim3,template2,209631,2023-07-28 22:31:23,0.4469847261554959,-1.6497880296042902,0.8270096906609214,0.8270096906609214,-1.6497880296042902,clean,,,2023-07-28 22:31:23,2023-07-28 22:24:22.286566,420.713434
experiment,ECOR,sim2,template1,209637,2023-07-28 22:31:29,0.3481565714285661,-3.134763455912582,0.6970466225226003,0.6970466225226003,-3.134763455912582,clean,,,2023-07-28 22:31:29,2023-07-28 22:24:22.286566,426.713434
experiment,EC10,sim1,template1,146275,2023-07-28 22:32:05,0.3816001118778012,-1.3165728058487858,0.8593525296121659,0.8593525296121659,-1.3165728058487858,clean,,,2023-07-28 22:32:05,2023-07-28 22:24:22.286566,462.713434
experiment,EMAS,sim1,template2,209777,2023-07-28 22:33:49,0.2960641313199251,-8.030164361986117,0.396727021645597,0.396727021645597,-8.030164361986117,clean,,,2023-07-28 22:33:49,2023-07-28 22:24:22.286566,566.713434
experiment,EC1,sim2,template1,212092,2023-07-29 00:27:25,0.2890478688637977,-2.060199001992994,0.7888420442899928,0.7888420442899928,-2.060199001992994,clean,,,2023-07-29 00:27:25,2023-07-29 00:20:21.464284,423.535716
experiment,ECOR,sim1,template1,212118,2023-07-29 00:27:51,0.2081825244259585,0.1329822502740467,1.0154279480760493,1.0154279480760493,0.1329822502740467,clean,,,2023-07-29 00:27:51,2023-07-29 00:20:21.464284,449.535716
experiment,ECOR,sim3,template2,212127,2023-07-29 00:28:00,0.3164591859307048,0.1369495833291134,1.0158918569215147,1.0158918569215147,0.1369495833291134,clean,,,2023-07-29 00:28:00,2023-07-29 00:20:21.464284,458.535716
experiment,ECIT,sim1,template1,212142,2023-07-29 00:28:15,0.3322002890692436,-2.4884154405933527,0.7508950267621985,0.7508950267621985,-2.4884154405933527,clean,,,2023-07-29 00:28:15,2023-07-29 00:20:21.464284,473.535716
experiment,EC10,sim1,template2,148751,2023-07-29 00:28:22,0.3785000411989453,-2.107397053714401,0.7845671990402227,0.7845671990402227,-2.107397053714401,clean,,,2023-07-29 00:28:22,2023-07-29 00:20:21.464284,480.535716
experiment,EMAS,sim2,template3,212173,2023-07-29 00:28:46,0.3895806139098589,-7.432571979543184,0.4249828464633053,0.4249828464633053,-7.432571979543184,clean,,,2023-07-29 00:28:46,2023-07-29 00:20:21.464284,504.535716
experiment,EC1,sim3,template3,212231,2023-07-29 00:29:44,0.3045117234549221,-2.129423359499846,0.7825801574230323,0.7825801574230323,-2.129423359499846,clean,,,2023-07-29 00:29:44,2023-07-29 00:20:21.464284,562.535716
experiment,EC1,sim1,template3,212231,2023-07-29 00:29:44,0.3768830757630639,-2.129423359499846,0.7825801574230323,0.7825801574230323,-2.129423359499846,clean,,,2023-07-29 00:29:44,2023-07-29 00:20:21.464284,562.535716
experiment,EMAS,sim2,template3,215643,2023-07-29 01:53:35,0.2117701352080372,5.176803706137578,1.8148476996463725,1.8148476996463725,5.176803706137578,clean,,,2023-07-29 01:53:35,2023-07-29 02:02:44.762863,-549.762863
experiment,EC1,sim3,template1,215698,2023-07-29 01:54:30,0.3687711508138721,1.0195283629014316,1.1245439104433248,1.1245439104433248,1.0195283629014316,clean,,,2023-07-29 01:54:30,2023-07-29 02:02:44.762863,-494.762863
experiment,EC1,sim3,template4,215707,2023-07-29 01:54:39,0.2306784496839034,-0.778833618358621,0.9142360010882172,0.9142360010882172,-0.778833618358621,clean,,,2023-07-29 01:54:39,2023-07-29 02:02:44.762863,-485.762863
experiment,EMAS,sim4,template3,215828,2023-07-29 02:10:40,0.3771274631349401,5.226286796388461,1.825216305282886,1.825216305282886,5.226286796388461,clean,,,2023-07-29 02:10:40,2023-07-29 02:02:44.762863,475.237137
experiment,EC10,sim1,template2,152431,2023-07-29 02:10:41,0.2596834250167302,-0.8322047589496041,0.9086356287608316,0.9086356287608316,-0.8322047589496041,clean,,,2023-07-29 02:10:41,2023-07-29 02:02:44.762863,476.237137
experiment,ECIT,sim2,template1,215832,2023-07-29 02:10:44,0.2638388385520914,-0.081474581422289,0.9906637481476996,0.9906637481476996,-0.081474581422289,clean,,,2023-07-29 02:10:44,2023-07-29 02:02:44.762863,479.237137
experiment,EC10,sim4,template3,152489,2023-07-29 02:11:39,0.2629405260346309,-0.6116133844921496,0.932007335993034,0.932007335993034,-0.6116133844921496,clean,,,2023-07-29 02:11:39,2023-07-29 02:02:44.762863,534.237137
experiment,ECOR,sim3,template1,215928,2023-07-29 02:12:20,0.206662787209157,1.3262023732032135,1.164957599109952,1.164957599109952,1.3262023732032135,clean,,,2023-07-29 02:12:20,2023-07-29 02:02:44.762863,575.237137
experiment,EC1,sim1,template2,219413,2023-07-29 03:30:25,0.2336501598255963,-0.2863006249711874,0.9675757354967558,0.9675757354967558,-0.2863006249711874,clean,,,2023-07-29 03:30:25,2023-07-29 03:39:43.578053,-558.578053
experiment,ECOR,sim2,template1,219475,2023-07-29 03:31:27,0.4135161559825025,0.5539697203342743,1.0658558814868668,1.0658558814868668,0.5539697203342743,clean,,,2023-07-29 03:31:27,2023-07-29 03:39:43.578053,-496.578053
experiment,ECIT,sim1,template2,219484,2023-07-29 03:31:36,0.3184686421087844,0.5597225973116983,1.0665620577181698,1.0665620577181698,0.5597225973116983,clean,,,2023-07-29 03:31:36,2023-07-29 03:39:43.578053,-487.578053
experiment,ECOR,sim3,template2,220101,2023-07-29 04:21:53,0.2429037802133695,0.3949560360841208,1.0465206488520284,1.0465206488520284,0.3949560360841208,clean,,,2023-07-29 04:21:53,2023-07-29 04:30:15.382098,-502.382098
experiment,EC10,sim4,template2,156713,2023-07-29 04:22:03,0.2443889978321433,-2.719145427371195,0.731211021098571,0.731211021098571,-2.719145427371195,clean,,,2023-07-29 04:22:03,2023-07-29 04:30:15.382098,-492.382098
experiment,EMAS,sim1,template1,220134,2023-07-29 04:22:26,0.2217696972256674,-6.210519682052452,0.4891859959635831,0.4891859959635831,-6.210519682052452,clean,,,2023-07-29 04:22:26,2023-07-29 04:30:15.382098,-469.382098
experiment,ECOR,sim3,template3,220161,2023-07-29 04:22:53,0.2681736408420023,0.3910364908158017,1.0460485084184288,1.0460485084184288,0.3910364908158017,clean,,,2023-07-29 04:22:53,2023-07-29 04:30:15.382098,-442.382098
experiment,EC10,sim3,template4,156775,2023-07-29 04:23:05,0.2364058466734298,-1.536290671152479,0.8378870272867123,0.8378870272867123,-1.536290671152479,clean,,,2023-07-29 04:23:05,2023-07-29 04:30:15.382098,-430.382098
experiment,EC1,sim2,template1,227210,2023-07-29 07:51:53,0.2520608458978052,-1.8560129769610811,0.8076056547427288,0.8076056547427288,-1.8560129769610811,clean,,,2023-07-29 07:51:53,2023-07-29 07:44:48.072801,424.927199
experiment,EC1,sim2,template4,227236,2023-07-29 07:52:19,0.2173122381358843,0.4968398337788291,1.0588684095546197,1.0588684095546197,0.4968398337788291,clean,,,2023-07-29 07:52:19,2023-07-29 07:44:48.072801,450.927199
experiment,EC1,sim1,template1,227243,2023-07-29 07:52:26,0.2065341442474817,-1.8620685442324836,0.8070428101516607,0.8070428101516607,-1.8620685442324836,clean,,,2023-07-29 07:52:26,2023-07-29 07:44:48.072801,457.927199
experiment,EMAS,sim4,template2,227257,2023-07-29 07:52:40,0.2603151744701515,-3.6527697675245774,0.6566916764085802,0.6566916764085802,-3.6527697675245774,clean,,,2023-07-29 07:52:40,2023-07-29 07:44:48.072801,471.927199
experiment,EC1,sim4,template2,227266,2023-07-29 07:52:49,0.2570810877671381,-1.858917459161188,0.8073356439316339,0.8073356439316339,-1.858917459161188,clean,,,2023-07-29 07:52:49,2023-07-29 07:44:48.072801,480.927199
experiment,ECOR,sim3,template1,227271,2023-07-29 07:52:54,0.2881813860131573,0.1212029281236776,1.0140518142975323,1.0140518142975323,0.1212029281236776,clean,,,2023-07-29 07:52:54,2023-07-29 07:44:48.072801,485.927199
experiment,EC10,sim4,template2,163883,2023-07-29 07:53:04,0.2875120152026928,-1.002572035673503,0.8909870630515584,0.8909870630515584,-1.002572035673503,clean,,,2023-07-29 07:53:04,2023-07-29 07:44:48.072801,495.927199
experiment,EC10,sim3,template2,163943,2023-07-29 07:54:04,0.2476949672232211,-0.888597229960434,0.902755490592241,0.902755490592241,-0.888597229960434,clean,,,2023-07-29 07:54:04,2023-07-29 07:44:48.072801,555.927199
experiment,EMAS,sim3,template3,227343,2023-07-29 07:54:06,0.2937821429457997,-3.7221617662947137,0.651466235309613,0.651466235309613,-3.7221617662947137,clean,,,2023-07-29 07:54:06,2023-07-29 07:44:48.072801,557.927199
experiment,EMAS,sim3,template2,227365,2023-07-29 07:54:28,0.2458383681282164,-3.6994407409237287,0.6531726071708822,0.6531726071708822,-3.6994407409237287,clean,,,2023-07-29 07:54:28,2023-07-29 07:44:48.072801,579.927199
experiment,ECIT,sim3,template3,229202,2023-07-29 08:45:05,0.2527281893848668,0.9915891050272712,1.120932484753112,1.120932484753112,0.9915891050272712,clean,,,2023-07-29 08:45:05,2023-07-29 08:54:44.241892,-579.241892
experiment,EC10,sim4,template1,165817,2023-07-29 08:45:18,0.4026566013493295,0.4560826045853516,1.053911467934919,1.053911467934919,0.4560826045853516,clean,,,2023-07-29 08:45:18,2023-07-29 08:54:44.241892,-566.241892
experiment,EC10,sim4,template4,165936,2023-07-29 08:47:17,0.2238189509239832,4.273776401280198,1.635644132535368,1.635644132535368,4.273776401280198,clean,,,2023-07-29 08:47:17,2023-07-29 08:54:44.241892,-447.241892
experiment,EC1,sim2,template1,229359,2023-07-29 08:47:42,0.3138830870715632,1.470833626135605,1.184518045371918,1.184518045371918,1.470833626135605,clean,,,2023-07-29 08:47:42,2023-07-29 08:54:44.241892,-422.241892
experiment,EMAS,sim1,template1,229413,2023-07-29 09:02:36,0.2248903565596071,1.5410215948755417,1.1941285441791036,1.1941285441791036,1.5410215948755417,clean,,,2023-07-29 09:02:36,2023-07-29 08:54:44.241892,471.758108
experiment,ECOR,sim1,template1,229436,2023-07-29 09:02:59,0.2626365710202659,0.5152800088806715,1.0611187789419474,1.0611187789419474,0.5152800088806715,clean,,,2023-07-29 09:02:59,2023-07-29 08:54:44.241892,494.758108
experiment,EC1,sim1,template3,229460,2023-07-29 09:03:23,0.327311626725742,1.8888427950656936,1.242917033286944,1.242917033286944,1.8888427950656936,clean,,,2023-07-29 09:03:23,2023-07-29 08:54:44.241892,518.758108
experiment,ECOR,sim3,template3,232833,2023-07-29 09:59:36,0.331067141952561,-0.3494558688340058,0.9605659915576504,0.9605659915576504,-0.3494558688340058,clean,,,2023-07-29 09:59:36,2023-07-29 10:09:09.906746,-573.906746
experiment,ECIT,sim3,template1,232838,2023-07-29 09:59:41,0.4003372104164413,2.0060274801050477,1.2597993327919843,1.2597993327919843,2.0060274801050477,clean,,,2023-07-29 09:59:41,2023-07-29 10:09:09.906746,-568.906746
experiment,ECOR,sim3,template1,232843,2023-07-29 09:59:46,0.423912077691263,-0.3942739104881759,0.9556223632971144,0.9556223632971144,-0.3942739104881759,clean,,,2023-07-29 09:59:46,2023-07-29 10:09:09.906746,-563.906746
experiment,EC1,sim1,template1,232899,2023-07-29 10:00:42,0.2702224392136312,1.4553260674745865,1.182405124779628,1.182405124779628,1.4553260674745865,clean,,,2023-07-29 10:00:42,2023-07-29 10:09:09.906746,-507.906746
experiment,EMAS,sim1,template2,232909,2023-07-29 10:00:52,0.2588547018525871,9.905245231644315,3.127967712821334,3.127967712821334,9.905245231644315,clean,,,2023-07-29 10:00:52,2023-07-29 10:09:09.906746,-497.906746
experiment,EMAS,sim2,template3,232920,2023-07-29 10:01:03,0.2987378949316446,9.913683257293036,3.1310078960823367,3.1310078960823367,9.913683257293036,clean,,,2023-07-29 10:01:03,2023-07-29 10:09:09.906746,-486.906746
experiment,ECIT,sim3,template2,232939,2023-07-29 10:01:22,0.3188478617022851,2.00547521759747,1.2597192353178153,1.2597192353178153,2.00547521759747,clean,,,2023-07-29 10:01:22,2023-07-29 10:09:09.906746,-467.906746
experiment,ECIT,sim3,template3,232954,2023-07-29 10:01:37,0.3147820228160028,1.998307010547102,1.2586800552638404,1.2586800552638404,1.998307010547102,clean,,,2023-07-29 10:01:37,2023-07-29 10:09:09.906746,-452.906746
experiment,ECIT,sim1,template4,232956,2023-07-29 10:01:39,0.2215797237084449,0.3754916033686876,1.0441780996265595,1.0441780996265595,0.3754916033686876,clean,,,2023-07-29 10:01:39,2023-07-29 10:09:09.906746,-450.906746
experiment,EMAS,sim4,template3,234015,2023-07-29 11:23:01,0.4082979562347658,9.758313294778487,3.0754995282178506,3.0754995282178506,9.758313294778487,clean,,,2023-07-29 11:23:01,2023-07-29 11:14:56.481615,484.518385
experiment,EC1,sim4,template1,234018,2023-07-29 11:23:04,0.3784994722269835,-0.1194950663956056,0.9863368223177034,0.9863368223177034,-0.1194950663956056,clean,,,2023-07-29 11:23:04,2023-07-29 11:14:56.481615,487.518385
experiment,EC10,sim2,template3,170646,2023-07-29 11:23:30,0.3250505763986517,6.777310367892891,2.1820541225068046,2.1820541225068046,6.777310367892891,clean,,,2023-07-29 11:23:30,2023-07-29 11:14:56.481615,513.518385
experiment,EC1,sim4,template2,234125,2023-07-29 11:24:51,0.2372124449594419,-0.695242114457285,0.9230769242169105,0.9230769242169105,-0.695242114457285,clean,,,2023-07-29 11:24:51,2023-07-29 11:14:56.481615,594.518385
experiment,ECOR,sim3,template2,240648,2023-07-29 13:43:34,0.2727294652213337,-1.504631695798614,0.8409465926028746,0.8409465926028746,-1.504631695798614,clean,,,2023-07-29 13:43:34,2023-07-29 13:52:20.188893,-526.188893
experiment,EC10,sim3,template1,177295,2023-07-29 13:44:19,0.2085426585816295,-2.928981541054068,0.7137578914831932,0.7137578914831932,-2.928981541054068,clean,,,2023-07-29 13:44:19,2023-07-29 13:52:20.188893,-481.188893
experiment,EC1,sim4,template1,240725,2023-07-29 13:44:51,0.3120418371607988,1.3729770209518075,1.1712479696432292,1.1712479696432292,1.3729770209518075,clean,,,2023-07-29 13:44:51,2023-07-29 13:52:20.188893,-449.188893
experiment,EC10,sim4,template3,177395,2023-07-29 14:03:56,0.28261929500664,-2.764922921634572,0.7273674359747918,0.7273674359747918,-2.764922921634572,clean,,,2023-07-29 14:03:56,2023-07-29 13:56:17.636733,458.363267
experiment,EC1,sim4,template3,240815,2023-07-29 14:04:18,0.3579182460222245,1.3076382585590498,1.1624704258878984,1.1624704258878984,1.3076382585590498,clean,,,2023-07-29 14:04:18,2023-07-29 13:56:17.636733,480.363267
experiment,EMAS,sim1,template1,240815,2023-07-29 14:04:18,0.2201589895055268,-2.9110834965315946,0.7152301691627135,0.7152301691627135,-2.9110834965315946,clean,,,2023-07-29 14:04:18,2023-07-29 13:56:17.636733,480.363267
experiment,ECIT,sim3,template1,240816,2023-07-29 14:04:19,0.3463707018979794,-1.380742407515526,0.8530272002578843,0.8530272002578843,-1.380742407515526,clean,,,2023-07-29 14:04:19,2023-07-29 13:56:17.636733,481.363267
experiment,EC10,sim4,template2,177428,2023-07-29 14:04:29,0.2466583891537054,-2.748730631710909,0.7287246635925746,0.7287246635925746,-2.748730631710909,clean,,,2023-07-29 14:04:29,2023-07-29 13:56:17.636733,491.363267
experiment,EMAS,sim1,template3,240879,2023-07-29 14:05:22,0.2948544195799354,-2.995777473923229,0.708290026181604,0.708290026181604,-2.995777473923229,clean,,,2023-07-29 14:05:22,2023-07-29 13:56:17.636733,544.363267
experiment,EMAS,sim2,template2,240892,2023-07-29 14:05:35,0.3306325218586568,-2.9638618439163973,0.710897370436886,0.710897370436886,-2.9638618439163973,clean,,,2023-07-29 14:05:35,2023-07-29 13:56:17.636733,557.363267
experiment,EC10,sim3,template2,177502,2023-07-29 14:05:43,0.2802243239497245,-2.964608961955125,0.7108362251277053,0.7108362251277053,-2.964608961955125,clean,,,2023-07-29 14:05:43,2023-07-29 13:56:17.636733,565.363267
experiment,EMAS,sim4,template2,240900,2023-07-29 14:05:43,0.2499038285880532,-2.9469444633441526,0.7122833241402686,0.7122833241402686,-2.9469444633441526,clean,,,2023-07-29 14:05:43,2023-07-29 13:56:17.636733,565.363267
experiment,ECIT,sim1,template2,240904,2023-07-29 14:05:47,0.2646565525794275,-1.5778876215087947,0.8338839576727516,0.8338839576727516,-1.5778876215087947,clean,,,2023-07-29 14:05:47,2023-07-29 13:56:17.636733,569.363267
experiment,EMAS,sim2,template2,250901,2023-07-29 17:44:34,0.3483473372100781,-2.2422072148396444,0.7724842603149229,0.7724842603149229,-2.2422072148396444,clean,,,2023-07-29 17:44:34,2023-07-29 17:36:48.323861,465.676139
experiment,EMAS,sim3,template1,250901,2023-07-29 17:44:34,0.3106569834488079,-2.2422072148396444,0.7724842603149229,0.7724842603149229,-2.2422072148396444,clean,,,2023-07-29 17:44:34,2023-07-29 17:36:48.323861,465.676139
experiment,ECOR,sim2,template1,250906,2023-07-29 17:44:39,0.3878280392620033,3.316595733192909,1.464973560310992,1.464973560310992,3.316595733192909,clean,,,2023-07-29 17:44:39,2023-07-29 17:36:48.323861,470.676139
experiment,EMAS,sim2,template1,250910,2023-07-29 17:44:43,0.3702840768591169,-2.2428047941770832,0.7724311161037284,0.7724311161037284,-2.2428047941770832,clean,,,2023-07-29 17:44:43,2023-07-29 17:36:48.323861,474.676139
experiment,EMAS,sim4,template1,250914,2023-07-29 17:44:47,0.3288133206673817,-2.2474024385274483,0.7720223584564518,0.7720223584564518,-2.2474024385274483,clean,,,2023-07-29 17:44:47,2023-07-29 17:36:48.323861,478.676139
experiment,ECIT,sim1,template1,250954,2023-07-29 17:45:27,0.3082373599405731,-0.1532665080939349,0.9825093106062346,0.9825093106062346,-0.1532665080939349,clean,,,2023-07-29 17:45:27,2023-07-29 17:36:48.323861,518.676139
experiment,ECIT,sim1,template4,250966,2023-07-29 17:45:39,0.2787707338809665,0.0866719361299949,1.0100284263980723,1.0100284263980723,0.0866719361299949,clean,,,2023-07-29 17:45:39,2023-07-29 17:36:48.323861,530.676139
experiment,EC10,sim1,template1,187568,2023-07-29 17:45:39,0.3669624105317581,2.69283380689244,1.3634577673044697,1.3634577673044697,2.69283380689244,clean,,,2023-07-29 17:45:39,2023-07-29 17:36:48.323861,530.676139
experiment,EC1,sim3,template4,251023,2023-07-29 17:46:36,0.2201872927491513,-0.2233264756149955,0.9746163128857056,0.9746163128857056,-0.2233264756149955,clean,,,2023-07-29 17:46:36,2023-07-29 17:36:48.323861,587.676139
experiment,EMAS,sim2,template2,258040,2023-07-29 21:31:45,0.4409004583276656,-1.5894348025334726,0.8327761135993699,0.8327761135993699,-1.5894348025334726,clean,,,2023-07-29 21:31:45,2023-07-29 21:40:53.706038,-548.706038
experiment,EC1,sim3,template4,258053,2023-07-29 21:31:58,0.2253548030826015,-2.942596216151265,0.7126399898894948,0.7126399898894948,-2.942596216151265,clean,,,2023-07-29 21:31:58,2023-07-29 21:40:53.706038,-535.706038
experiment,EC1,sim4,template3,258083,2023-07-29 21:32:28,0.2793844936310282,-1.5620801293582622,0.8354029288531539,0.8354029288531539,-1.5620801293582622,clean,,,2023-07-29 21:32:28,2023-07-29 21:40:53.706038,-505.706038
experiment,EC1,sim3,template2,258148,2023-07-29 21:33:33,0.3236394655410065,-1.4363621589539877,0.847582325876999,0.847582325876999,-1.4363621589539877,clean,,,2023-07-29 21:33:33,2023-07-29 21:40:53.706038,-440.706038
experiment,EMAS,sim3,template4,258155,2023-07-29 21:33:40,0.2004877395057305,-2.482562030998168,0.751401224476275,0.751401224476275,-2.482562030998168,clean,,,2023-07-29 21:33:40,2023-07-29 21:40:53.706038,-433.706038
experiment,EC1,sim3,template3,258190,2023-07-29 22:12:06,0.2179595436555592,-1.484093621113759,0.8429373914935988,0.8429373914935988,-1.484093621113759,clean,,,2023-07-29 22:12:06,2023-07-29 22:04:44.441526,441.558474
experiment,ECOR,sim1,template2,258222,2023-07-29 22:12:38,0.2258260981041855,-0.4655665301060926,0.9478108446452784,0.9478108446452784,-0.4655665301060926,clean,,,2023-07-29 22:12:38,2023-07-29 22:04:44.441526,473.558474
experiment,EMAS,sim2,template3,258230,2023-07-29 22:12:46,0.3251703345370185,-2.187730548246777,0.7773443970309168,0.7773443970309168,-2.187730548246777,clean,,,2023-07-29 22:12:46,2023-07-29 22:04:44.441526,481.558474
experiment,EC1,sim1,template1,258237,2023-07-29 22:12:53,0.2092065776162198,-1.481366166683695,0.8432021236536963,0.8432021236536963,-1.481366166683695,clean,,,2023-07-29 22:12:53,2023-07-29 22:04:44.441526,488.558474
experiment,ECOR,sim2,template3,258259,2023-07-29 22:13:15,0.2389613912927068,-0.4267218780789042,0.952059094782494,0.952059094782494,-0.4267218780789042,clean,,,2023-07-29 22:13:15,2023-07-29 22:04:44.441526,510.558474
experiment,EMAS,sim1,template1,258286,2023-07-29 22:13:42,0.3010911385964754,-2.2048497703785155,0.7758138196796941,0.7758138196796941,-2.2048497703785155,clean,,,2023-07-29 22:13:42,2023-07-29 22:04:44.441526,537.558474
experiment,EC10,sim4,template3,194900,2023-07-29 22:13:54,0.2979618050503939,-1.645148480825157,0.8274515540615299,0.8274515540615299,-1.645148480825157,clean,,,2023-07-29 22:13:54,2023-07-29 22:04:44.441526,549.558474
experiment,EC10,sim3,template1,194921,2023-07-29 22:14:15,0.2301982743286169,-1.6446532168723156,0.8274987361727718,0.8274987361727718,-1.6446532168723156,clean,,,2023-07-29 22:14:15,2023-07-29 22:04:44.441526,570.558474
experiment,EC1,sim2,template4,262007,2023-07-29 23:35:43,0.2680236433466013,-2.721043254487183,0.7310512722912709,0.7310512722912709,-2.721043254487183,clean,,,2023-07-29 23:35:43,2023-07-29 23:43:52.589557,-489.589557
experiment,ECOR,sim2,template3,262035,2023-07-29 23:36:11,0.2340716252855419,-1.182423824973822,0.8727277969531412,0.8727277969531412,-1.182423824973822,clean,,,2023-07-29 23:36:11,2023-07-29 23:43:52.589557,-461.589557
experiment,ECOR,sim1,template3,262045,2023-07-29 23:36:21,0.2478053906479352,-1.1713222334479083,0.873843959164239,0.873843959164239,-1.1713222334479083,clean,,,2023-07-29 23:36:21,2023-07-29 23:43:52.589557,-451.589557
experiment,EC1,sim1,template2,262050,2023-07-29 23:36:26,0.2879288325696064,-3.2186238308306585,0.6903491722561228,0.6903491722561228,-3.2186238308306585,clean,,,2023-07-29 23:36:26,2023-07-29 23:43:52.589557,-446.589557
experiment,ECIT,sim1,template2,262079,2023-07-29 23:50:55,0.3928026258661096,0.885587124740776,1.1073358393154216,1.1073358393154216,0.885587124740776,clean,,,2023-07-29 23:50:55,2023-07-29 23:43:52.589557,422.410443
experiment,ECIT,sim2,template2,262099,2023-07-29 23:51:15,0.2671658863692983,0.8951884464439764,1.1085605573861006,1.1085605573861006,0.8951884464439764,clean,,,2023-07-29 23:51:15,2023-07-29 23:43:52.589557,442.410443
experiment,EC1,sim2,template1,262161,2023-07-29 23:52:17,0.2893086182813303,-3.158270616994328,0.6951627124980563,0.6951627124980563,-3.158270616994328,clean,,,2023-07-29 23:52:17,2023-07-29 23:43:52.589557,504.410443
experiment,ECOR,sim1,template1,262161,2023-07-29 23:52:17,0.3446245728263629,-0.9336704282248172,0.8980830061466493,0.8980830061466493,-0.9336704282248172,clean,,,2023-07-29 23:52:17,2023-07-29 23:43:52.589557,504.410443
experiment,EC1,sim1,template1,262165,2023-07-29 23:52:21,0.3290945693712643,-3.1294199216489083,0.6974755755269683,0.6974755755269683,-3.1294199216489083,clean,,,2023-07-29 23:52:21,2023-07-29 23:43:52.589557,508.410443
experiment,EMAS,sim2,template3,262195,2023-07-29 23:52:51,0.2806582006903634,-2.691022771158868,0.7335823293667874,0.7335823293667874,-2.691022771158868,clean,,,2023-07-29 23:52:51,2023-07-29 23:43:52.589557,538.410443
experiment,EMAS,sim4,template1,262197,2023-07-29 23:52:53,0.2330963150342597,-2.683513547003055,0.7342168085344367,0.7342168085344367,-2.683513547003055,clean,,,2023-07-29 23:52:53,2023-07-29 23:43:52.589557,540.410443
experiment,ECIT,sim1,template1,262201,2023-07-29 23:52:57,0.3337489426037118,0.8874259329783319,1.1075702878167544,1.1075702878167544,0.8874259329783319,clean,,,2023-07-29 23:52:57,2023-07-29 23:43:52.589557,544.410443
experiment,EC1,sim3,template2,262781,2023-07-30 00:02:37,0.2785358042574904,-1.9638781692701703,0.7976384695614241,0.7976384695614241,-1.9638781692701703,clean,,,2023-07-30 00:02:37,2023-07-30 00:11:39.660407,-542.660407
experiment,ECOR,sim4,template2,262821,2023-07-30 00:03:17,0.2093789119019953,-0.0707889588795942,0.991883240162976,0.991883240162976,-0.0707889588795942,clean,,,2023-07-30 00:03:17,2023-07-30 00:11:39.660407,-502.660407
experiment,EMAS,sim4,template3,262866,2023-07-30 00:04:02,0.2840930107577903,-2.708007467610028,0.7321492580755149,0.7321492580755149,-2.708007467610028,clean,,,2023-07-30 00:04:02,2023-07-30 00:11:39.660407,-457.660407
experiment,EC1,sim3,template1,262877,2023-07-30 00:04:13,0.2824975507904024,-1.85200902331056,0.8079780243170899,0.8079780243170899,-1.85200902331056,clean,,,2023-07-30 00:04:13,2023-07-30 00:11:39.660407,-446.660407
experiment,ECIT,sim4,template2,262886,2023-07-30 00:04:22,0.2876892158143434,1.0960978203617608,1.134501020873084,1.134501020873084,1.0960978203617608,clean,,,2023-07-30 00:04:22,2023-07-30 00:11:39.660407,-437.660407
experiment,EMAS,sim3,template3,262993,2023-07-30 00:20:09,0.2611182607547269,-2.7110365101830576,0.7318939791441595,0.7318939791441595,-2.7110365101830576,clean,,,2023-07-30 00:20:09,2023-07-30 00:11:39.660407,509.339593
experiment,ECIT,sim2,template3,263012,2023-07-30 00:20:28,0.3658771521312225,1.024135001723138,1.1251404804920353,1.1251404804920353,1.024135001723138,clean,,,2023-07-30 00:20:28,2023-07-30 00:11:39.660407,528.339593
experiment,EC1,sim4,template2,263063,2023-07-30 00:21:19,0.2036064553610199,-2.066446143193773,0.7882748904250961,0.7882748904250961,-2.066446143193773,clean,,,2023-07-30 00:21:19,2023-07-30 00:11:39.660407,579.339593
experiment,ECIT,sim2,template1,272200,2023-07-30 05:43:24,0.320938417539277,-1.221651212092815,0.8687952531611068,0.8687952531611068,-1.221651212092815,clean,,,2023-07-30 05:43:24,2023-07-30 05:35:22.452868,481.547132
experiment,EC10,sim1,template3,208831,2023-07-30 05:43:53,0.3650510055022102,0.1441532682275574,1.0167347412603878,1.0167347412603878,0.1441532682275574,clean,,,2023-07-30 05:43:53,2023-07-30 05:35:22.452868,510.547132
experiment,EMAS,sim4,template2,272782,2023-07-30 05:53:06,0.3081286174787206,5.773910013339577,1.943996598415086,1.943996598415086,5.773910013339577,clean,,,2023-07-30 05:53:06,2023-07-30 06:01:36.004381,-510.004381
experiment,ECIT,sim1,template3,272809,2023-07-30 05:53:33,0.247970115398916,-1.2953707182213128,0.8614527546801714,0.8614527546801714,-1.2953707182213128,clean,,,2023-07-30 05:53:33,2023-07-30 06:01:36.004381,-483.004381
experiment,ECOR,sim4,template3,272821,2023-07-30 05:53:45,0.2450438819624035,-0.865218728808097,0.905188574516515,0.905188574516515,-0.865218728808097,clean,,,2023-07-30 05:53:45,2023-07-30 06:01:36.004381,-471.004381
experiment,EC10,sim4,template3,209438,2023-07-30 05:54:00,0.276447125256671,-0.0579322335134779,0.9933524981824986,0.9933524981824986,-0.0579322335134779,clean,,,2023-07-30 05:54:00,2023-07-30 06:01:36.004381,-456.004381
experiment,ECOR,sim1,template2,272850,2023-07-30 05:54:14,0.2154274578410777,-0.8267134022193854,0.9092102641961328,0.9092102641961328,-0.8267134022193854,clean,,,2023-07-30 05:54:14,2023-07-30 06:01:36.004381,-442.004381
experiment,EMAS,sim1,template1,272860,2023-07-30 05:54:24,0.2826424701366552,5.720296989250242,1.932034376298732,1.932034376298732,5.720296989250242,clean,,,2023-07-30 05:54:24,2023-07-30 06:01:36.004381,-432.004381
experiment,ECIT,sim1,template1,272912,2023-07-30 06:40:09,0.2122761952570926,-1.3748292709419638,0.8536081175701195,0.8536081175701195,-1.3748292709419638,clean,,,2023-07-30 06:40:09,2023-07-30 06:32:29.996119,459.003881
experiment,ECOR,sim3,template3,272937,2023-07-30 06:40:34,0.2851719167963971,-0.7481298275139102,0.9174734567699612,0.9174734567699612,-0.7481298275139102,clean,,,2023-07-30 06:40:34,2023-07-30 06:32:29.996119,484.003881
experiment,EMAS,sim3,template1,272943,2023-07-30 06:40:40,0.2141124678963739,5.560715380643828,1.8968621426965389,1.8968621426965389,5.560715380643828,clean,,,2023-07-30 06:40:40,2023-07-30 06:32:29.996119,490.003881
experiment,EMAS,sim2,template4,272950,2023-07-30 06:40:47,0.2189073329454466,-2.588503829620563,0.7422920487450929,0.7422920487450929,-2.588503829620563,clean,,,2023-07-30 06:40:47,2023-07-30 06:32:29.996119,497.003881
experiment,EMAS,sim2,template1,272950,2023-07-30 06:40:47,0.3070283333469726,5.558785342249083,1.8964406993900345,1.8964406993900345,5.5587853422490845,clean,,,2023-07-30 06:40:47,2023-07-30 06:32:29.996119,497.003881
experiment,EC10,sim2,template1,209568,2023-07-30 06:41:03,0.2255394314343778,-0.0453145556400209,0.994796554055844,0.994796554055844,-0.0453145556400209,clean,,,2023-07-30 06:41:03,2023-07-30 06:32:29.996119,513.003881
experiment,EC1,sim2,template2,272971,2023-07-30 06:41:08,0.2126422075931285,1.4754978140812247,1.1851542839904503,1.1851542839904503,1.4754978140812247,clean,,,2023-07-30 06:41:08,2023-07-30 06:32:29.996119,518.003881
experiment,EMAS,sim1,template3,272988,2023-07-30 06:41:25,0.2332605782122093,5.483632378056868,1.8801028982554595,1.8801028982554595,5.483632378056868,clean,,,2023-07-30 06:41:25,2023-07-30 06:32:29.996119,535.003881
experiment,EC1,sim1,template1,280813,2023-07-30 10:05:20,0.3382651219768047,1.1363911793299648,1.139776134032367,1.139776134032367,1.1363911793299648,clean,,,2023-07-30 10:05:20,2023-07-30 10:14:51.828392,-571.828392
experiment,EC1,sim2,template1,280841,2023-07-30 10:05:48,0.2431776402776967,1.074796519249712,1.13172217607292,1.13172217607292,1.074796519249712,clean,,,2023-07-30 10:05:48,2023-07-30 10:14:51.828392,-543.828392
experiment,ECOR,sim3,template1,280916,2023-07-30 10:07:03,0.287378532190359,-1.4843439012911857,0.8429131029648228,0.8429131029648228,-1.4843439012911857,clean,,,2023-07-30 10:07:03,2023-07-30 10:14:51.828392,-468.828392
experiment,EC1,sim2,template2,280962,2023-07-30 10:07:49,0.2670665743366575,1.036752704631038,1.1267761223695842,1.1267761223695842,1.036752704631038,clean,,,2023-07-30 10:07:49,2023-07-30 10:14:51.828392,-422.828392
experiment,ECIT,sim3,template2,280977,2023-07-30 10:27:28,0.2361771393350403,1.298484225537314,1.1612459471453966,1.1612459471453966,1.298484225537314,clean,,,2023-07-30 10:27:28,2023-07-30 10:20:15.494829,432.505171
experiment,ECOR,sim1,template1,280981,2023-07-30 10:27:32,0.2665126610490836,-1.1881657732663784,0.8721510567338162,0.8721510567338162,-1.1881657732663784,clean,,,2023-07-30 10:27:32,2023-07-30 10:20:15.494829,436.505171
experiment,ECIT,sim3,template1,280982,2023-07-30 10:27:33,0.3110232613711702,1.2984542482680126,1.1612419393898457,1.1612419393898457,1.2984542482680126,clean,,,2023-07-30 10:27:33,2023-07-30 10:20:15.494829,437.505171
experiment,EMAS,sim1,template3,281044,2023-07-30 10:28:35,0.2935514148200396,-5.288197412276494,0.5439890143629371,0.5439890143629371,-5.288197412276494,clean,,,2023-07-30 10:28:35,2023-07-30 10:20:15.494829,499.505171
experiment,ECIT,sim1,template2,281056,2023-07-30 10:28:47,0.2523340705920824,1.395062020121215,1.174229808524112,1.174229808524112,1.395062020121215,clean,,,2023-07-30 10:28:47,2023-07-30 10:20:15.494829,511.505171
experiment,EC10,sim2,template1,217674,2023-07-30 10:29:03,0.3381544643635142,0.5312505520755189,1.0630716281322092,1.0630716281322092,0.5312505520755189,clean,,,2023-07-30 10:29:03,2023-07-30 10:20:15.494829,527.505171
experiment,ECOR,sim2,template3,281073,2023-07-30 10:29:04,0.2058114915931139,-1.453849719481459,0.8458775797984828,0.8458775797984828,-1.453849719481459,clean,,,2023-07-30 10:29:04,2023-07-30 10:20:15.494829,528.505171
experiment,ECIT,sim2,template2,281077,2023-07-30 10:29:08,0.3178702777985271,1.4034048696718613,1.175358205188943,1.175358205188943,1.4034048696718613,clean,,,2023-07-30 10:29:08,2023-07-30 10:20:15.494829,532.505171
experiment,EC10,sim4,template3,217693,2023-07-30 10:29:22,0.2068164794746413,0.5654855773420568,1.0672699432239077,1.0672699432239077,0.5654855773420568,clean,,,2023-07-30 10:29:22,2023-07-30 10:20:15.494829,546.505171
experiment,ECOR,sim4,template2,281112,2023-07-30 10:29:43,0.2281924210241762,-1.4261545088196104,0.8485789894317369,0.8485789894317369,-1.4261545088196104,clean,,,2023-07-30 10:29:43,2023-07-30 10:20:15.494829,567.505171
experiment,ECIT,sim1,template1,281140,2023-07-30 10:30:11,0.2596969537394488,1.4183564814631815,1.177383171455417,1.177383171455417,1.4183564814631815,clean,,,2023-07-30 10:30:11,2023-07-30 10:20:15.494829,595.505171
experiment,EC1,sim4,template3,281256,2023-07-30 10:32:07,0.2268601104389992,0.7847020681214651,1.0945487350591798,1.0945487350591798,0.7847020681214651,clean,,,2023-07-30 10:32:07,2023-07-30 10:41:56.768174,-589.768174
experiment,EMAS,sim1,template2,281266,2023-07-30 10:32:17,0.3477318834865294,-5.364706260860022,0.5392183795688998,0.5392183795688998,-5.364706260860022,clean,,,2023-07-30 10:32:17,2023-07-30 10:41:56.768174,-579.768174
experiment,EC1,sim4,template1,281290,2023-07-30 10:32:41,0.3103185732534111,0.7716740627500798,1.09290824702876,1.09290824702876,0.7716740627500798,clean,,,2023-07-30 10:32:41,2023-07-30 10:41:56.768174,-555.768174
experiment,ECIT,sim3,template3,281357,2023-07-30 10:33:48,0.3221372902632319,1.1366933390164025,1.139815784592527,1.139815784592527,1.1366933390164025,clean,,,2023-07-30 10:33:48,2023-07-30 10:41:56.768174,-488.768174
experiment,EC1,sim3,template2,281375,2023-07-30 10:34:06,0.2361956819533928,0.6710281554310911,1.0803174913252933,1.0803174913252933,0.6710281554310911,clean,,,2023-07-30 10:34:06,2023-07-30 10:41:56.768174,-470.768174
experiment,EMAS,sim4,template1,281437,2023-07-30 10:49:08,0.2873998311387868,-4.868373934120683,0.5709279483060635,0.5709279483060635,-4.868373934120683,clean,,,2023-07-30 10:49:08,2023-07-30 10:41:56.768174,431.231826
experiment,ECIT,sim4,template2,281472,2023-07-30 10:49:43,0.2240686242088892,1.1268663582399323,1.1385269570303032,1.1385269570303032,1.1268663582399323,clean,,,2023-07-30 10:49:43,2023-07-30 10:41:56.768174,466.231826
experiment,EC1,sim4,template2,281518,2023-07-30 10:50:29,0.2280957381695664,0.6724531796728919,1.0804947448905575,1.0804947448905575,0.6724531796728919,clean,,,2023-07-30 10:50:29,2023-07-30 10:41:56.768174,512.231826
experiment,ECOR,sim1,template3,281542,2023-07-30 10:50:53,0.2630510924179371,-1.5638761653171178,0.8352302052003587,0.8352302052003587,-1.5638761653171178,clean,,,2023-07-30 10:50:53,2023-07-30 10:41:56.768174,536.231826
experiment,EMAS,sim2,template2,281600,2023-07-30 10:51:51,0.2472782892430788,-4.881596949454923,0.5700594540221146,0.5700594540221146,-4.881596949454923,clean,,,2023-07-30 10:51:51,2023-07-30 10:41:56.768174,594.231826
experiment,EMAS,sim4,template4,289353,2023-07-30 13:41:04,0.226152300603175,4.7818634365092425,1.7341760011290217,1.7341760011290217,4.7818634365092425,clean,,,2023-07-30 13:41:04,2023-07-30 13:50:55.340404,-591.340404
experiment,EC1,sim4,template3,289377,2023-07-30 13:41:28,0.2710417790000065,-2.767094324930151,0.7271856226303787,0.7271856226303787,-2.767094324930151,clean,,,2023-07-30 13:41:28,2023-07-30 13:50:55.340404,-567.340404
experiment,EC10,sim1,template2,225983,2023-07-30 13:41:32,0.3762391245505482,1.1885507695964943,1.1466411897361084,1.1466411897361084,1.1885507695964943,clean,,,2023-07-30 13:41:32,2023-07-30 13:50:55.340404,-563.340404
experiment,EC1,sim4,template2,289415,2023-07-30 13:42:06,0.2736900006389247,-2.7697015047432405,0.7269673814088811,0.7269673814088811,-2.7697015047432405,clean,,,2023-07-30 13:42:06,2023-07-30 13:50:55.340404,-529.340404
experiment,ECIT,sim3,template3,289427,2023-07-30 13:42:18,0.2350942276901114,2.3443316638968064,1.3098349764680874,1.3098349764680874,2.3443316638968064,clean,,,2023-07-30 13:42:18,2023-07-30 13:50:55.340404,-517.340404
experiment,ECOR,sim4,template3,289436,2023-07-30 13:42:27,0.2537615840474733,2.2957332348312485,1.3025267817010966,1.3025267817010966,2.2957332348312485,clean,,,2023-07-30 13:42:27,2023-07-30 13:50:55.340404,-508.340404
experiment,ECIT,sim1,template2,289488,2023-07-30 13:43:19,0.2287715915213922,2.3577154715234574,1.3118548147542135,1.3118548147542135,2.3577154715234574,clean,,,2023-07-30 13:43:19,2023-07-30 13:50:55.340404,-456.340404
experiment,EC1,sim1,template1,289494,2023-07-30 13:43:25,0.2003725591278174,-2.6205942004262077,0.739554680501301,0.739554680501301,-2.6205942004262077,clean,,,2023-07-30 13:43:25,2023-07-30 13:50:55.340404,-450.340404
experiment,ECIT,sim1,template3,289518,2023-07-30 13:43:49,0.4209308958482634,2.3901775018197498,1.3167668214354702,1.3167668214354702,2.3901775018197498,clean,,,2023-07-30 13:43:49,2023-07-30 13:50:55.340404,-426.340404
experiment,ECOR,sim1,template1,289529,2023-07-30 14:07:30,0.3987501679758721,2.1859387346082544,1.2861657393124752,1.2861657393124752,2.1859387346082544,clean,,,2023-07-30 14:07:30,2023-07-30 14:00:25.480574,424.519426
experiment,ECOR,sim1,template2,289539,2023-07-30 14:07:40,0.4505037496726163,2.188766105389094,1.2865844712449892,1.2865844712449892,2.188766105389094,clean,,,2023-07-30 14:07:40,2023-07-30 14:00:25.480574,434.519426
experiment,ECOR,sim1,template3,289559,2023-07-30 14:08:00,0.3869875104459895,2.031920240850937,1.2635604156851257,1.2635604156851257,2.031920240850937,clean,,,2023-07-30 14:08:00,2023-07-30 14:00:25.480574,454.519426
experiment,EC10,sim2,template2,226212,2023-07-30 14:08:51,0.4580143497001199,0.432617404091406,1.05106813579195,1.05106813579195,0.432617404091406,clean,,,2023-07-30 14:08:51,2023-07-30 14:00:25.480574,505.519426
experiment,ECOR,sim3,template2,289667,2023-07-30 14:09:48,0.2367001008140211,-0.7805048849930492,0.9140601083240092,0.9140601083240092,-0.7805048849930492,clean,,,2023-07-30 14:09:48,2023-07-30 14:18:24.631024,-516.631024
experiment,EMAS,sim3,template2,289685,2023-07-30 14:10:06,0.2218787299906342,-1.4138955257496553,0.849777491874352,0.849777491874352,-1.4138955257496553,clean,,,2023-07-30 14:10:06,2023-07-30 14:18:24.631024,-498.631024
experiment,EC10,sim2,template1,226339,2023-07-30 14:10:58,0.3206778225573675,0.2122233958921134,1.0247340560244174,1.0247340560244174,0.2122233958921134,clean,,,2023-07-30 14:10:58,2023-07-30 14:18:24.631024,-446.631024
experiment,EMAS,sim1,template1,289742,2023-07-30 14:11:03,0.2801927566032681,-1.3659116358944068,0.8544849505662564,0.8544849505662564,-1.3659116358944068,clean,,,2023-07-30 14:11:03,2023-07-30 14:18:24.631024,-441.631024
experiment,EC10,sim1,template3,226483,2023-07-30 14:27:22,0.3089471711381732,0.1658484833363543,1.0192774687031212,1.0192774687031212,0.1658484833363543,clean,,,2023-07-30 14:27:22,2023-07-30 14:18:24.631024,537.368976
experiment,EMAS,sim2,template2,289890,2023-07-30 14:27:31,0.2566463500915139,-1.4327082651161869,0.8479389534028491,0.8479389534028491,-1.4327082651161869,clean,,,2023-07-30 14:27:31,2023-07-30 14:18:24.631024,546.368976
experiment,EC10,sim4,template1,226504,2023-07-30 14:27:43,0.3123272325987113,0.1954184281733548,1.022753375237095,1.022753375237095,0.1954184281733548,clean,,,2023-07-30 14:27:43,2023-07-30 14:18:24.631024,558.368976
experiment,EC10,sim1,template1,230223,2023-07-30 15:49:42,0.3021318150196408,-0.3411649413120423,0.9614833167231014,0.9614833167231014,-0.3411649413120423,clean,,,2023-07-30 15:49:42,2023-07-30 15:59:37.375734,-595.375734
experiment,EC1,sim1,template1,293656,2023-07-30 15:50:17,0.2763598970085459,0.6052325751192372,1.072165007020843,1.072165007020843,0.6052325751192372,clean,,,2023-07-30 15:50:17,2023-07-30 15:59:37.375734,-560.375734
experiment,ECOR,sim2,template2,293661,2023-07-30 15:50:22,0.2431757089981769,1.9322217667464996,1.2491399216662522,1.2491399216662522,1.9322217667464996,clean,,,2023-07-30 15:50:22,2023-07-30 15:59:37.375734,-555.375734
experiment,EC10,sim1,template3,230277,2023-07-30 15:50:36,0.3812359843838788,-0.298070480000134,0.9662655054270484,0.9662655054270484,-0.298070480000134,clean,,,2023-07-30 15:50:36,2023-07-30 15:59:37.375734,-541.375734
experiment,ECIT,sim1,template1,293737,2023-07-30 15:51:38,0.3258643228748922,-0.7849488074005027,0.913592571499448,0.913592571499448,-0.7849488074005027,clean,,,2023-07-30 15:51:38,2023-07-30 15:59:37.375734,-479.375734
experiment,ECIT,sim1,template2,293776,2023-07-30 15:52:17,0.2652110456752209,-0.8007092932297211,0.9119363672259272,0.9119363672259272,-0.8007092932297211,clean,,,2023-07-30 15:52:17,2023-07-30 15:59:37.375734,-440.375734
experiment,ECIT,sim4,template3,293789,2023-07-30 15:52:30,0.2729811711061112,-0.8223532252883557,0.9096667877029928,0.9096667877029928,-0.8223532252883557,clean,,,2023-07-30 15:52:30,2023-07-30 15:59:37.375734,-427.375734
experiment,ECOR,sim1,template3,293808,2023-07-30 16:06:49,0.3623261934825533,1.566301475161796,1.1976090625954343,1.1976090625954343,1.566301475161796,clean,,,2023-07-30 16:06:49,2023-07-30 15:59:37.375734,431.624266
experiment,EC10,sim3,template3,230420,2023-07-30 16:06:59,0.2138795417579559,-1.6102969506897291,0.8307783158069576,0.8307783158069576,-1.6102969506897291,clean,,,2023-07-30 16:06:59,2023-07-30 15:59:37.375734,441.624266
experiment,EC1,sim3,template1,293846,2023-07-30 16:07:27,0.2088261171151582,-0.0397092105074264,0.9954387424677268,0.9954387424677268,-0.0397092105074264,clean,,,2023-07-30 16:07:27,2023-07-30 15:59:37.375734,469.624266
experiment,EC10,sim1,template4,230458,2023-07-30 16:07:37,0.2327780288943697,0.1681234126180116,1.0195444635580262,1.0195444635580262,0.1681234126180116,clean,,,2023-07-30 16:07:37,2023-07-30 15:59:37.375734,479.624266
experiment,ECOR,sim1,template2,293910,2023-07-30 16:08:31,0.345614562112736,1.5331626839969756,1.1930485965915478,1.1930485965915478,1.5331626839969756,clean,,,2023-07-30 16:08:31,2023-07-30 15:59:37.375734,533.624266
experiment,EMAS,sim4,template3,293931,2023-07-30 16:08:52,0.2109525453530178,8.74414440076644,2.7365741486825232,2.7365741486825232,8.74414440076644,clean,,,2023-07-30 16:08:52,2023-07-30 15:59:37.375734,554.624266
experiment,EC10,sim4,template3,232410,2023-07-30 16:40:09,0.2546881370361661,0.5041260198939655,1.059757017337278,1.059757017337278,0.5041260198939655,clean,,,2023-07-30 16:40:09,2023-07-30 16:50:01.396972,-592.396972
experiment,EC10,sim1,template3,232411,2023-07-30 16:40:10,0.2262592702749466,0.5062727266191962,1.0600189673233305,1.0600189673233305,0.5062727266191962,clean,,,2023-07-30 16:40:10,2023-07-30 16:50:01.396972,-591.396972
experiment,ECOR,sim1,template1,295822,2023-07-30 16:40:23,0.4229093496446659,0.3498802431332173,1.0411037532868008,1.0411037532868008,0.3498802431332173,clean,,,2023-07-30 16:40:23,2023-07-30 16:50:01.396972,-578.396972
experiment,ECIT,sim3,template1,295832,2023-07-30 16:40:33,0.2503144312658746,-1.4604605408163294,0.8452340282094088,0.8452340282094088,-1.4604605408163294,clean,,,2023-07-30 16:40:33,2023-07-30 16:50:01.396972,-568.396972
experiment,EC1,sim1,template2,295841,2023-07-30 16:40:42,0.3128179174285225,0.5378573674836211,1.0638805481345628,1.0638805481345628,0.5378573674836211,clean,,,2023-07-30 16:40:42,2023-07-30 16:50:01.396972,-559.396972
experiment,EMAS,sim4,template2,295853,2023-07-30 16:40:54,0.3794181969158703,0.5349994000039405,1.0635305510740458,1.0635305510740458,0.5349994000039405,clean,,,2023-07-30 16:40:54,2023-07-30 16:50:01.396972,-547.396972
experiment,EC1,sim2,template3,295860,2023-07-30 16:41:01,0.3366249728685937,0.4900604080124018,1.0580422743684004,1.0580422743684004,0.4900604080124018,clean,,,2023-07-30 16:41:01,2023-07-30 16:50:01.396972,-540.396972
experiment,ECIT,sim1,template2,295885,2023-07-30 16:41:26,0.2846366204972849,-1.550489486843155,0.8365184530529154,0.8365184530529154,-1.550489486843155,clean,,,2023-07-30 16:41:26,2023-07-30 16:50:01.396972,-515.396972
experiment,ECIT,sim4,template2,295900,2023-07-30 16:41:41,0.3352829248077532,-1.558569667697261,0.8357406308941147,0.8357406308941147,-1.558569667697261,clean,,,2023-07-30 16:41:41,2023-07-30 16:50:01.396972,-500.396972
experiment,ECIT,sim3,template2,295949,2023-07-30 16:42:30,0.3031045190960091,-1.4213245515962012,0.8490509894403436,0.8490509894403436,-1.4213245515962012,clean,,,2023-07-30 16:42:30,2023-07-30 16:50:01.396972,-451.396972
experiment,EC1,sim3,template1,295957,2023-07-30 16:42:38,0.2210794349606958,-0.652681837414194,0.92761103863171,0.92761103863171,-0.652681837414194,clean,,,2023-07-30 16:42:38,2023-07-30 16:50:01.396972,-443.396972
experiment,ECIT,sim1,template3,296017,2023-07-30 16:57:38,0.3701656679551999,-1.2732202704984117,0.8636524044873991,0.8636524044873991,-1.2732202704984117,clean,,,2023-07-30 16:57:38,2023-07-30 16:50:01.396972,456.603028
experiment,EC10,sim3,template1,232714,2023-07-30 16:59:13,0.2057989213447872,0.2368413240346083,1.0276425217888432,1.0276425217888432,0.2368413240346083,clean,,,2023-07-30 16:59:13,2023-07-30 16:50:01.396972,551.603028
experiment,EMAS,sim1,template1,296129,2023-07-30 16:59:30,0.2204152465693734,-0.0162378560041358,0.9981322940786076,0.9981322940786076,-0.0162378560041358,clean,,,2023-07-30 16:59:30,2023-07-30 16:50:01.396972,568.603028
experiment,ECOR,sim1,template2,303201,2023-07-30 19:47:26,0.2555654238387287,-0.2127038491680428,0.9758089734829944,0.9758089734829944,-0.2127038491680428,clean,,,2023-07-30 19:47:26,2023-07-30 19:57:18.243137,-592.243137
experiment,ECIT,sim1,template3,303221,2023-07-30 19:47:46,0.345062354750348,-0.4497798358708497,0.9495350670778449,0.9495350670778449,-0.4497798358708497,clean,,,2023-07-30 19:47:46,2023-07-30 19:57:18.243137,-572.243137
experiment,EC10,sim1,template3,239826,2023-07-30 19:47:49,0.4107610612604521,1.0191281604166522,1.1244920982607858,1.1244920982607858,1.0191281604166522,clean,,,2023-07-30 19:47:49,2023-07-30 19:57:18.243137,-569.243137
experiment,EC10,sim1,template4,239960,2023-07-30 19:50:03,0.2225373124894691,1.023309044002791,1.1250334938365365,1.1250334938365365,1.023309044002791,clean,,,2023-07-30 19:50:03,2023-07-30 19:57:18.243137,-435.243137
experiment,EC10,sim1,template1,239983,2023-07-30 20:04:26,0.2594712921435902,0.6578076322664539,1.0786744243331865,1.0786744243331865,0.6578076322664539,clean,,,2023-07-30 20:04:26,2023-07-30 19:57:18.243137,427.756863
experiment,ECOR,sim4,template2,303391,2023-07-30 20:04:36,0.2859456400061311,-0.9861402968533984,0.8926742044136388,0.8926742044136388,-0.9861402968533984,clean,,,2023-07-30 20:04:36,2023-07-30 19:57:18.243137,437.756863
experiment,EC10,sim4,template2,240028,2023-07-30 20:05:11,0.3010254855168088,0.4655200397730146,1.055057191280798,1.055057191280798,0.4655200397730146,clean,,,2023-07-30 20:05:11,2023-07-30 19:57:18.243137,472.756863
experiment,ECOR,sim3,template2,303441,2023-07-30 20:05:26,0.2695293625864016,-1.0189344194174013,0.8893102112965524,0.8893102112965524,-1.0189344194174013,clean,,,2023-07-30 20:05:26,2023-07-30 19:57:18.243137,487.756863
experiment,EC10,sim3,template2,240085,2023-07-30 20:06:08,0.3184414414195492,0.2945939823619581,1.0344981041875467,1.0344981041875467,0.2945939823619581,clean,,,2023-07-30 20:06:08,2023-07-30 19:57:18.243137,529.756863
experiment,EMAS,sim2,template1,303503,2023-07-30 20:06:28,0.2109901912453829,-2.151002588795585,0.7806383279622411,0.7806383279622411,-2.151002588795585,clean,,,2023-07-30 20:06:28,2023-07-30 19:57:18.243137,549.756863
experiment,ECIT,sim2,template1,303515,2023-07-30 20:06:40,0.3432077403729666,-1.0341632001618242,0.8877523691754612,0.8877523691754612,-1.0341632001618242,clean,,,2023-07-30 20:06:40,2023-07-30 19:57:18.243137,561.756863
experiment,EC10,sim3,template3,240119,2023-07-30 20:06:42,0.2979814584663298,0.2576018397680298,1.0301016717520626,1.0301016717520626,0.2576018397680298,clean,,,2023-07-30 20:06:42,2023-07-30 19:57:18.243137,563.756863
experiment,ECIT,sim1,template4,303534,2023-07-30 20:06:59,0.2089838964036565,-0.7957531063505403,0.912456868518766,0.912456868518766,-0.7957531063505403,clean,,,2023-07-30 20:06:59,2023-07-30 19:57:18.243137,580.756863
experiment,EC10,sim3,template3,243746,2023-07-30 21:07:09,0.2481156130194644,1.2550657692526603,1.1554556710381605,1.1554556710381605,1.2550657692526603,clean,,,2023-07-30 21:07:09,2023-07-30 21:17:04.765614,-595.765614
experiment,EC1,sim2,template1,307175,2023-07-30 21:07:40,0.3141642204819168,0.3397257764808525,1.0398873348724325,1.0398873348724325,0.3397257764808525,clean,,,2023-07-30 21:07:40,2023-07-30 21:17:04.765614,-564.765614
experiment,EMAS,sim2,template1,307197,2023-07-30 21:08:02,0.2729245028621926,-4.287305723898242,0.6104283760582638,0.6104283760582638,-4.287305723898242,clean,,,2023-07-30 21:08:02,2023-07-30 21:17:04.765614,-542.765614
experiment,ECOR,sim1,template4,307233,2023-07-30 21:08:38,0.2760881890578184,-0.3187113754593731,0.9639720263468576,0.9639720263468576,-0.3187113754593731,clean,,,2023-07-30 21:08:38,2023-07-30 21:17:04.765614,-506.765614
experiment,ECOR,sim1,template1,307234,2023-07-30 21:08:39,0.4102497068949552,2.4115436076789374,1.3200098756288892,1.3200098756288892,2.4115436076789374,clean,,,2023-07-30 21:08:39,2023-07-30 21:17:04.765614,-505.765614
experiment,ECOR,sim1,template2,307238,2023-07-30 21:08:43,0.3434987367007519,2.410330928119021,1.319825595454634,1.319825595454634,2.410330928119021,clean,,,2023-07-30 21:08:43,2023-07-30 21:17:04.765614,-501.765614
experiment,EC1,sim1,template2,307246,2023-07-30 21:08:51,0.2466910020121719,0.2787178126827974,1.032608963593787,1.032608963593787,0.2787178126827974,clean,,,2023-07-30 21:08:51,2023-07-30 21:17:04.765614,-493.765614
experiment,ECIT,sim3,template2,307263,2023-07-30 21:09:08,0.3694162912304186,0.0744810984167532,1.0086118235701231,1.0086118235701231,0.0744810984167532,clean,,,2023-07-30 21:09:08,2023-07-30 21:17:04.765614,-476.765614
experiment,EMAS,sim2,template3,307408,2023-07-30 21:25:33,0.2234840583166224,-4.777255425830834,0.5769487393046497,0.5769487393046497,-4.777255425830834,clean,,,2023-07-30 21:25:33,2023-07-30 21:17:04.765614,508.234386
experiment,EC1,sim1,template1,307434,2023-07-30 21:25:59,0.2343678414712522,-0.1844710112079973,0.9789859283729409,0.9789859283729409,-0.1844710112079973,clean,,,2023-07-30 21:25:59,2023-07-30 21:17:04.765614,534.234386
experiment,EC1,sim3,template1,307452,2023-07-30 21:26:17,0.2520324827810373,-0.1921915745448636,0.9781161309175131,0.9781161309175131,-0.1921915745448636,clean,,,2023-07-30 21:26:17,2023-07-30 21:17:04.765614,552.234386
experiment,EC1,sim1,template3,307453,2023-07-30 21:26:18,0.3506527102017099,-0.1935792248906432,0.9779598803973704,0.9779598803973704,-0.1935792248906432,clean,,,2023-07-30 21:26:18,2023-07-30 21:17:04.765614,553.234386
experiment,EC10,sim4,template1,244075,2023-07-30 21:26:38,0.2504114700792988,1.3491587870038937,1.1680406017239942,1.1680406017239942,1.3491587870038937,clean,,,2023-07-30 21:26:38,2023-07-30 21:17:04.765614,573.234386
experiment,EC10,sim2,template3,244079,2023-07-30 21:26:42,0.2790813372509497,1.357469702664618,1.1691587523131193,1.1691587523131193,1.357469702664618,clean,,,2023-07-30 21:26:42,2023-07-30 21:17:04.765614,577.234386
experiment,ECIT,sim1,template1,318573,2023-07-31 03:28:21,0.2466599679599566,0.1509029287944928,1.017525136001609,1.017525136001609,0.1509029287944928,clean,,,2023-07-31 03:28:21,2023-07-31 03:20:58.892252,442.107748
experiment,ECIT,sim3,template1,318605,2023-07-31 03:28:53,0.3602583759402629,0.1410067026877098,1.016366483865313,1.016366483865313,0.1410067026877098,clean,,,2023-07-31 03:28:53,2023-07-31 03:20:58.892252,474.107748
experiment,EC1,sim3,template4,318632,2023-07-31 03:29:20,0.2124687301429814,0.0379830814288823,1.0043825392131196,1.0043825392131196,0.0379830814288823,clean,,,2023-07-31 03:29:20,2023-07-31 03:20:58.892252,501.107748
experiment,ECIT,sim4,template2,318645,2023-07-31 03:29:33,0.2517769076771722,0.049480666062494,1.0057129290958442,1.0057129290958442,0.049480666062494,clean,,,2023-07-31 03:29:33,2023-07-31 03:20:58.892252,514.107748
experiment,EC1,sim3,template1,318650,2023-07-31 03:29:38,0.4055853601273134,-0.0615083164880569,0.9929436074481314,0.9929436074481314,-0.0615083164880569,clean,,,2023-07-31 03:29:38,2023-07-31 03:20:58.892252,519.107748
experiment,ECOR,sim2,template2,318664,2023-07-31 03:29:52,0.2625243885549354,-1.6658120805798282,0.8254853990139491,0.8254853990139491,-1.6658120805798282,clean,,,2023-07-31 03:29:52,2023-07-31 03:20:58.892252,533.107748
experiment,EC10,sim3,template4,255283,2023-07-31 03:30:09,0.2068765583834885,-1.0294085105088966,0.8882384612953441,0.8882384612953441,-1.0294085105088966,clean,,,2023-07-31 03:30:09,2023-07-31 03:20:58.892252,550.107748
experiment,ECOR,sim3,template3,318686,2023-07-31 03:30:14,0.2634130896013949,-1.6314470641262853,0.8287578342014635,0.8287578342014635,-1.6314470641262853,clean,,,2023-07-31 03:30:14,2023-07-31 03:20:58.892252,555.107748
experiment,EC10,sim3,template3,255308,2023-07-31 03:30:34,0.2390440942213653,-1.0270409897228905,0.8884806022540186,0.8884806022540186,-1.0270409897228905,clean,,,2023-07-31 03:30:34,2023-07-31 03:20:58.892252,575.107748
experiment,ECIT,sim3,template2,318716,2023-07-31 03:30:44,0.2002061725523437,0.0813194491469288,1.0094062104987518,1.0094062104987518,0.0813194491469288,clean,,,2023-07-31 03:30:44,2023-07-31 03:20:58.892252,585.107748
experiment,EC10,sim3,template2,255332,2023-07-31 03:30:58,0.2251103061759071,-1.0318376080009564,0.8879900910953068,0.8879900910953068,-1.0318376080009564,clean,,,2023-07-31 03:30:58,2023-07-31 03:20:58.892252,599.107748
experiment,EMAS,sim2,template2,323147,2023-07-31 05:37:25,0.2864459817573671,-6.254588430299104,0.4867103463891529,0.4867103463891529,-6.254588430299104,clean,,,2023-07-31 05:37:25,2023-07-31 05:47:22.789858,-597.789858
experiment,ECOR,sim4,template3,323192,2023-07-31 05:38:10,0.3183716995804955,-0.4513763567149084,0.9493605526322698,0.9493605526322698,-0.4513763567149084,clean,,,2023-07-31 05:38:10,2023-07-31 05:47:22.789858,-552.789858
experiment,EMAS,sim1,template2,323257,2023-07-31 05:39:15,0.2931513348917747,-6.46044819658486,0.4753106990218657,0.4753106990218657,-6.46044819658486,clean,,,2023-07-31 05:39:15,2023-07-31 05:47:22.789858,-487.789858
experiment,EMAS,sim4,template2,323272,2023-07-31 05:39:30,0.2192521977159406,-6.4632689496852604,0.4751563663622496,0.4751563663622496,-6.4632689496852604,clean,,,2023-07-31 05:39:30,2023-07-31 05:47:22.789858,-472.789858
experiment,ECOR,sim3,template3,323294,2023-07-31 05:39:52,0.3501275595840117,-0.3887122022809892,0.9562344588830968,0.9562344588830968,-0.3887122022809892,clean,,,2023-07-31 05:39:52,2023-07-31 05:47:22.789858,-450.789858
experiment,ECOR,sim1,template1,323338,2023-07-31 05:54:36,0.2760064226203583,-0.2815901163173048,0.9681006109175456,0.9681006109175456,-0.2815901163173048,clean,,,2023-07-31 05:54:36,2023-07-31 05:47:22.789858,433.210142
experiment,EMAS,sim2,template3,323360,2023-07-31 05:54:58,0.2053037101344298,-6.6732652300732695,0.4638064014779131,0.4638064014779131,-6.6732652300732695,clean,,,2023-07-31 05:54:58,2023-07-31 05:47:22.789858,455.210142
experiment,EMAS,sim3,template1,323361,2023-07-31 05:54:59,0.2619547552799355,-6.676038921561572,0.4636583164181746,0.4636583164181746,-6.676038921561572,clean,,,2023-07-31 05:54:59,2023-07-31 05:47:22.789858,456.210142
experiment,EMAS,sim1,template3,323362,2023-07-31 05:55:00,0.3027180971149295,-6.677998209603647,0.4635537401707815,0.4635537401707815,-6.677998209603647,clean,,,2023-07-31 05:55:00,2023-07-31 05:47:22.789858,457.210142
experiment,EMAS,sim3,template3,323365,2023-07-31 05:55:03,0.3251436686073972,-6.681699598499153,0.4633562443232182,0.4633562443232182,-6.681699598499153,clean,,,2023-07-31 05:55:03,2023-07-31 05:47:22.789858,460.210142
experiment,EMAS,sim2,template1,323369,2023-07-31 05:55:07,0.4054688351105099,-6.681385980560345,0.4633729748436155,0.4633729748436155,-6.681385980560345,clean,,,2023-07-31 05:55:07,2023-07-31 05:47:22.789858,464.210142
experiment,EMAS,sim4,template1,323370,2023-07-31 05:55:08,0.3429007579260464,-6.680884812797824,0.4633997118051104,0.4633997118051104,-6.680884812797824,clean,,,2023-07-31 05:55:08,2023-07-31 05:47:22.789858,465.210142
experiment,ECIT,sim3,template1,323442,2023-07-31 05:56:20,0.3781243084121153,0.6292759739694216,1.0751369769189567,1.0751369769189567,0.6292759739694216,clean,,,2023-07-31 05:56:20,2023-07-31 05:47:22.789858,537.210142
experiment,ECOR,sim4,template1,323487,2023-07-31 05:57:05,0.3358648049422557,-1.0486309555926585,0.8862749046979329,0.8862749046979329,-1.0486309555926585,clean,,,2023-07-31 05:57:05,2023-07-31 05:47:22.789858,582.210142
experiment,ECIT,sim4,template3,327519,2023-07-31 07:04:17,0.2227479731685334,-1.167640451651573,0.8742144433504955,0.8742144433504955,-1.167640451651573,clean,,,2023-07-31 07:04:17,2023-07-31 07:13:47.247285,-570.247285
experiment,EC1,sim1,template3,327555,2023-07-31 07:04:53,0.2652940702833696,1.3362692063927086,1.166308552542468,1.166308552542468,1.3362692063927086,clean,,,2023-07-31 07:04:53,2023-07-31 07:13:47.247285,-534.247285
experiment,ECIT,sim2,template1,327608,2023-07-31 07:05:46,0.3896864271103399,-0.8962172542329068,0.9019638615847572,0.9019638615847572,-0.8962172542329068,clean,,,2023-07-31 07:05:46,2023-07-31 07:13:47.247285,-481.247285
experiment,EC10,sim4,template2,264251,2023-07-31 07:06:27,0.3180258953997019,-0.1681667374886588,0.9808253075717486,0.9808253075717486,-0.1681667374886588,clean,,,2023-07-31 07:06:27,2023-07-31 07:13:47.247285,-440.247285
experiment,ECOR,sim2,template2,330711,2023-07-31 10:07:56,0.2303646587322429,0.0631001853857807,1.0072911290957065,1.0072911290957065,0.0631001853857807,clean,,,2023-07-31 10:07:56,2023-07-31 10:00:52.515418,423.484582
experiment,EC1,sim1,template2,330738,2023-07-31 10:08:23,0.3510456248186484,0.0555599218686953,1.0064170741526806,1.0064170741526806,0.0555599218686953,clean,,,2023-07-31 10:08:23,2023-07-31 10:00:52.515418,450.484582
experiment,EC1,sim1,template1,330794,2023-07-31 10:09:19,0.2112192873837038,-0.0593217937816788,0.9931935953163782,0.9931935953163782,-0.0593217937816788,clean,,,2023-07-31 10:09:19,2023-07-31 10:00:52.515418,506.484582
experiment,EMAS,sim4,template2,330798,2023-07-31 10:09:23,0.253414261860698,-1.3774101876357057,0.8533545149741225,0.8533545149741225,-1.3774101876357057,clean,,,2023-07-31 10:09:23,2023-07-31 10:00:52.515418,510.484582
experiment,ECIT,sim1,template3,330800,2023-07-31 10:09:25,0.3040021846659774,-0.2463279928417449,0.9720387994242492,0.9720387994242492,-0.2463279928417449,clean,,,2023-07-31 10:09:25,2023-07-31 10:00:52.515418,512.484582
experiment,ECIT,sim1,template2,330826,2023-07-31 10:09:51,0.2253356223758171,-0.2423104437825071,0.972488507746588,0.972488507746588,-0.2423104437825071,clean,,,2023-07-31 10:09:51,2023-07-31 10:00:52.515418,538.484582
experiment,EC1,sim3,template3,330870,2023-07-31 10:10:35,0.3222267737891239,-1.8062796560031855,0.812243074744078,0.812243074744078,-1.8062796560031855,clean,,,2023-07-31 10:10:35,2023-07-31 10:00:52.515418,582.484582
experiment,ECIT,sim2,template2,330882,2023-07-31 10:10:47,0.245954677784946,-0.6360774625150063,0.9293860016428794,0.9293860016428794,-0.6360774625150063,clean,,,2023-07-31 10:10:47,2023-07-31 10:00:52.515418,594.484582
experiment,ECOR,sim1,template2,337716,2023-07-31 12:04:41,0.2591803140115591,2.0501880632782217,1.266220682898956,1.266220682898956,2.0501880632782217,clean,,,2023-07-31 12:04:41,2023-07-31 12:13:18.487134,-517.487134
experiment,EC1,sim4,template2,337728,2023-07-31 12:04:53,0.3750824938507135,-1.6304686904886412,0.8288511902672739,0.8288511902672739,-1.6304686904886412,clean,,,2023-07-31 12:04:53,2023-07-31 12:13:18.487134,-505.487134
experiment,ECIT,sim2,template1,337776,2023-07-31 12:05:41,0.2658448666533728,-0.1676404393424644,0.9808847398466238,0.9808847398466238,-0.1676404393424644,clean,,,2023-07-31 12:05:41,2023-07-31 12:13:18.487134,-457.487134
experiment,ECOR,sim1,template1,337799,2023-07-31 12:06:04,0.27350124356681,1.9425540246503104,1.2506267141314475,1.2506267141314475,1.9425540246503104,clean,,,2023-07-31 12:06:04,2023-07-31 12:13:18.487134,-434.487134
experiment,EMAS,sim1,template4,337814,2023-07-31 12:20:19,0.2527618914856521,-0.1525462792784048,0.982590783073134,0.982590783073134,-0.1525462792784048,clean,,,2023-07-31 12:20:19,2023-07-31 12:13:18.487134,420.512866
experiment,EC1,sim3,template2,337830,2023-07-31 12:20:35,0.4040716775093825,-1.7405712056889466,0.8184109656260273,0.8184109656260273,-1.7405712056889466,clean,,,2023-07-31 12:20:35,2023-07-31 12:13:18.487134,436.512866
experiment,EMAS,sim1,template1,337848,2023-07-31 12:20:53,0.4051234285755621,1.161846520663425,1.1431213234625237,1.1431213234625237,1.161846520663425,clean,,,2023-07-31 12:20:53,2023-07-31 12:13:18.487134,454.512866
experiment,EMAS,sim2,template1,337884,2023-07-31 12:21:29,0.3486124484519411,1.0695360337153166,1.1310369721445268,1.1310369721445268,1.0695360337153166,clean,,,2023-07-31 12:21:29,2023-07-31 12:13:18.487134,490.512866
experiment,EMAS,sim2,template4,337889,2023-07-31 12:21:34,0.2000488997449507,-0.2470774210576989,0.9719549344538426,0.9719549344538426,-0.2470774210576989,clean,,,2023-07-31 12:21:34,2023-07-31 12:13:18.487134,495.512866
experiment,EMAS,sim1,template3,337916,2023-07-31 12:22:01,0.3775666930866474,0.96693346886448,1.1177551343229426,1.1177551343229426,0.96693346886448,clean,,,2023-07-31 12:22:01,2023-07-31 12:13:18.487134,522.512866
experiment,ECOR,sim2,template1,337919,2023-07-31 12:22:04,0.2346035964762836,1.8853393886821392,1.2424158105455143,1.2424158105455143,1.8853393886821392,clean,,,2023-07-31 12:22:04,2023-07-31 12:13:18.487134,525.512866
experiment,EMAS,sim1,template2,337928,2023-07-31 12:22:13,0.2087533251104928,0.8823513531780708,1.1069233981442392,1.1069233981442392,0.8823513531780708,clean,,,2023-07-31 12:22:13,2023-07-31 12:13:18.487134,534.512866
experiment,EC1,sim1,template3,337946,2023-07-31 12:22:31,0.4014572733887047,-1.739380161853155,0.8185231970969701,0.8185231970969701,-1.739380161853155,clean,,,2023-07-31 12:22:31,2023-07-31 12:13:18.487134,552.512866
experiment,ECOR,sim1,template3,348775,2023-07-31 16:19:06,0.2185507391711004,-1.93062470989629,0.8006980383233475,0.8006980383233475,-1.93062470989629,clean,,,2023-07-31 16:19:06,2023-07-31 16:28:04.256791,-538.256791
experiment,EMAS,sim1,template1,348797,2023-07-31 16:19:28,0.2101684275654653,-5.3618523659576764,0.5393955779317322,0.5393955779317322,-5.3618523659576764,clean,,,2023-07-31 16:19:28,2023-07-31 16:28:04.256791,-516.256791
experiment,EC1,sim2,template2,348848,2023-07-31 16:20:19,0.2679334515899544,7.541559150389125,2.3827471431925056,2.3827471431925056,7.541559150389125,clean,,,2023-07-31 16:20:19,2023-07-31 16:28:04.256791,-465.256791
experiment,ECIT,sim2,template4,348849,2023-07-31 16:20:20,0.2046697671191862,-0.1795078791673182,0.9795454824392624,0.9795454824392624,-0.1795078791673182,clean,,,2023-07-31 16:20:20,2023-07-31 16:28:04.256791,-464.256791
experiment,EMAS,sim3,template3,348851,2023-07-31 16:20:22,0.2139583998524362,-5.441054361436908,0.5344994737188883,0.5344994737188883,-5.441054361436908,clean,,,2023-07-31 16:20:22,2023-07-31 16:28:04.256791,-462.256791
experiment,ECOR,sim1,template2,348874,2023-07-31 16:20:45,0.2363542803305771,-1.7293137217941146,0.8194723677065204,0.8194723677065204,-1.7293137217941146,clean,,,2023-07-31 16:20:45,2023-07-31 16:28:04.256791,-439.256791
experiment,ECIT,sim4,template2,348878,2023-07-31 16:20:49,0.2805927147447239,-2.498600701636709,0.7500150271543842,0.7500150271543842,-2.498600701636709,clean,,,2023-07-31 16:20:49,2023-07-31 16:28:04.256791,-435.256791
experiment,ECOR,sim1,template1,348915,2023-07-31 16:35:26,0.4086464373104211,-1.5522713454971666,0.8363468638631089,0.8363468638631089,-1.5522713454971666,clean,,,2023-07-31 16:35:26,2023-07-31 16:28:04.256791,441.743209
experiment,ECOR,sim1,template4,348925,2023-07-31 16:35:36,0.2850679506732212,-2.376362314377627,0.7606447713411043,0.7606447713411043,-2.376362314377627,clean,,,2023-07-31 16:35:36,2023-07-31 16:28:04.256791,451.743209
experiment,EC10,sim2,template2,285602,2023-07-31 16:36:51,0.2801871259900862,-1.295702923707551,0.8614198076971281,0.8614198076971281,-1.295702923707551,clean,,,2023-07-31 16:36:51,2023-07-31 16:28:04.256791,526.743209
experiment,EMAS,sim1,template2,349014,2023-07-31 16:37:05,0.2673199844844385,-4.731303333833412,0.5800091345474825,0.5800091345474825,-4.731303333833412,clean,,,2023-07-31 16:37:05,2023-07-31 16:28:04.256791,540.743209
experiment,EMAS,sim4,template1,349068,2023-07-31 16:37:59,0.2049409950427045,-4.674629940749297,0.5838059312749428,0.5838059312749428,-4.674629940749297,clean,,,2023-07-31 16:37:59,2023-07-31 16:28:04.256791,594.743209
experiment,ECOR,sim2,template2,353877,2023-07-31 17:58:08,0.3527145220199716,-1.0615206344868713,0.8849606666335541,0.8849606666335541,-1.0615206344868713,clean,,,2023-07-31 17:58:08,2023-07-31 18:08:02.507861,-594.507861
experiment,EC1,sim4,template1,353878,2023-07-31 17:58:09,0.2669364529727846,-1.966774411640705,0.7973725475523424,0.7973725475523424,-1.966774411640705,clean,,,2023-07-31 17:58:09,2023-07-31 18:08:02.507861,-593.507861
experiment,ECIT,sim1,template1,353892,2023-07-31 17:58:23,0.2532894094063284,-0.4321822893587517,0.9514607679892184,0.9514607679892184,-0.4321822893587517,clean,,,2023-07-31 17:58:23,2023-07-31 18:08:02.507861,-579.507861
experiment,EC10,sim2,template1,290509,2023-07-31 17:58:38,0.2195355013474925,-0.4834910612915788,0.9458569230364794,0.9458569230364794,-0.4834910612915788,clean,,,2023-07-31 17:58:38,2023-07-31 18:08:02.507861,-564.507861
experiment,EC10,sim4,template3,290636,2023-07-31 18:00:45,0.2797400452055552,-0.3527467932516258,0.9602021196420774,0.9602021196420774,-0.3527467932516258,clean,,,2023-07-31 18:00:45,2023-07-31 18:08:02.507861,-437.507861
experiment,EMAS,sim2,template2,354127,2023-07-31 18:38:26,0.2201879218729019,-1.021768635675064,0.8890200756411369,0.8890200756411369,-1.021768635675064,clean,,,2023-07-31 18:38:26,2023-07-31 18:30:10.118737,495.881263
experiment,ECIT,sim4,template4,354136,2023-07-31 18:38:35,0.2349844450825497,1.8299924939348853,1.2345242483342709,1.2345242483342709,1.8299924939348853,clean,,,2023-07-31 18:38:35,2023-07-31 18:30:10.118737,504.881263
experiment,ECIT,sim1,template3,354137,2023-07-31 18:38:36,0.3493331021457477,-0.3086558385632175,0.96508864994255,0.96508864994255,-0.3086558385632175,clean,,,2023-07-31 18:38:36,2023-07-31 18:30:10.118737,505.881263
experiment,ECOR,sim2,template3,354222,2023-07-31 18:40:01,0.3562295605973226,-1.5962416296788973,0.8321237518097014,0.8321237518097014,-1.5962416296788973,clean,,,2023-07-31 18:40:01,2023-07-31 18:30:10.118737,590.881263
experiment,ECIT,sim3,template1,354860,2023-07-31 18:50:39,0.3862016054494786,0.3907854787739398,1.0460182792779529,1.0460182792779529,0.3907854787739398,clean,,,2023-07-31 18:50:39,2023-07-31 19:00:27.149426,-588.149426
experiment,EMAS,sim3,template1,354860,2023-07-31 18:50:39,0.2213360667035928,-0.0907397261439193,0.9896075812218263,0.9896075812218263,-0.0907397261439193,clean,,,2023-07-31 18:50:39,2023-07-31 19:00:27.149426,-588.149426
experiment,EC1,sim1,template2,354867,2023-07-31 18:50:46,0.3001159742352131,-2.854374132859669,0.7199151174103517,0.7199151174103517,-2.854374132859669,clean,,,2023-07-31 18:50:46,2023-07-31 19:00:27.149426,-581.149426
experiment,EMAS,sim1,template1,354975,2023-07-31 18:52:34,0.3035819283352304,-0.4538722278058479,0.94908779517657,0.94908779517657,-0.4538722278058479,clean,,,2023-07-31 18:52:34,2023-07-31 19:00:27.149426,-473.149426
experiment,EC10,sim3,template1,291600,2023-07-31 18:52:57,0.2921667187270572,-0.1939298398410999,0.9779204048285004,0.9779204048285004,-0.1939298398410999,clean,,,2023-07-31 18:52:57,2023-07-31 19:00:27.149426,-450.149426
experiment,ECIT,sim1,template2,355011,2023-07-31 18:53:10,0.2450709062964943,0.960365092119476,1.1169101936383845,1.1169101936383845,0.960365092119476,clean,,,2023-07-31 18:53:10,2023-07-31 19:00:27.149426,-437.149426
experiment,ECIT,sim1,template1,355029,2023-07-31 19:16:43,0.3086868495965529,0.9769074963872816,1.1190393923926667,1.1190393923926667,0.9769074963872816,clean,,,2023-07-31 19:16:43,2023-07-31 19:09:42.601461,420.398539
experiment,EC10,sim2,template1,291648,2023-07-31 19:17:00,0.3508194270789817,-0.2546845443058085,0.9711040666112511,0.9711040666112511,-0.2546845443058085,clean,,,2023-07-31 19:17:00,2023-07-31 19:09:42.601461,437.398539
experiment,EC1,sim1,template3,355126,2023-07-31 19:18:20,0.3775015209788862,-2.920597204858133,0.7144472020334055,0.7144472020334055,-2.920597204858133,clean,,,2023-07-31 19:18:20,2023-07-31 19:09:42.601461,517.398539
experiment,EMAS,sim3,template3,355146,2023-07-31 19:18:40,0.3280168088742717,-0.916193810778474,0.8998918310982121,0.8998918310982121,-0.916193810778474,clean,,,2023-07-31 19:18:40,2023-07-31 19:09:42.601461,537.398539
experiment,ECIT,sim3,template2,355160,2023-07-31 19:18:54,0.2863287976377549,0.7948998341553737,1.0958345569324286,1.0958345569324286,0.7948998341553737,clean,,,2023-07-31 19:18:54,2023-07-31 19:09:42.601461,551.398539
experiment,ECOR,sim1,template3,355172,2023-07-31 19:19:06,0.244640826844092,-2.2415459800946387,0.7725430698206124,0.7725430698206124,-2.2415459800946387,clean,,,2023-07-31 19:19:06,2023-07-31 19:09:42.601461,563.398539
experiment,ECOR,sim3,template1,359043,2023-07-31 20:47:43,0.2350955286275341,0.2263300127505957,1.026399662677333,1.026399662677333,0.2263300127505957,clean,,,2023-07-31 20:47:43,2023-07-31 20:57:32.440861,-589.440861
experiment,EC10,sim1,template3,295675,2023-07-31 20:48:13,0.2220847690188112,-0.0650566263366067,0.992538058658914,0.992538058658914,-0.0650566263366067,clean,,,2023-07-31 20:48:13,2023-07-31 20:57:32.440861,-559.440861
experiment,ECIT,sim2,template2,359084,2023-07-31 20:48:24,0.2478337047605791,1.7507446115064411,1.2233119848927132,1.2233119848927132,1.7507446115064411,clean,,,2023-07-31 20:48:24,2023-07-31 20:57:32.440861,-548.440861
experiment,EC1,sim1,template1,359143,2023-07-31 20:49:23,0.2668441364790883,-1.1395233047405886,0.877048953646294,0.877048953646294,-1.1395233047405886,clean,,,2023-07-31 20:49:23,2023-07-31 20:57:32.440861,-489.440861
experiment,EC1,sim1,template2,359210,2023-07-31 20:50:30,0.2975186422598452,-1.1888954440852342,0.8720777934904583,0.8720777934904583,-1.1888954440852342,clean,,,2023-07-31 20:50:30,2023-07-31 20:57:32.440861,-422.440861
experiment,ECOR,sim4,template1,359223,2023-07-31 21:04:43,0.230937850095137,0.3739773770517565,1.0439960821002003,1.0439960821002003,0.3739773770517565,clean,,,2023-07-31 21:04:43,2023-07-31 20:57:32.440861,430.559139
experiment,ECOR,sim1,template3,359262,2023-07-31 21:05:22,0.2596943450811768,0.33868757226435,1.039763046982378,1.039763046982378,0.33868757226435,clean,,,2023-07-31 21:05:22,2023-07-31 20:57:32.440861,469.559139
experiment,EMAS,sim3,template3,359268,2023-07-31 21:05:28,0.2209576695178605,3.16663254669955,1.4398976646553268,1.4398976646553268,3.16663254669955,clean,,,2023-07-31 21:05:28,2023-07-31 20:57:32.440861,475.559139
experiment,ECIT,sim3,template3,359301,2023-07-31 21:06:01,0.279965909943748,1.830336971365928,1.2345732098330184,1.2345732098330184,1.830336971365928,clean,,,2023-07-31 21:06:01,2023-07-31 20:57:32.440861,508.559139
experiment,EMAS,sim2,template3,359315,2023-07-31 21:06:15,0.2656719296603656,3.1926446446753305,1.4442162665030938,1.4442162665030938,3.1926446446753305,clean,,,2023-07-31 21:06:15,2023-07-31 20:57:32.440861,522.559139
experiment,ECIT,sim1,template1,359349,2023-07-31 21:06:49,0.2048715014203923,2.636586735868311,1.354656972858053,1.354656972858053,2.636586735868311,clean,,,2023-07-31 21:06:49,2023-07-31 20:57:32.440861,556.559139
experiment,EMAS,sim2,template1,359389,2023-07-31 21:07:29,0.2316076682937466,3.237351836126999,1.4516689636345392,1.4516689636345392,3.237351836126999,clean,,,2023-07-31 21:07:29,2023-07-31 20:57:32.440861,596.559139
experiment,EMAS,sim1,template2,360071,2023-07-31 22:06:05,0.222099137661354,1.5882033993538367,1.2006327069075031,1.2006327069075031,1.5882033993538367,clean,,,2023-07-31 22:06:05,2023-07-31 21:56:12.020995,592.979005
experiment,ECOR,sim1,template3,361554,2023-07-31 23:22:55,0.2923054363990844,1.5889730446910215,1.2007390981171773,1.2007390981171773,1.5889730446910215,clean,,,2023-07-31 23:22:55,2023-07-31 23:14:48.796218,486.203782
experiment,EC10,sim1,template3,298178,2023-07-31 23:23:17,0.2632494718684973,0.0774033398341353,1.008951213457575,1.008951213457575,0.0774033398341353,clean,,,2023-07-31 23:23:17,2023-07-31 23:14:48.796218,508.203782
experiment,ECOR,sim3,template4,361579,2023-07-31 23:23:20,0.2101015822450067,1.792083782268087,1.2291480291068504,1.2291480291068504,1.792083782268087,clean,,,2023-07-31 23:23:20,2023-07-31 23:14:48.796218,511.203782
experiment,ECIT,sim3,template1,361604,2023-07-31 23:23:45,0.2316235312217813,2.2756352998403773,1.2995164008665796,1.2995164008665796,2.2756352998403773,clean,,,2023-07-31 23:23:45,2023-07-31 23:14:48.796218,536.203782
experiment,EC1,sim3,template3,361623,2023-07-31 23:24:04,0.3092810934287762,-3.5797998384434404,0.6622317642932465,0.6622317642932465,-3.5797998384434404,clean,,,2023-07-31 23:24:04,2023-07-31 23:14:48.796218,555.203782
experiment,ECOR,sim1,template1,361648,2023-07-31 23:24:29,0.2089206746352045,2.7922932163452794,1.379160025617513,1.379160025617513,2.7922932163452794,clean,,,2023-07-31 23:24:29,2023-07-31 23:14:48.796218,580.203782
experiment,EMAS,sim2,template1,361710,2023-07-31 23:25:31,0.3202343981146087,1.7469663458710007,1.2227799734680471,1.2227799734680471,1.7469663458710007,clean,,,2023-07-31 23:25:31,2023-07-31 23:35:04.321456,-573.321456
experiment,ECIT,sim4,template2,361716,2023-07-31 23:25:37,0.2033940857886466,2.4007356214338573,1.3183683884872812,1.3183683884872812,2.4007356214338573,clean,,,2023-07-31 23:25:37,2023-07-31 23:35:04.321456,-567.321456
experiment,EC10,sim4,template3,298320,2023-07-31 23:25:39,0.3088886214616786,-0.0159071061198863,0.998170302669566,0.998170302669566,-0.0159071061198863,clean,,,2023-07-31 23:25:39,2023-07-31 23:35:04.321456,-565.321456
experiment,ECIT,sim3,template2,361741,2023-07-31 23:26:02,0.2042694933186995,2.4032163088014893,1.3187449678601626,1.3187449678601626,2.4032163088014893,clean,,,2023-07-31 23:26:02,2023-07-31 23:35:04.321456,-542.321456
experiment,ECOR,sim2,template1,361837,2023-07-31 23:27:38,0.4230228273968029,3.036733068336828,1.4185238869764838,1.4185238869764838,3.036733068336828,clean,,,2023-07-31 23:27:38,2023-07-31 23:35:04.321456,-446.321456
experiment,EC10,sim1,template2,298444,2023-07-31 23:27:43,0.2031959549299629,-0.270985707372914,0.9692832651538016,0.9692832651538016,-0.270985707372914,clean,,,2023-07-31 23:27:43,2023-07-31 23:35:04.321456,-441.321456
experiment,ECIT,sim1,template3,371416,2023-08-01 03:30:35,0.4783179248452027,0.2208280762325293,1.025749712258928,1.025749712258928,0.2208280762325293,clean,,,2023-08-01 03:30:35,2023-08-01 03:23:01.998411,453.001589
experiment,EC1,sim3,template3,371416,2023-08-01 03:30:35,0.3277677931008057,-0.0260631685123929,0.997003864235579,0.997003864235579,-0.0260631685123929,clean,,,2023-08-01 03:30:35,2023-08-01 03:23:01.998411,453.001589
experiment,ECOR,sim4,template2,371423,2023-08-01 03:30:42,0.3746740645991836,-1.1320797794178894,0.8778008782565639,0.8778008782565639,-1.1320797794178894,clean,,,2023-08-01 03:30:42,2023-08-01 03:23:01.998411,460.001589
experiment,ECOR,sim3,template2,371475,2023-08-01 03:31:34,0.3798486793086467,-1.1161601394810758,0.8794112012593441,0.8794112012593441,-1.1161601394810758,clean,,,2023-08-01 03:31:34,2023-08-01 03:23:01.998411,512.001589
experiment,EMAS,sim1,template2,371476,2023-08-01 03:31:35,0.37901684127136,-3.539829282925405,0.66528623196115,0.66528623196115,-3.539829282925405,clean,,,2023-08-01 03:31:35,2023-08-01 03:23:01.998411,513.001589
experiment,EC10,sim3,template3,308153,2023-08-01 03:32:50,0.2303383105832515,-1.1317558527364056,0.8778336150790977,0.8778336150790977,-1.1317558527364056,clean,,,2023-08-01 03:32:50,2023-08-01 03:23:01.998411,588.001589
experiment,EC10,sim2,template1,308153,2023-08-01 03:32:50,0.451179627810187,-1.1326662244886372,0.8777416137895112,0.8777416137895112,-1.1326662244886372,clean,,,2023-08-01 03:32:50,2023-08-01 03:23:01.998411,588.001589
experiment,EMAS,sim1,template3,373074,2023-08-01 04:20:17,0.2389584935064551,-0.3321280414946157,0.9624841756239426,0.9624841756239426,-0.3321280414946157,clean,,,2023-08-01 04:20:17,2023-08-01 04:10:29.308060,587.69194
experiment,EC1,sim3,template2,373075,2023-08-01 04:20:18,0.2229299178766026,-1.463609276514566,0.8449276766058759,0.8449276766058759,-1.463609276514566,clean,,,2023-08-01 04:20:18,2023-08-01 04:10:29.308060,588.69194
experiment,EMAS,sim2,template2,373084,2023-08-01 04:20:27,0.3680817736338726,-0.2978010976745097,0.966295473443714,0.966295473443714,-0.2978010976745097,clean,,,2023-08-01 04:20:27,2023-08-01 04:10:29.308060,597.69194
experiment,EC10,sim4,template3,313305,2023-08-01 05:51:46,0.2189368749721798,-0.8389317507796669,0.9079321869285444,0.9079321869285444,-0.8389317507796669,clean,,,2023-08-01 05:51:46,2023-08-01 05:42:55.658013,530.341987
experiment,EMAS,sim1,template3,376711,2023-08-01 05:51:54,0.2416859199475371,8.249439498363515,2.5850680193898583,2.5850680193898583,8.249439498363515,clean,,,2023-08-01 05:51:54,2023-08-01 05:42:55.658013,538.341987
experiment,EC1,sim2,template3,376720,2023-08-01 05:52:03,0.2547008305678296,0.4310912523985215,1.0508834743966486,1.0508834743966486,0.4310912523985215,clean,,,2023-08-01 05:52:03,2023-08-01 05:42:55.658013,547.341987
experiment,ECIT,sim1,template2,376735,2023-08-01 05:52:18,0.2354204710630819,-0.2543370493013113,0.971142918194264,0.971142918194264,-0.2543370493013113,clean,,,2023-08-01 05:52:18,2023-08-01 05:42:55.658013,562.341987
experiment,EMAS,sim4,template2,383533,2023-08-01 09:45:09,0.2548519862754612,-3.466928889027413,0.6708934557352169,0.6708934557352169,-3.466928889027413,clean,,,2023-08-01 09:45:09,2023-08-01 09:37:39.776131,449.223869
experiment,ECIT,sim2,template1,383578,2023-08-01 09:45:54,0.3323168423928796,1.4982424142863056,1.1882617588962576,1.1882617588962576,1.4982424142863056,clean,,,2023-08-01 09:45:54,2023-08-01 09:37:39.776131,494.223869
experiment,EC10,sim2,template1,320187,2023-08-01 09:46:01,0.4021620805461022,-1.063367019455399,0.8847725679489926,0.8847725679489926,-1.063367019455399,clean,,,2023-08-01 09:46:01,2023-08-01 09:37:39.776131,501.223869
experiment,ECOR,sim3,template4,383660,2023-08-01 09:47:16,0.225964455128865,0.6121437736456046,1.0730184479790277,1.0730184479790277,0.6121437736456046,clean,,,2023-08-01 09:47:16,2023-08-01 09:37:39.776131,576.223869
experiment,ECOR,sim4,template3,384652,2023-08-01 10:03:48,0.2584498384162572,1.2222794311128502,1.1511024322064285,1.1511024322064285,1.2222794311128502,clean,,,2023-08-01 10:03:48,2023-08-01 10:13:25.743942,-577.743942
experiment,ECIT,sim1,template2,384683,2023-08-01 10:04:19,0.2232081421470755,2.306669964985624,1.3041678750995669,1.3041678750995669,2.306669964985624,clean,,,2023-08-01 10:04:19,2023-08-01 10:13:25.743942,-546.743942
experiment,EMAS,sim2,template2,384694,2023-08-01 10:04:30,0.3209034485416734,-3.867757477087304,0.6406371599162181,0.6406371599162181,-3.867757477087304,clean,,,2023-08-01 10:04:30,2023-08-01 10:13:25.743942,-535.743942
experiment,EC10,sim2,template1,321304,2023-08-01 10:04:38,0.2606423617264562,0.0918122666849578,1.010626340576664,1.010626340576664,0.0918122666849578,clean,,,2023-08-01 10:04:38,2023-08-01 10:13:25.743942,-527.743942
experiment,EC1,sim2,template3,384714,2023-08-01 10:04:50,0.2346518654245425,-0.7998919109775594,0.912022188679647,0.912022188679647,-0.7998919109775594,clean,,,2023-08-01 10:04:50,2023-08-01 10:13:25.743942,-515.743942
experiment,ECIT,sim4,template3,384791,2023-08-01 10:06:07,0.2512358018666132,2.085289312988427,1.271348062861926,1.271348062861926,2.085289312988427,clean,,,2023-08-01 10:06:07,2023-08-01 10:13:25.743942,-438.743942
experiment,EC1,sim2,template1,384802,2023-08-01 10:06:18,0.2195979763813257,-0.8323522181110138,0.9086202031088724,0.9086202031088724,-0.8323522181110138,clean,,,2023-08-01 10:06:18,2023-08-01 10:13:25.743942,-427.743942
experiment,EMAS,sim4,template2,398772,2023-08-01 18:23:20,0.2782504487420447,0.123703716458913,1.0143438159408686,1.0143438159408686,0.123703716458913,clean,,,2023-08-01 18:23:20,2023-08-01 18:33:18.112775,-598.112775
experiment,ECOR,sim4,template1,398871,2023-08-01 18:24:59,0.2200645376362911,-0.0157925799449068,0.9981834639443644,0.9981834639443644,-0.0157925799449068,clean,,,2023-08-01 18:24:59,2023-08-01 18:33:18.112775,-499.112775
experiment,EMAS,sim4,template1,398942,2023-08-01 18:26:10,0.2060964495378138,0.0502852954566442,1.005806099018742,1.005806099018742,0.0502852954566442,clean,,,2023-08-01 18:26:10,2023-08-01 18:33:18.112775,-428.112775
experiment,EC1,sim3,template2,406533,2023-08-02 02:03:39,0.3007554053371015,-1.281605745492824,0.8628190251514513,0.8628190251514513,-1.281605745492824,clean,,,2023-08-02 02:03:39,2023-08-02 02:13:25.301154,-586.301154
experiment,EMAS,sim2,template3,406626,2023-08-02 02:05:12,0.2708250862815026,0.0706788602270366,1.0081704015285309,1.0081704015285309,0.0706788602270366,clean,,,2023-08-02 02:05:12,2023-08-02 02:13:25.301154,-493.301154
experiment,EMAS,sim3,template1,406637,2023-08-02 02:05:23,0.3561305774207673,-0.1102550611431618,0.9873866407131324,0.9873866407131324,-0.1102550611431618,clean,,,2023-08-02 02:05:23,2023-08-02 02:13:25.301154,-482.301154
experiment,EMAS,sim2,template1,406638,2023-08-02 02:05:24,0.4020411304991857,-0.1157475988534577,0.986762462391449,0.986762462391449,-0.1157475988534577,clean,,,2023-08-02 02:05:24,2023-08-02 02:13:25.301154,-481.301154
experiment,EMAS,sim1,template3,406641,2023-08-02 02:05:27,0.4920590573186604,-0.123483755152266,0.9858839858695776,0.9858839858695776,-0.123483755152266,clean,,,2023-08-02 02:05:27,2023-08-02 02:13:25.301154,-478.301154
experiment,EMAS,sim4,template1,406642,2023-08-02 02:05:28,0.3749774435026855,-0.12474598387381,0.9857407281584236,0.9857407281584236,-0.12474598387381,clean,,,2023-08-02 02:05:28,2023-08-02 02:13:25.301154,-477.301154
experiment,ECOR,sim4,template1,406695,2023-08-02 02:06:21,0.2462468440391784,2.719828234838954,1.3677017787590915,1.3677017787590915,2.719828234838954,clean,,,2023-08-02 02:06:21,2023-08-02 02:13:25.301154,-424.301154
experiment,ECIT,sim2,template3,407574,2023-08-02 03:29:23,0.4242108891773799,1.2447773275177338,1.1540878433259896,1.1540878433259896,1.2447773275177338,clean,,,2023-08-02 03:29:23,2023-08-02 03:38:51.672237,-568.672237
experiment,ECIT,sim2,template2,407693,2023-08-02 03:31:22,0.2990203012158471,1.0336260749220914,1.1263705936512602,1.1263705936512602,1.0336260749220914,clean,,,2023-08-02 03:31:22,2023-08-02 03:38:51.672237,-449.672237
experiment,ECIT,sim2,template1,407699,2023-08-02 03:31:28,0.24945165660801,0.9960785170575728,1.121512002652511,1.121512002652511,0.9960785170575728,clean,,,2023-08-02 03:31:28,2023-08-02 03:38:51.672237,-443.672237
experiment,EC1,sim2,template2,407721,2023-08-02 03:31:50,0.3500755800981775,-2.1199467245770043,0.7834344479934648,0.7834344479934648,-2.1199467245770043,clean,,,2023-08-02 03:31:50,2023-08-02 03:38:51.672237,-421.672237
experiment,EC1,sim1,template3,407824,2023-08-02 04:17:09,0.3247076735260369,-2.1474020864965517,0.7809619876954679,0.7809619876954679,-2.1474020864965517,clean,,,2023-08-02 04:17:09,2023-08-02 04:08:27.388620,521.61138
experiment,EC10,sim1,template2,344428,2023-08-02 04:17:11,0.2365934357417256,-1.61945661075477,0.829902684601382,0.829902684601382,-1.61945661075477,clean,,,2023-08-02 04:17:11,2023-08-02 04:08:27.388620,523.61138
experiment,EC1,sim2,template3,407867,2023-08-02 04:17:52,0.3061577458437091,-2.108436373673553,0.7844733263800351,0.7844733263800351,-2.108436373673553,clean,,,2023-08-02 04:17:52,2023-08-02 04:08:27.388620,564.61138
experiment,EC1,sim4,template1,409096,2023-08-02 06:23:08,0.2205725651496773,-2.791342058204415,0.7251584250899615,0.7251584250899615,-2.791342058204415,clean,,,2023-08-02 06:23:08,2023-08-02 06:15:41.288875,446.711125
experiment,ECIT,sim4,template1,409098,2023-08-02 06:23:10,0.342746499035828,-0.8773019585041648,0.903930212090123,0.903930212090123,-0.8773019585041648,clean,,,2023-08-02 06:23:10,2023-08-02 06:15:41.288875,448.711125
experiment,ECIT,sim1,template1,409154,2023-08-02 06:24:06,0.3354493483275279,-0.815062446118151,0.9104306661528776,0.9104306661528776,-0.815062446118151,clean,,,2023-08-02 06:24:06,2023-08-02 06:15:41.288875,504.711125
experiment,ECOR,sim1,template4,409188,2023-08-02 06:24:40,0.2717233438310025,-0.9603206175865908,0.8953317160400961,0.8953317160400961,-0.9603206175865908,clean,,,2023-08-02 06:24:40,2023-08-02 06:15:41.288875,538.711125
experiment,ECOR,sim1,template1,409191,2023-08-02 06:24:43,0.4586448556347123,0.9551257063150476,1.116236669215141,1.116236669215141,0.9551257063150476,clean,,,2023-08-02 06:24:43,2023-08-02 06:15:41.288875,541.711125
experiment,EC1,sim2,template2,409207,2023-08-02 06:24:59,0.2170839131342337,-2.755856733805002,0.7281270464300356,0.7281270464300356,-2.755856733805002,clean,,,2023-08-02 06:24:59,2023-08-02 06:34:00.841976,-541.841976
experiment,ECOR,sim3,template2,409214,2023-08-02 06:25:06,0.2899072663019573,0.937993022837904,1.1140370924515877,1.1140370924515877,0.937993022837904,clean,,,2023-08-02 06:25:06,2023-08-02 06:34:00.841976,-534.841976
experiment,EC10,sim2,template2,345825,2023-08-02 06:25:15,0.2266603590923728,-1.0033997985920975,0.8909021562727973,0.8909021562727973,-1.0033997985920975,clean,,,2023-08-02 06:25:15,2023-08-02 06:34:00.841976,-525.841976
experiment,EC1,sim3,template3,409333,2023-08-02 06:52:49,0.291396139696025,-2.8675546691433857,0.7188234996431374,0.7188234996431374,-2.8675546691433857,clean,,,2023-08-02 06:52:49,2023-08-02 06:45:44.810843,424.189157
experiment,EC1,sim2,template1,409354,2023-08-02 06:53:10,0.2736814123881189,-2.7622289187528724,0.727593070188918,0.727593070188918,-2.7622289187528724,clean,,,2023-08-02 06:53:10,2023-08-02 06:45:44.810843,445.189157
experiment,EMAS,sim3,template3,409425,2023-08-02 06:54:21,0.2137917273851989,-3.4126456034710424,0.6750993966114897,0.6750993966114897,-3.4126456034710424,clean,,,2023-08-02 06:54:21,2023-08-02 06:45:44.810843,516.189157
experiment,ECOR,sim4,template2,409428,2023-08-02 06:54:24,0.206690782501507,-0.3501985018017629,0.9604838678479972,0.9604838678479972,-0.3501985018017629,clean,,,2023-08-02 06:54:24,2023-08-02 06:45:44.810843,519.189157
experiment,ECOR,sim2,template1,409457,2023-08-02 06:54:53,0.3349212377570322,-0.3956217301922243,0.9554740875559432,0.9554740875559432,-0.3956217301922243,clean,,,2023-08-02 06:54:53,2023-08-02 06:45:44.810843,548.189157
experiment,ECOR,sim2,template2,409475,2023-08-02 06:55:11,0.3311837430767348,-0.4594742561844319,0.9484758713791998,0.9484758713791998,-0.4594742561844319,clean,,,2023-08-02 06:55:11,2023-08-02 06:45:44.810843,566.189157
experiment,EC10,sim4,template1,346093,2023-08-02 06:55:27,0.4489750537953594,-0.9973543308407302,0.8915224490974255,0.8915224490974255,-0.9973543308407302,clean,,,2023-08-02 06:55:27,2023-08-02 06:45:44.810843,582.189157
experiment,EMAS,sim2,template1,416156,2023-08-02 09:35:19,0.2056971048252305,-0.7351513450846541,0.9188453730748302,0.9188453730748302,-0.7351513450846541,clean,,,2023-08-02 09:35:19,2023-08-02 09:44:30.764850,-551.76485
experiment,ECOR,sim1,template3,416184,2023-08-02 09:35:47,0.2914112616728466,-3.4601142994129623,0.6714200175133475,0.6714200175133475,-3.4601142994129623,clean,,,2023-08-02 09:35:47,2023-08-02 09:44:30.764850,-523.76485
experiment,ECIT,sim2,template2,416219,2023-08-02 09:36:22,0.217442380102397,-1.940858813459784,0.7997551756617161,0.7997551756617161,-1.940858813459784,clean,,,2023-08-02 09:36:22,2023-08-02 09:44:30.764850,-488.76485
experiment,ECOR,sim1,template1,416270,2023-08-02 09:37:13,0.4228277069051439,-3.425669329906034,0.6740879030431625,0.6740879030431625,-3.425669329906034,clean,,,2023-08-02 09:37:13,2023-08-02 09:44:30.764850,-437.76485
experiment,ECOR,sim2,template2,416470,2023-08-02 10:31:30,0.2836412224217974,-4.249540087844444,0.6130882539110571,0.6130882539110571,-4.249540087844444,clean,,,2023-08-02 10:31:30,2023-08-02 10:23:56.448245,453.551755
experiment,EC10,sim4,template1,353178,2023-08-02 10:33:16,0.2026814438961222,1.4966748529886411,1.1880473300752463,1.1880473300752463,1.4966748529886411,clean,,,2023-08-02 10:33:16,2023-08-02 10:23:56.448245,559.551755
experiment,ECOR,sim3,template2,417582,2023-08-02 11:41:15,0.2729609123907707,-3.337241185431683,0.6809856191803697,0.6809856191803697,-3.337241185431683,clean,,,2023-08-02 11:41:15,2023-08-02 11:33:52.417438,442.582562
experiment,ECOR,sim1,template3,417643,2023-08-02 11:42:16,0.301344750624764,-3.497866642527865,0.6685080909190686,0.6685080909190686,-3.497866642527865,clean,,,2023-08-02 11:42:16,2023-08-02 11:33:52.417438,503.582562
experiment,EC1,sim1,template2,417677,2023-08-02 11:42:50,0.2765295660580339,2.20920280280113,1.2896151906570803,1.2896151906570803,2.20920280280113,clean,,,2023-08-02 11:42:50,2023-08-02 11:33:52.417438,537.582562
experiment,ECOR,sim3,template1,417684,2023-08-02 11:42:57,0.3314680924389443,-3.485400377202355,0.6694682438694617,0.6694682438694617,-3.485400377202355,clean,,,2023-08-02 11:42:57,2023-08-02 11:33:52.417438,544.582562
experiment,ECIT,sim4,template1,419692,2023-08-02 12:36:25,0.4239180750216874,-0.607658327777848,0.9324318153937609,0.9324318153937609,-0.607658327777848,clean,,,2023-08-02 12:36:25,2023-08-02 12:45:51.028383,-566.028383
experiment,EC10,sim1,template3,356311,2023-08-02 12:36:42,0.338128286983218,2.7524866185024988,1.372853928857613,1.372853928857613,2.7524866185024988,clean,,,2023-08-02 12:36:42,2023-08-02 12:45:51.028383,-549.028383
experiment,ECOR,sim4,template2,419711,2023-08-02 12:36:44,0.2100976656081978,-1.525951999319728,0.8388849442432732,0.8388849442432732,-1.525951999319728,clean,,,2023-08-02 12:36:44,2023-08-02 12:45:51.028383,-547.028383
experiment,EMAS,sim4,template2,419730,2023-08-02 12:37:03,0.2346750671470317,-3.6966499533447736,0.653382506093266,0.653382506093266,-3.6966499533447736,clean,,,2023-08-02 12:37:03,2023-08-02 12:45:51.028383,-528.028383
experiment,ECIT,sim2,template3,419765,2023-08-02 12:37:38,0.269479235902362,-0.5882357215237656,0.9345191685757,0.9345191685757,-0.5882357215237656,clean,,,2023-08-02 12:37:38,2023-08-02 12:45:51.028383,-493.028383
experiment,ECIT,sim4,template3,419977,2023-08-02 12:55:10,0.2745064229362647,-0.5005472987991728,0.9440013927870912,0.9440013927870912,-0.5005472987991728,clean,,,2023-08-02 12:55:10,2023-08-02 13:02:27.215783,-437.215783
experiment,ECIT,sim3,template1,420083,2023-08-02 13:10:56,0.3410949758347659,-0.6617357049860518,0.9266446330891798,0.9266446330891798,-0.6617357049860518,clean,,,2023-08-02 13:10:56,2023-08-02 13:02:27.215783,508.784217
experiment,ECOR,sim4,template3,420113,2023-08-02 13:11:26,0.3922938979429258,-0.815092314926547,0.9104275353932776,0.9104275353932776,-0.815092314926547,clean,,,2023-08-02 13:11:26,2023-08-02 13:02:27.215783,538.784217
experiment,ECIT,sim3,template2,420136,2023-08-02 13:11:49,0.3835106222417289,-0.9186068683230616,0.899641863707881,0.899641863707881,-0.9186068683230616,clean,,,2023-08-02 13:11:49,2023-08-02 13:21:07.376943,-558.376943
experiment,ECOR,sim4,template1,420179,2023-08-02 13:12:32,0.4738277363452456,-0.7280735864189352,0.9195944058681896,0.9195944058681896,-0.7280735864189352,clean,,,2023-08-02 13:12:32,2023-08-02 13:21:07.376943,-515.376943
experiment,EC10,sim4,template3,356815,2023-08-02 13:13:06,0.4155858171198286,2.6830317638944723,1.361919970484018,1.361919970484018,2.6830317638944723,clean,,,2023-08-02 13:13:06,2023-08-02 13:21:07.376943,-481.376943
experiment,ECOR,sim3,template1,420216,2023-08-02 13:13:09,0.3212166878894859,-0.8007819730459877,0.91192873656366,0.91192873656366,-0.8007819730459877,clean,,,2023-08-02 13:13:09,2023-08-02 13:21:07.376943,-478.376943
experiment,EC1,sim1,template3,420323,2023-08-02 13:28:56,0.3928397657699331,0.3450107609124539,1.0405202534239264,1.0405202534239264,0.3450107609124539,clean,,,2023-08-02 13:28:56,2023-08-02 13:21:07.376943,468.623057
experiment,ECOR,sim1,template2,420349,2023-08-02 13:29:22,0.2541134966831528,-0.6128822426498635,0.931871195794713,0.931871195794713,-0.6128822426498635,clean,,,2023-08-02 13:29:22,2023-08-02 13:21:07.376943,494.623057
experiment,ECIT,sim4,template2,420361,2023-08-02 13:29:34,0.3890746587260155,-0.946544253621221,0.8967528948547987,0.8967528948547987,-0.946544253621221,clean,,,2023-08-02 13:29:34,2023-08-02 13:21:07.376943,506.623057
experiment,ECIT,sim1,template3,420404,2023-08-02 13:30:17,0.2187140723635204,-1.008673050635322,0.8903614487547635,0.8903614487547635,-1.008673050635322,clean,,,2023-08-02 13:30:17,2023-08-02 13:21:07.376943,549.623057
experiment,ECOR,sim1,template3,420427,2023-08-02 13:30:40,0.2758351646559983,-0.7354369204395292,0.9188151637018268,0.9188151637018268,-0.7354369204395292,clean,,,2023-08-02 13:30:40,2023-08-02 13:21:07.376943,572.623057
experiment,ECOR,sim1,template1,420427,2023-08-02 13:30:40,0.3380257808752338,-0.7345603966098966,0.9189078892667344,0.9189078892667344,-0.7345603966098966,clean,,,2023-08-02 13:30:40,2023-08-02 13:21:07.376943,572.623057
experiment,ECIT,sim3,template3,420444,2023-08-02 13:30:57,0.3738133041049962,-1.0048083244224078,0.8907576970392999,0.8907576970392999,-1.0048083244224078,clean,,,2023-08-02 13:30:57,2023-08-02 13:21:07.376943,589.623057
experiment,EMAS,sim2,template1,420865,2023-08-02 13:37:58,0.3459771930968496,-4.155414566997133,0.6197681751838753,0.6197681751838753,-4.155414566997133,clean,,,2023-08-02 13:37:58,2023-08-02 13:47:45.853780,-587.85378
experiment,ECOR,sim4,template2,420874,2023-08-02 13:38:07,0.4556498518306208,-1.0565059789992512,0.8854717316288944,0.8854717316288944,-1.0565059789992512,clean,,,2023-08-02 13:38:07,2023-08-02 13:47:45.853780,-578.85378
experiment,EMAS,sim2,template2,420876,2023-08-02 13:38:09,0.2477441412283401,-4.209928333796663,0.6158906107317879,0.6158906107317879,-4.209928333796663,clean,,,2023-08-02 13:38:09,2023-08-02 13:47:45.853780,-576.85378
experiment,ECIT,sim2,template2,420886,2023-08-02 13:38:19,0.3867675866279981,-0.0369844708034578,0.995751057848686,0.995751057848686,-0.0369844708034578,clean,,,2023-08-02 13:38:19,2023-08-02 13:47:45.853780,-566.85378
experiment,ECIT,sim2,template1,420913,2023-08-02 13:38:46,0.4284716297873427,0.0152012624177766,1.001751642348209,1.001751642348209,0.0152012624177766,clean,,,2023-08-02 13:38:46,2023-08-02 13:47:45.853780,-539.85378
experiment,EC10,sim2,template1,357674,2023-08-02 14:47:44,0.2216100848001216,1.8860902210553043,1.2425232130535384,1.2425232130535384,1.8860902210553043,clean,,,2023-08-02 14:47:44,2023-08-02 14:40:04.573352,459.426648
experiment,ECOR,sim3,template1,421259,2023-08-02 15:27:10,0.2600288423773432,-0.7370744557034412,0.9186419574472996,0.9186419574472996,-0.7370744557034412,clean,,,2023-08-02 15:27:10,2023-08-02 15:18:43.099208,506.900792
experiment,ECIT,sim2,template3,421263,2023-08-02 15:27:14,0.3743044049929282,0.7022020371511413,1.0842017448116334,1.0842017448116334,0.7022020371511413,clean,,,2023-08-02 15:27:14,2023-08-02 15:18:43.099208,510.900792
experiment,EC10,sim1,template1,357895,2023-08-02 15:27:44,0.2563780095175926,1.7176857800125,1.2186648613978892,1.2186648613978892,1.7176857800125,clean,,,2023-08-02 15:27:44,2023-08-02 15:18:43.099208,540.900792
experiment,ECIT,sim4,template3,421303,2023-08-02 15:27:54,0.3664765183709371,0.6646667778947675,1.0795265773545406,1.0795265773545406,0.6646667778947675,clean,,,2023-08-02 15:27:54,2023-08-02 15:18:43.099208,550.900792
experiment,EC10,sim2,template3,357907,2023-08-02 15:27:56,0.2542415772548757,1.7129804248738212,1.2180048601433902,1.2180048601433902,1.7129804248738212,clean,,,2023-08-02 15:27:56,2023-08-02 15:18:43.099208,552.900792
experiment,EMAS,sim1,template2,421324,2023-08-02 15:28:15,0.2895434923943163,-3.7358585261913695,0.6504397492082504,0.6504397492082504,-3.7358585261913695,clean,,,2023-08-02 15:28:15,2023-08-02 15:18:43.099208,571.900792
experiment,EC10,sim3,template1,357948,2023-08-02 15:28:37,0.2356128540140786,1.6666165882215935,1.211520673593211,1.211520673593211,1.6666165882215935,clean,,,2023-08-02 15:28:37,2023-08-02 15:18:43.099208,593.900792
experiment,ECOR,sim2,template2,421349,2023-08-02 15:28:40,0.2737197472191155,-0.833576203812983,0.9084921724951064,0.9084921724951064,-0.833576203812983,clean,,,2023-08-02 15:28:40,2023-08-02 15:18:43.099208,596.900792
experiment,EMAS,sim1,template2,422596,2023-08-02 15:49:27,0.2816412882032525,-2.764576987859658,0.7273964054855839,0.7273964054855839,-2.764576987859658,clean,,,2023-08-02 15:49:27,2023-08-02 15:59:04.872818,-577.872818
experiment,ECOR,sim4,template1,422700,2023-08-02 15:51:11,0.3306213130561178,0.6381482421281208,1.076235744853654,1.076235744853654,0.6381482421281208,clean,,,2023-08-02 15:51:11,2023-08-02 15:59:04.872818,-473.872818
experiment,ECOR,sim1,template3,422767,2023-08-02 16:06:18,0.4636953149720739,0.6232324557774794,1.0743891721227288,1.0743891721227288,0.6232324557774794,clean,,,2023-08-02 16:06:18,2023-08-02 15:59:04.872818,433.127182
experiment,EMAS,sim2,template1,422822,2023-08-02 16:07:13,0.212833456821131,-3.0665466528119496,0.7025426060113951,0.7025426060113951,-3.0665466528119496,clean,,,2023-08-02 16:07:13,2023-08-02 15:59:04.872818,488.127182
experiment,EMAS,sim3,template2,422920,2023-08-02 16:08:51,0.2128378386291544,-3.124682764750464,0.6978560722321067,0.6978560722321067,-3.124682764750464,clean,,,2023-08-02 16:08:51,2023-08-02 15:59:04.872818,586.127182
experiment,ECIT,sim1,template2,422920,2023-08-02 16:08:51,0.2007938780563729,0.5340376951621104,1.0634128031054924,1.0634128031054924,0.5340376951621104,clean,,,2023-08-02 16:08:51,2023-08-02 15:59:04.872818,586.127182
experiment,EC1,sim2,template1,422926,2023-08-02 16:08:57,0.2840700905636226,-0.2843157403230785,0.9677968695149975,0.9677968695149975,-0.2843157403230785,clean,,,2023-08-02 16:08:57,2023-08-02 15:59:04.872818,592.127182
experiment,EC10,sim4,template3,360768,2023-08-02 16:29:37,0.2098011097310622,0.6477427353527133,1.077425219063341,1.077425219063341,0.6477427353527133,clean,,,2023-08-02 16:29:37,2023-08-02 16:38:18.590093,-521.590093
experiment,EMAS,sim1,template2,424182,2023-08-02 16:29:53,0.3048694042694333,-2.9207199109710262,0.714437109063837,0.714437109063837,-2.9207199109710262,clean,,,2023-08-02 16:29:53,2023-08-02 16:38:18.590093,-505.590093
experiment,ECOR,sim4,template2,424214,2023-08-02 16:30:25,0.2214692229216864,1.3021893808379197,1.16174140754949,1.16174140754949,1.3021893808379197,clean,,,2023-08-02 16:30:25,2023-08-02 16:38:18.590093,-473.590093
experiment,ECOR,sim1,template3,424234,2023-08-02 16:30:45,0.2503522851095951,1.3269066791349655,1.1650520649444789,1.1650520649444789,1.3269066791349655,clean,,,2023-08-02 16:30:45,2023-08-02 16:38:18.590093,-453.590093
experiment,EMAS,sim1,template4,424280,2023-08-02 16:45:31,0.21850829315633,2.990953860081027,1.4110671873975713,1.4110671873975713,2.990953860081027,clean,,,2023-08-02 16:45:31,2023-08-02 16:38:18.590093,432.409907
experiment,EC10,sim4,template1,360895,2023-08-02 16:45:44,0.2482424306515837,0.7365574578785394,1.0884985952260968,1.0884985952260968,0.7365574578785394,clean,,,2023-08-02 16:45:44,2023-08-02 16:38:18.590093,445.409907
experiment,ECOR,sim3,template2,424321,2023-08-02 16:46:12,0.2455978382970293,1.1189918617212231,1.137495253399943,1.137495253399943,1.1189918617212231,clean,,,2023-08-02 16:46:12,2023-08-02 16:38:18.590093,473.409907
experiment,EC10,sim2,template2,360926,2023-08-02 16:46:15,0.2037524517064113,0.8120097156783173,1.097995311821239,1.097995311821239,0.8120097156783173,clean,,,2023-08-02 16:46:15,2023-08-02 16:38:18.590093,476.409907
experiment,ECIT,sim1,template2,424398,2023-08-02 16:47:29,0.2194369544573265,1.4181763472396212,1.1773587542899833,1.1773587542899833,1.4181763472396212,clean,,,2023-08-02 16:47:29,2023-08-02 16:38:18.590093,550.409907
experiment,ECIT,sim4,template2,424440,2023-08-02 16:48:11,0.232260828009157,1.6878021777738217,1.2144792774828927,1.2144792774828927,1.6878021777738217,clean,,,2023-08-02 16:48:11,2023-08-02 16:38:18.590093,592.409907
experiment,EC1,sim3,template3,427315,2023-08-02 18:12:33,0.3157922603785178,-0.2619178259964561,0.9702957043598756,0.9702957043598756,-0.2619178259964561,clean,,,2023-08-02 18:12:33,2023-08-02 18:22:17.633882,-584.633882
experiment,ECOR,sim4,template1,428096,2023-08-02 18:45:34,0.2094058214334307,2.382248858933069,1.3155654004200836,1.3155654004200836,2.382248858933069,clean,,,2023-08-02 18:45:34,2023-08-02 18:55:32.004980,-598.00498
experiment,EC1,sim2,template1,428162,2023-08-02 18:46:40,0.2789851727614739,0.7636926831137409,1.0919044455165872,1.0919044455165872,0.7636926831137409,clean,,,2023-08-02 18:46:40,2023-08-02 18:55:32.004980,-532.00498
experiment,EC10,sim4,template2,364775,2023-08-02 18:46:51,0.3176702652223728,-1.2239534121278617,0.8685650089950124,0.8685650089950124,-1.2239534121278617,clean,,,2023-08-02 18:46:51,2023-08-02 18:55:32.004980,-521.00498
experiment,EMAS,sim3,template1,428213,2023-08-02 18:47:31,0.3245192359017769,0.1151639678097419,1.013347028652649,1.013347028652649,0.1151639678097419,clean,,,2023-08-02 18:47:31,2023-08-02 18:55:32.004980,-481.00498
experiment,ECOR,sim2,template3,428219,2023-08-02 18:47:37,0.2068634674175572,2.37089504178464,1.3138468739844176,1.3138468739844176,2.37089504178464,clean,,,2023-08-02 18:47:37,2023-08-02 18:55:32.004980,-475.00498
experiment,EMAS,sim1,template3,428224,2023-08-02 18:47:42,0.2722971386863072,0.1588272630650372,1.018453870867666,1.018453870867666,0.1588272630650372,clean,,,2023-08-02 18:47:42,2023-08-02 18:55:32.004980,-470.00498
experiment,EC10,sim3,template2,364858,2023-08-02 18:48:14,0.275664572113259,-1.2851889726442165,0.8624631561428778,0.8624631561428778,-1.2851889726442165,clean,,,2023-08-02 18:48:14,2023-08-02 18:55:32.004980,-438.00498
experiment,EC1,sim1,template4,428289,2023-08-02 19:02:47,0.2341272149375654,0.8272941949811062,1.0999291449459785,1.0999291449459785,0.8272941949811062,clean,,,2023-08-02 19:02:47,2023-08-02 18:55:32.004980,434.99502
experiment,EC1,sim2,template2,428307,2023-08-02 19:03:05,0.3107449867691216,0.7056163917364778,1.0846280197278817,1.0846280197278817,0.7056163917364778,clean,,,2023-08-02 19:03:05,2023-08-02 18:55:32.004980,452.99502
experiment,EMAS,sim2,template1,428313,2023-08-02 19:03:11,0.2465273030848571,0.3414560573448814,1.0400945072472272,1.0400945072472272,0.3414560573448814,clean,,,2023-08-02 19:03:11,2023-08-02 18:55:32.004980,458.99502
experiment,EMAS,sim2,template2,428313,2023-08-02 19:03:11,0.2780278164278145,0.3414560573448814,1.0400945072472272,1.0400945072472272,0.3414560573448814,clean,,,2023-08-02 19:03:11,2023-08-02 18:55:32.004980,458.99502
experiment,EMAS,sim4,template1,434786,2023-08-02 21:11:04,0.4620626124563355,3.7191478947775294,1.5344664408214237,1.5344664408214237,3.7191478947775294,clean,,,2023-08-02 21:11:04,2023-08-02 21:21:01.905808,-597.905808
experiment,EMAS,sim1,template3,434786,2023-08-02 21:11:04,0.4668618032355254,3.718615450446676,1.534372381035922,1.534372381035922,3.718615450446676,clean,,,2023-08-02 21:11:04,2023-08-02 21:21:01.905808,-597.905808
experiment,EC1,sim4,template2,434804,2023-08-02 21:11:22,0.2903826354219888,-0.1278641867218493,0.9853869143282488,0.9853869143282488,-0.1278641867218493,clean,,,2023-08-02 21:11:22,2023-08-02 21:21:01.905808,-579.905808
experiment,ECIT,sim4,template3,434886,2023-08-02 21:12:44,0.429080066769009,-1.33082632892599,0.8579434907006106,0.8579434907006106,-1.33082632892599,clean,,,2023-08-02 21:12:44,2023-08-02 21:21:01.905808,-497.905808
experiment,EC1,sim3,template2,434894,2023-08-02 21:12:52,0.3226654671663662,-0.1850190952095678,0.9789241558177958,0.9789241558177958,-0.1850190952095678,clean,,,2023-08-02 21:12:52,2023-08-02 21:21:01.905808,-489.905808
experiment,EMAS,sim1,template2,434915,2023-08-02 21:13:13,0.3342295808774779,0.2430669572678067,1.0283793511803,1.0283793511803,0.2430669572678067,clean,,,2023-08-02 21:13:13,2023-08-02 21:21:01.905808,-468.905808
experiment,ECOR,sim3,template1,434930,2023-08-02 21:13:28,0.3481471920841402,-0.0194043908510789,0.99776848049433,0.99776848049433,-0.0194043908510789,clean,,,2023-08-02 21:13:28,2023-08-02 21:21:01.905808,-453.905808
experiment,ECOR,sim2,template1,434946,2023-08-02 21:13:44,0.2260622468716719,-0.0138480302061306,0.9984069568464594,0.9984069568464594,-0.0138480302061306,clean,,,2023-08-02 21:13:44,2023-08-02 21:21:01.905808,-437.905808
experiment,EMAS,sim2,template3,434954,2023-08-02 21:13:52,0.2483630600388224,-0.1009888385844214,0.9884405599779243,0.9884405599779243,-0.1009888385844214,clean,,,2023-08-02 21:13:52,2023-08-02 21:21:01.905808,-429.905808
experiment,ECIT,sim1,template3,437599,2023-08-02 23:32:22,0.2415879577556442,-1.5706640614545464,0.8345777399494414,0.8345777399494414,-1.5706640614545464,clean,,,2023-08-02 23:32:22,2023-08-02 23:42:18.362512,-596.362512
experiment,EC10,sim1,template3,374217,2023-08-02 23:32:38,0.3658855284173064,-1.011289554229994,0.8900932801297194,0.8900932801297194,-1.011289554229994,clean,,,2023-08-02 23:32:38,2023-08-02 23:42:18.362512,-580.362512
experiment,ECOR,sim2,template2,437679,2023-08-02 23:33:42,0.404477169148057,-1.9665128765563655,0.797396557071783,0.797396557071783,-1.9665128765563655,clean,,,2023-08-02 23:33:42,2023-08-02 23:42:18.362512,-516.362512
experiment,EC10,sim1,template1,374281,2023-08-02 23:33:42,0.2093116598543062,-1.0565753447127697,0.8854646602596082,0.8854646602596082,-1.0565753447127697,clean,,,2023-08-02 23:33:42,2023-08-02 23:42:18.362512,-516.362512
experiment,ECOR,sim4,template1,437690,2023-08-02 23:33:53,0.3738683286113941,-1.9746447330133932,0.7966503721438434,0.7966503721438434,-1.9746447330133932,clean,,,2023-08-02 23:33:53,2023-08-02 23:42:18.362512,-505.362512
experiment,EC1,sim3,template2,437699,2023-08-02 23:34:02,0.283355550335892,-1.3107889839637394,0.8599249519414379,0.8599249519414379,-1.3107889839637394,clean,,,2023-08-02 23:34:02,2023-08-02 23:42:18.362512,-496.362512
experiment,ECIT,sim4,template2,437706,2023-08-02 23:34:09,0.2105073098049686,-1.44690148029279,0.8465545065618618,0.8465545065618618,-1.44690148029279,clean,,,2023-08-02 23:34:09,2023-08-02 23:42:18.362512,-489.362512
experiment,EMAS,sim2,template2,437774,2023-08-02 23:35:17,0.2517317875823756,-2.8287315487243028,0.722043599488952,0.722043599488952,-2.8287315487243028,clean,,,2023-08-02 23:35:17,2023-08-02 23:42:18.362512,-421.362512
experiment,ECIT,sim3,template3,437778,2023-08-02 23:49:21,0.2245723296580595,-1.4229610718027883,0.8488910336650579,0.8488910336650579,-1.4229610718027883,clean,,,2023-08-02 23:49:21,2023-08-02 23:42:18.362512,422.637488
experiment,EMAS,sim3,template1,437781,2023-08-02 23:49:24,0.2580630917088863,-2.832388483983148,0.7217396685111883,0.7217396685111883,-2.832388483983148,clean,,,2023-08-02 23:49:24,2023-08-02 23:42:18.362512,425.637488
experiment,EMAS,sim2,template1,437783,2023-08-02 23:49:26,0.2312143628580139,-2.835096731142484,0.7215146662613582,0.7215146662613582,-2.835096731142484,clean,,,2023-08-02 23:49:26,2023-08-02 23:42:18.362512,427.637488
experiment,EC1,sim2,template3,437875,2023-08-02 23:50:58,0.2175085307669421,-1.41992439422284,0.8491878667062366,0.8491878667062366,-1.41992439422284,clean,,,2023-08-02 23:50:58,2023-08-02 23:42:18.362512,519.637488
experiment,EC10,sim4,template2,374486,2023-08-02 23:51:07,0.2486816335757315,-1.080444895513487,0.8830346697927339,0.8830346697927339,-1.080444895513487,clean,,,2023-08-02 23:51:07,2023-08-02 23:42:18.362512,528.637488
experiment,EC10,sim2,template1,374542,2023-08-02 23:52:03,0.3432725377365368,-1.151102790303958,0.8758805057838038,0.8758805057838038,-1.151102790303958,clean,,,2023-08-02 23:52:03,2023-08-02 23:42:18.362512,584.637488
